<?xml version="1.0" encoding="UTF-8" ?>
<!DOCTYPE ldml SYSTEM "http://www.unicode.org/cldr/dtd/1.1/ldml.dtd">
<ldml>
	<identity>
		<version number="1.1"/>
		<generation date="2004-06-04" />
		<language type="ar" /> 
		<territory type="MA" /> 
	</identity>
	<layout>
		<orientation lines="top-to-bottom" characters="right-to-left" />
	</layout>
	<numbers>
		<symbols>
			<decimal>٫</decimal>
			<group>٬</group>
			<list>;</list>
			<percentSign>٪</percentSign>
			<nativeZeroDigit>0</nativeZeroDigit>
			<patternDigit>#</patternDigit>
			<plusSign>+</plusSign>
			<minusSign>-</minusSign>
			<exponential>E</exponential>
			<perMille>‰</perMille>
			<infinity>∞</infinity>
			<nan>�</nan>
		</symbols>
	</numbers>
</ldml>
