<?xml version="1.0" encoding="UTF-8" ?>
<!DOCTYPE ldml SYSTEM "http://www.unicode.org/cldr/dtd/1.1/ldml.dtd">
<ldml>
	<identity>
		<version number="1.1"/>
		<generation date="2004-06-04" />
		<language type="cs" /> 
	</identity>
	<localeDisplayNames>
		<languages>
			<language type="aa">Afarština</language>
			<language type="ab">Abcházština</language>
			<language type="af">Afrikánština</language>
			<language type="am">Amharština</language>
			<language type="ar">Arabština</language>
			<language type="as">Assaméština</language>
			<language type="ay">Aymárština</language>
			<language type="az">Azerbajdžánština</language>
			<language type="ba">Baskirština</language>
			<language type="be">Běloruština</language>
			<language type="bg">Bulharština</language>
			<language type="bh">Biharština</language>
			<language type="bi">Bislámština</language>
			<language type="bn">Bengálština</language>
			<language type="bo">Tibetština</language>
			<language type="br">Bretaňština</language>
			<language type="ca">Katalánština</language>
			<language type="co">Korsičtina</language>
			<language type="cs">Čeština</language>
			<language type="cy">Velština</language>
			<language type="da">Dánština</language>
			<language type="de">Němčina</language>
			<language type="dz">Bhútánština</language>
			<language type="el">Řečtina</language>
			<language type="en">Angličtina</language>
			<language type="eo">Esperanto</language>
			<language type="es">Španělština</language>
			<language type="et">Estonština</language>
			<language type="eu">Baskičtina</language>
			<language type="fa">Perština</language>
			<language type="fi">Finština</language>
			<language type="fj">Fidži</language>
			<language type="fo">Faerština</language>
			<language type="fr">Francouzština</language>
			<language type="fy">Fríština</language>
			<language type="ga">Irština</language>
			<language type="gd">Skotská galština</language>
			<language type="gl">Haličština</language>
			<language type="gn">Guaranština</language>
			<language type="gu">Gujaratština</language>
			<language type="ha">Hausa</language>
			<language type="he">Hebrejština</language>
			<language type="hi">Hindština</language>
			<language type="hr">Chorvatština</language>
			<language type="hu">Maďarština</language>
			<language type="hy">Arménština</language>
			<language type="ia">Interlingua</language>
			<language type="id">Indonéština</language>
			<language type="ie">Interlingue</language>
			<language type="ik">Inupiakština</language>
			<language type="is">Islandština</language>
			<language type="it">Italština</language>
			<language type="iu">Inuktitutština</language>
			<language type="ja">Japonština</language>
			<language type="jv">Javánština</language>
			<language type="ka">Gruzínština</language>
			<language type="kk">Kazachština</language>
			<language type="kl">Grónština</language>
			<language type="km">Kambodžština</language>
			<language type="kn">Kannadština</language>
			<language type="ko">Korejština</language>
			<language type="ks">Kašmírština</language>
			<language type="ku">Kurdština</language>
			<language type="ky">Kirgizština</language>
			<language type="la">Latina</language>
			<language type="ln">Lingalština</language>
			<language type="lo">Laoština</language>
			<language type="lt">Litevština</language>
			<language type="lv">Lotyština</language>
			<language type="mg">Malgaština</language>
			<language type="mi">Maorština</language>
			<language type="mk">Makedonština</language>
			<language type="ml">Malabarština</language>
			<language type="mn">Mongolština</language>
			<language type="mo">Moldavština</language>
			<language type="mr">Marathi</language>
			<language type="ms">Malajština</language>
			<language type="mt">Maltština</language>
			<language type="my">Barmština</language>
			<language type="na">Nauru</language>
			<language type="ne">Nepálština</language>
			<language type="nl">Holandština</language>
			<language type="no">Norština</language>
			<language type="oc">Occitan</language>
			<language type="om">Oromo (Afan)</language>
			<language type="or">Oriya</language>
			<language type="pa">Paňdžábština</language>
			<language type="pl">Polština</language>
			<language type="ps">Pashto (Pushto)</language>
			<language type="pt">Portugalština</language>
			<language type="qu">Kečuánština</language>
			<language type="rm">Rétorománština</language>
			<language type="rn">Kirundi</language>
			<language type="ro">Rumunština</language>
			<language type="ru">Ruština</language>
			<language type="rw">Kinyarwandština</language>
			<language type="sa">Sanskrt</language>
			<language type="sd">Sindhi</language>
			<language type="sg">Sangho</language>
			<language type="sh">Srbochorvatština</language>
			<language type="si">Sinhálština</language>
			<language type="sk">Slovenština</language>
			<language type="sl">Slovinština</language>
			<language type="sm">Samoyština</language>
			<language type="sn">Shona</language>
			<language type="so">Somálština</language>
			<language type="sq">Albánština</language>
			<language type="sr">Srbština</language>
			<language type="ss">Siswatština</language>
			<language type="st">Sesotho</language>
			<language type="su">Sundanština</language>
			<language type="sv">Švédština</language>
			<language type="sw">Svahilština</language>
			<language type="ta">Tamilština</language>
			<language type="te">Telugština</language>
			<language type="tg">Tádžičtina</language>
			<language type="th">Thajština</language>
			<language type="ti">Tigrinijština</language>
			<language type="tk">Turkmenština</language>
			<language type="tl">Tagalog</language>
			<language type="tn">Setswanština</language>
			<language type="to">Tonga</language>
			<language type="tr">Turečtina</language>
			<language type="ts">Tsonga</language>
			<language type="tt">Tatarština</language>
			<language type="tw">Twi</language>
			<language type="ug">Uighurština</language>
			<language type="uk">Ukrajinština</language>
			<language type="ur">Urdština</language>
			<language type="uz">Uzbečtina</language>
			<language type="vi">Vietnamština</language>
			<language type="vo">Volapuk</language>
			<language type="wo">Wolof</language>
			<language type="xh">Xhosa</language>
			<language type="yi">Jidiš</language>
			<language type="yo">Yoruba</language>
			<language type="za">Zhuang</language>
			<language type="zh">Čínština</language>
			<language type="zu">Zulu</language>
		</languages>
		<territories>
			<territory type="AD">Andorra</territory>
			<territory type="AE">Spojené arabské emiráty</territory>
			<territory type="AF">Afghánistán</territory>
			<territory type="AG">Antigua a Barbuda</territory>
			<territory type="AI">Anguila</territory>
			<territory type="AL">Albánie</territory>
			<territory type="AM">Arménie</territory>
			<territory type="AN">Nizozemské Antily</territory>
			<territory type="AO">Angola</territory>
			<territory type="AQ">Antarktida</territory>
			<territory type="AR">Argentina</territory>
			<territory type="AS">Americká Samoa</territory>
			<territory type="AT">Rakousko</territory>
			<territory type="AU">Austrálie</territory>
			<territory type="AW">Aruba</territory>
			<territory type="AZ">Ázerbájdžán</territory>
			<territory type="BA">Bosna a Hercegovina</territory>
			<territory type="BB">Barbados</territory>
			<territory type="BD">Bangladéš</territory>
			<territory type="BE">Belgie</territory>
			<territory type="BF">Burkina Faso</territory>
			<territory type="BG">Bulharsko</territory>
			<territory type="BH">Bahrajn</territory>
			<territory type="BI">Burundi</territory>
			<territory type="BJ">Benin</territory>
			<territory type="BM">Bermudy</territory>
			<territory type="BN">Brunej Darussalam</territory>
			<territory type="BO">Bolívie</territory>
			<territory type="BR">Brazílie</territory>
			<territory type="BS">Bahamy</territory>
			<territory type="BT">Bhútán</territory>
			<territory type="BV">Ostrov Bouvet</territory>
			<territory type="BW">Botswana</territory>
			<territory type="BY">Bělorusko</territory>
			<territory type="BZ">Belize</territory>
			<territory type="CA">Kanada</territory>
			<territory type="CC">Kokosové ostrovy</territory>
			<territory type="CD">Kongo, demokratická republika</territory>
			<territory type="CF">Středoafrická republika</territory>
			<territory type="CG">Kongo</territory>
			<territory type="CH">Švýcarsko</territory>
			<territory type="CI">Pobřeží slonoviny</territory>
			<territory type="CK">Cookovy ostrovy</territory>
			<territory type="CL">Chile</territory>
			<territory type="CM">Kamerun</territory>
			<territory type="CN">Čína</territory>
			<territory type="CO">Kolumbie</territory>
			<territory type="CR">Kostarika</territory>
			<territory type="CU">Kuba</territory>
			<territory type="CV">Kapverdy</territory>
			<territory type="CX">Vánoční ostrovy</territory>
			<territory type="CY">Kypr</territory>
			<territory type="CZ">Česká republika</territory>
			<territory type="DE">Německo</territory>
			<territory type="DJ">Džibuti</territory>
			<territory type="DK">Dánsko</territory>
			<territory type="DM">Dominika</territory>
			<territory type="DO">Dominikánská republika</territory>
			<territory type="DZ">Alžírsko</territory>
			<territory type="EC">Ekvádor</territory>
			<territory type="EE">Estonsko</territory>
			<territory type="EG">Egypt</territory>
			<territory type="EH">Západní Sahara</territory>
			<territory type="ER">Eritrea</territory>
			<territory type="ES">Španělsko</territory>
			<territory type="ET">Etiopie</territory>
			<territory type="FI">Finsko</territory>
			<territory type="FJ">Fidži</territory>
			<territory type="FK">Falklandské ostrovy</territory>
			<territory type="FM">Mikronésie, federativní stát</territory>
			<territory type="FO">Faerské ostrovy</territory>
			<territory type="FR">Francie</territory>
			<territory type="Fallback">en</territory>
			<territory type="GA">Gabon</territory>
			<territory type="GB">Velká Británie</territory>
			<territory type="GD">Grenada</territory>
			<territory type="GE">Gruzie</territory>
			<territory type="GF">Francouzská Guyana</territory>
			<territory type="GH">Ghana</territory>
			<territory type="GI">Gibraltar</territory>
			<territory type="GL">Grónsko</territory>
			<territory type="GM">Gambie</territory>
			<territory type="GN">Guinea</territory>
			<territory type="GP">Guadeloupe</territory>
			<territory type="GQ">Rovníková Guinea</territory>
			<territory type="GR">Řecko</territory>
			<territory type="GS">Jižní Georgie a Jižní Sandwichovy ostrovy</territory>
			<territory type="GT">Guatemala</territory>
			<territory type="GU">Guam</territory>
			<territory type="GW">Guinea-Bissau</territory>
			<territory type="GY">Guyana</territory>
			<territory type="HK">Hongkong, zvláštní administrativní oblast Číny</territory>
			<territory type="HM">Ostrovy Heard a McDonald</territory>
			<territory type="HN">Honduras</territory>
			<territory type="HR">Chorvatsko</territory>
			<territory type="HT">Haiti</territory>
			<territory type="HU">Maďarsko</territory>
			<territory type="ID">Indonésie</territory>
			<territory type="IE">Irsko</territory>
			<territory type="IL">Izrael</territory>
			<territory type="IN">Indie</territory>
			<territory type="IO">Britské území v Indickém oceánu</territory>
			<territory type="IQ">Irák</territory>
			<territory type="IR">Írán</territory>
			<territory type="IS">Island</territory>
			<territory type="IT">Itálie</territory>
			<territory type="JM">Jamajka</territory>
			<territory type="JO">Jordánsko</territory>
			<territory type="JP">Japonsko</territory>
			<territory type="KE">Keňa</territory>
			<territory type="KG">Kyrgyzstán</territory>
			<territory type="KH">Kambodža</territory>
			<territory type="KI">Kiribati</territory>
			<territory type="KM">Komory</territory>
			<territory type="KN">Svatý Kitts a Nevis</territory>
			<territory type="KP">Severní Korea</territory>
			<territory type="KR">Jižní Korea</territory>
			<territory type="KW">Kuvajt</territory>
			<territory type="KY">Kajmanské ostrovy</territory>
			<territory type="KZ">Kazachstán</territory>
			<territory type="LA">Lidově demokratická republika Laos</territory>
			<territory type="LB">Libanon</territory>
			<territory type="LC">Svatá Lucie</territory>
			<territory type="LI">Lichtenštejnsko</territory>
			<territory type="LK">Srí Lanka</territory>
			<territory type="LR">Libérie</territory>
			<territory type="LS">Lesotho</territory>
			<territory type="LT">Litva</territory>
			<territory type="LU">Lucembursko</territory>
			<territory type="LV">Lotyšsko</territory>
			<territory type="LY">Libye</territory>
			<territory type="MA">Maroko</territory>
			<territory type="MC">Monako</territory>
			<territory type="MD">Moldavsko, republika</territory>
			<territory type="MG">Madagaskar</territory>
			<territory type="MH">Marshallovy ostrovy</territory>
			<territory type="MK">Macedonia</territory>
			<territory type="ML">Mali</territory>
			<territory type="MM">Myanmar (Burma)</territory>
			<territory type="MN">Mongolsko</territory>
			<territory type="MO">Macao S.A.R., China</territory>
			<territory type="MP">Severní Mariany</territory>
			<territory type="MQ">Martinik</territory>
			<territory type="MR">Mauritánie</territory>
			<territory type="MS">Montserrat</territory>
			<territory type="MT">Malta</territory>
			<territory type="MU">Mauricius</territory>
			<territory type="MV">Maladivy</territory>
			<territory type="MW">Malawi</territory>
			<territory type="MX">Mexiko</territory>
			<territory type="MY">Malajsie</territory>
			<territory type="MZ">Mosambik</territory>
			<territory type="NA">Namibie</territory>
			<territory type="NC">Nová Kaledonie</territory>
			<territory type="NE">Niger</territory>
			<territory type="NF">Norfolk</territory>
			<territory type="NG">Nigérie</territory>
			<territory type="NI">Nikaragua</territory>
			<territory type="NL">Nizozemsko</territory>
			<territory type="NO">Norsko</territory>
			<territory type="NP">Nepál</territory>
			<territory type="NR">Nauru</territory>
			<territory type="NU">Niue</territory>
			<territory type="NZ">Nový Zéland</territory>
			<territory type="OM">Omán</territory>
			<territory type="PA">Panama</territory>
			<territory type="PE">Peru</territory>
			<territory type="PF">Francouzská Polynésie</territory>
			<territory type="PG">Papua-Nová Guinea</territory>
			<territory type="PH">Filipíny</territory>
			<territory type="PK">Pákistán</territory>
			<territory type="PL">Polsko</territory>
			<territory type="PM">Svatý Pierre a Miquelon</territory>
			<territory type="PN">Pitcairn</territory>
			<territory type="PR">Portoriko</territory>
			<territory type="PS">Palestinian Territory</territory>
			<territory type="PT">Portugalsko</territory>
			<territory type="PW">Palau</territory>
			<territory type="PY">Paraguay</territory>
			<territory type="QA">Katar</territory>
			<territory type="RE">Réunion</territory>
			<territory type="RO">Rumunsko</territory>
			<territory type="RU">Rusko</territory>
			<territory type="RW">Rwanda</territory>
			<territory type="SA">Saúdská Arábie</territory>
			<territory type="SB">Šalamounovy ostrovy</territory>
			<territory type="SC">Seychely</territory>
			<territory type="SD">Súdán</territory>
			<territory type="SE">Švédsko</territory>
			<territory type="SG">Singapur</territory>
			<territory type="SH">Svatá Helena</territory>
			<territory type="SI">Slovinsko</territory>
			<territory type="SJ">Svalbard a Jan Mayen</territory>
			<territory type="SK">Slovensko</territory>
			<territory type="SL">Sierra Leone</territory>
			<territory type="SM">San Marino</territory>
			<territory type="SN">Senegal</territory>
			<territory type="SO">Somálsko</territory>
			<territory type="SP">Serbia</territory>
			<territory type="SR">Surinam</territory>
			<territory type="ST">Svatý Tomáš</territory>
			<territory type="SV">El Salvador</territory>
			<territory type="SY">Sýrie</territory>
			<territory type="SZ">Svazijsko</territory>
			<territory type="TC">Ostrovy Caicos a Turks</territory>
			<territory type="TD">Čad</territory>
			<territory type="TF">Francouzská jižní teritoria</territory>
			<territory type="TG">Togo</territory>
			<territory type="TH">Thajsko</territory>
			<territory type="TJ">Tádžikistán</territory>
			<territory type="TK">Tokelau</territory>
			<territory type="TL">Východní Timor</territory>
			<territory type="TM">Turkmenistán</territory>
			<territory type="TN">Tunisko</territory>
			<territory type="TO">Tonga</territory>
			<territory type="TR">Turecko</territory>
			<territory type="TT">Trinidad a Tobago</territory>
			<territory type="TV">Tuvalu</territory>
			<territory type="TW">Tchaj-wan</territory>
			<territory type="TZ">Tanzanie</territory>
			<territory type="UA">Ukrajina</territory>
			<territory type="UG">Uganda</territory>
			<territory type="UM">Menší odlehlé ostrovy USA</territory>
			<territory type="US">Spojené státy</territory>
			<territory type="UY">Uruguay</territory>
			<territory type="UZ">Uzbekistán</territory>
			<territory type="VA">Svatý stolec</territory>
			<territory type="VC">Svatý Vincent a Grenadiny</territory>
			<territory type="VE">Venezuela</territory>
			<territory type="VG">Britské Panenské ostrovy</territory>
			<territory type="VI">Americké Panenské ostrovy</territory>
			<territory type="VN">Vietnam</territory>
			<territory type="VU">Vanuatu</territory>
			<territory type="WF">Wallis a Futuna</territory>
			<territory type="WS">Samoa</territory>
			<territory type="YE">Jemen</territory>
			<territory type="YT">Mayotte</territory>
			<territory type="YU">Jugoslávie</territory>
			<territory type="ZA">Jižní Afrika</territory>
			<territory type="ZM">Zambie</territory>
			<territory type="ZW">Zimbabwe</territory>
		</territories>
	</localeDisplayNames>
	<characters>
		<exemplarCharacters>[a-z ý á é í ó ú ě ů č ď ň ř š ť ž]</exemplarCharacters>
	</characters>
	<dates>
		<localizedPatternChars>GuMtkHmsSEDFwWahKzUeygAZ</localizedPatternChars>
		<calendars>
			<calendar type="gregorian">
				<months>
					<monthContext type="format">
						<monthWidth type="abbreviated">
							<month type="1">1.</month>
							<month type="2">2.</month>
							<month type="3">3.</month>
							<month type="4">4.</month>
							<month type="5">5.</month>
							<month type="6">6.</month>
							<month type="7">7.</month>
							<month type="8">8.</month>
							<month type="9">9.</month>
							<month type="10">10.</month>
							<month type="11">11.</month>
							<month type="12">12.</month>
						</monthWidth>
						<monthWidth type="narrow">
							<month type="1">l</month>
							<month type="2">ú</month>
							<month type="3">b</month>
							<month type="4">d</month>
							<month type="5">k</month>
							<month type="6">č</month>
							<month type="7">č</month>
							<month type="8">s</month>
							<month type="9">z</month>
							<month type="10">ř</month>
							<month type="11">l</month>
							<month type="12">p</month>
						</monthWidth>
						<monthWidth type="wide">
							<month type="1">ledna</month>
							<month type="2">února</month>
							<month type="3">března</month>
							<month type="4">dubna</month>
							<month type="5">května</month>
							<month type="6">června</month>
							<month type="7">července</month>
							<month type="8">srpna</month>
							<month type="9">září</month>
							<month type="10">října</month>
							<month type="11">listopadu</month>
							<month type="12">prosince</month>
						</monthWidth>
					</monthContext>
					<monthContext type="stand-alone">
						<monthWidth type="abbreviated">
							<month type="1">1.</month>
							<month type="2">2.</month>
							<month type="3">3.</month>
							<month type="4">4.</month>
							<month type="5">5.</month>
							<month type="6">6.</month>
							<month type="7">7.</month>
							<month type="8">8.</month>
							<month type="9">9.</month>
							<month type="10">10.</month>
							<month type="11">11.</month>
							<month type="12">12.</month>
						</monthWidth>
						<monthWidth type="narrow">
							<month type="1">l</month>
							<month type="2">ú</month>
							<month type="3">b</month>
							<month type="4">d</month>
							<month type="5">k</month>
							<month type="6">č</month>
							<month type="7">č</month>
							<month type="8">s</month>
							<month type="9">z</month>
							<month type="10">ř</month>
							<month type="11">l</month>
							<month type="12">p</month>
						</monthWidth>
						<monthWidth type="wide">
							<month type="1">Leden</month>
							<month type="2">Únor</month>
							<month type="3">Březen</month>
							<month type="4">Duben</month>
							<month type="5">Květen</month>
							<month type="6">Červen</month>
							<month type="7">Červenec</month>
							<month type="8">Srpen</month>
							<month type="9">Září</month>
							<month type="10">Říjen</month>
							<month type="11">Listopad</month>
							<month type="12">Prosinec</month>
						</monthWidth>
					</monthContext>
				</months>
				<days>
					<dayContext type="format">
						<dayWidth type="abbreviated">
							<day type="sun">ne</day>
							<day type="mon">po</day>
							<day type="tue">út</day>
							<day type="wed">st</day>
							<day type="thu">čt</day>
							<day type="fri">pá</day>
							<day type="sat">so</day>
						</dayWidth>
						<dayWidth type="wide">
							<day type="sun">neděle</day>
							<day type="mon">pondělí</day>
							<day type="tue">úterý</day>
							<day type="wed">středa</day>
							<day type="thu">čtvrtek</day>
							<day type="fri">pátek</day>
							<day type="sat">sobota</day>
						</dayWidth>
					</dayContext>
				</days>
				<week>
					<minDays count="1"/>
					<firstDay day="mon"/>
				</week>
				<am>dop.</am>
				<pm>odp.</pm>
				<eras>
					<eraAbbr>
						<era type="1">př.Kr.</era>
						<era type="2">po Kr.</era>
					</eraAbbr>
				</eras>
				<dateFormats>
					<default type="medium"/>
					<dateFormatLength type="full">
						<dateFormat >
							<pattern>EEEE, d. MMMM yyyy</pattern>
						</dateFormat>
					</dateFormatLength >
					<dateFormatLength type="long">
						<dateFormat >
							<pattern>d. MMMM yyyy</pattern>
						</dateFormat>
					</dateFormatLength >
					<dateFormatLength type="medium">
						<dateFormat >
							<pattern>d.M.yyyy</pattern>
						</dateFormat>
					</dateFormatLength >
					<dateFormatLength type="short">
						<dateFormat >
							<pattern>d.M.yy</pattern>
						</dateFormat>
					</dateFormatLength >
				</dateFormats>
				<timeFormats>
					<default type="medium"/>
					<timeFormatLength type="full">
						<timeFormat >
							<pattern>H:mm:ss z</pattern>
						</timeFormat>
					</timeFormatLength >
					<timeFormatLength type="long">
						<timeFormat >
							<pattern>H:mm:ss z</pattern>
						</timeFormat>
					</timeFormatLength >
					<timeFormatLength type="medium">
						<timeFormat >
							<pattern>H:mm:ss</pattern>
						</timeFormat>
					</timeFormatLength >
					<timeFormatLength type="short">
						<timeFormat >
							<pattern>H:mm</pattern>
						</timeFormat>
					</timeFormatLength >
				</timeFormats>
				<dateTimeFormats>
					<dateTimeFormatLength >
						<dateTimeFormat>
							<pattern>{1} {0}</pattern>
						</dateTimeFormat>
					</dateTimeFormatLength >
				</dateTimeFormats>
			</calendar>
		</calendars>
	</dates>
	<numbers>
		<symbols>
			<decimal>,</decimal>
			<group> </group>
			<list>;</list>
			<percentSign>%</percentSign>
			<nativeZeroDigit>0</nativeZeroDigit>
			<patternDigit>#</patternDigit>
			<plusSign>+</plusSign>
			<minusSign>-</minusSign>
			<exponential>E</exponential>
			<perMille>‰</perMille>
			<infinity>∞</infinity>
			<nan>�</nan>
		</symbols>
		<currencies>
			<currency type="CZK">
				<displayName>CZK</displayName>
				<symbol>Kč</symbol>
			</currency>
		</currencies>
	</numbers>
</ldml>
