<?xml version="1.0" encoding="UTF-8" ?>
<!DOCTYPE ldml SYSTEM "http://www.unicode.org/cldr/dtd/1.1/ldml.dtd">
<ldml>
	<identity>
		<version number="1.1"/>
		<generation date="2004-06-04" />
		<language type="de" /> 
	</identity>
	<localeDisplayNames>
		<languages>
			<language type="aa">Afar</language>
			<language type="ab">Abchasisch</language>
			<language type="ae">Avestisch</language>
			<language type="af">Afrikaans</language>
			<language type="ak">Akan</language>
			<language type="am">Amharisch</language>
			<language type="an">Aragonesisch</language>
			<language type="ar">Arabisch</language>
			<language type="as">Assamesisch</language>
			<language type="av">Awarisch</language>
			<language type="ay">Aymará-Sprache</language>
			<language type="az">Aserbaidschanisch</language>
			<language type="ba">Baschkirisch</language>
			<language type="be">Weißrussisch</language>
			<language type="bg">Bulgarisch</language>
			<language type="bh">Biharisch</language>
			<language type="bi">Bislama</language>
			<language type="bm">Bambara-Sprache</language>
			<language type="bn">Bengalisch</language>
			<language type="bo">Tibetisch</language>
			<language type="br">Bretonisch</language>
			<language type="bs">Bosnisch</language>
			<language type="ca">Katalanisch</language>
			<language type="ce">Tschetschenisch</language>
			<language type="ch">Chamorro-Sprache</language>
			<language type="chr">Cherokee</language>
			<language type="co">Korsisch</language>
			<language type="cr">Cree</language>
			<language type="cs">Tschechisch</language>
			<language type="cu">Kirchenslawisch</language>
			<language type="cv">Tschuwaschisch</language>
			<language type="cy">Kymrisch</language>
			<language type="da">Dänisch</language>
			<language type="de">Deutsch</language>
			<language type="dv">Maledivisch</language>
			<language type="dz">Bhutanisch</language>
			<language type="ee">Ewe-Sprache</language>
			<language type="el">Griechisch</language>
			<language type="en">Englisch</language>
			<language type="enm">Mittelenglisch</language>
			<language type="eo">Esperanto</language>
			<language type="es">Spanisch</language>
			<language type="et">Estnisch</language>
			<language type="eu">Baskisch</language>
			<language type="fa">Persisch</language>
			<language type="ff">Ful</language>
			<language type="fi">Finnisch</language>
			<language type="fj">Fidschianisch</language>
			<language type="fo">Färöisch</language>
			<language type="fr">Französisch</language>
			<language type="fy">Friesisch</language>
			<language type="ga">Irisch</language>
			<language type="gd">Schottisch-Gälisch</language>
			<language type="gez">Altäthiopisch</language>
			<language type="gl">Galizisch</language>
			<language type="gn">Guarani</language>
			<language type="gu">Gujarati</language>
			<language type="gv">Manx</language>
			<language type="ha">Hausa</language>
			<language type="haw">Hawaiianisch</language>
			<language type="he">Hebräisch</language>
			<language type="hi">Hindi</language>
			<language type="ho">Hiri-Motu</language>
			<language type="hr">Kroatisch</language>
			<language type="ht">Kreolisch</language>
			<language type="hu">Ungarisch</language>
			<language type="hy">Armenisch</language>
			<language type="hz">Herero-Sprache</language>
			<language type="ia">Interlingua</language>
			<language type="id">Indonesisch</language>
			<language type="ie">Interlingue</language>
			<language type="ig">Igbo-Sprache</language>
			<language type="ik">Inupiak</language>
			<language type="is">Isländisch</language>
			<language type="it">Italienisch</language>
			<language type="iu">Inukitut</language>
			<language type="ja">Japanisch</language>
			<language type="jv">Javanisch</language>
			<language type="ka">Georgisch</language>
			<language type="kg">Kongo</language>
			<language type="ki">Kikuyu-Sprache</language>
			<language type="kj">Kwanyama</language>
			<language type="kk">Kasachisch</language>
			<language type="kl">Grönländisch</language>
			<language type="km">Kambodschanisch</language>
			<language type="kn">Kannada</language>
			<language type="ko">Koreanisch</language>
			<language type="kok">Konkani</language>
			<language type="kr">Kanuri-Sprache</language>
			<language type="ks">Kaschmirisch</language>
			<language type="ku">Kurdisch</language>
			<language type="kv">Komi-Sprache</language>
			<language type="kw">Kornisch</language>
			<language type="ky">Kirgisisch</language>
			<language type="la">Latein</language>
			<language type="lb">Luxemburgisch</language>
			<language type="lg">Ganda-Sprache</language>
			<language type="li">Limburgisch</language>
			<language type="ln">Lingala</language>
			<language type="lo">Laotisch</language>
			<language type="lt">Litauisch</language>
			<language type="lu">Luba</language>
			<language type="lv">Lettisch</language>
			<language type="mg">Madagassisch</language>
			<language type="mh">Marschallesisch</language>
			<language type="mi">Maori</language>
			<language type="mk">Mazedonisch</language>
			<language type="ml">Malayalam</language>
			<language type="mn">Mongolisch</language>
			<language type="mo">Moldauisch</language>
			<language type="mr">Marathi</language>
			<language type="ms">Malaiisch</language>
			<language type="mt">Maltesisch</language>
			<language type="my">Birmanisch</language>
			<language type="na">Nauruisch</language>
			<language type="nb">Norwegisch Bokmål</language>
			<language type="nd">Ndebele-Sprache (Nord)</language>
			<language type="ne">Nepalesisch</language>
			<language type="ng">Ndonga</language>
			<language type="nl">Niederländisch</language>
			<language type="nn">Norwegisch Nynorsk</language>
			<language type="no">Norwegisch</language>
			<language type="nr">Ndebele-Sprache (Süd)</language>
			<language type="nv">Navajo-Sprache</language>
			<language type="ny">Chewa-Sprache</language>
			<language type="oc">Okzitanisch</language>
			<language type="oj">Ojibwa-Sprache</language>
			<language type="om">Oromo</language>
			<language type="or">Orija</language>
			<language type="os">Ossetisch</language>
			<language type="pa">Pandschabisch</language>
			<language type="pi">Pali</language>
			<language type="pl">Polnisch</language>
			<language type="ps">Afghanisch (Paschtu)</language>
			<language type="pt">Portugiesisch</language>
			<language type="qu">Quechua</language>
			<language type="rm">Rätoromanisch</language>
			<language type="rn">Rundi-Sprache</language>
			<language type="ro">Rumänisch</language>
			<language type="ru">Russisch</language>
			<language type="rw">Rwanda-Sprache</language>
			<language type="sa">Sanskrit</language>
			<language type="sc">Sardisch</language>
			<language type="sd">Sindhi</language>
			<language type="se">Nord-Samisch</language>
			<language type="sg">Sango</language>
			<language type="sh">Serbo-Kroatisch</language>
			<language type="si">Singhalesisch</language>
			<language type="sid">Sidamo</language>
			<language type="sk">Slowakisch</language>
			<language type="sl">Slowenisch</language>
			<language type="sm">Samoanisch</language>
			<language type="sn">Shona</language>
			<language type="so">Somali</language>
			<language type="sq">Albanisch</language>
			<language type="sr">Serbisch</language>
			<language type="ss">Swazi</language>
			<language type="st">Süd-Sotho-Sprache</language>
			<language type="su">Sudanesisch</language>
			<language type="sv">Schwedisch</language>
			<language type="sw">Suaheli</language>
			<language type="syr">Syrisch</language>
			<language type="ta">Tamilisch</language>
			<language type="te">Telugu</language>
			<language type="tg">Tadschikisch</language>
			<language type="th">Thai</language>
			<language type="ti">Tigrinja</language>
			<language type="tig">Tigre</language>
			<language type="tk">Turkmenisch</language>
			<language type="tl">Tagalog</language>
			<language type="tn">Tswana-Sprache</language>
			<language type="to">Tongaisch</language>
			<language type="tr">Türkisch</language>
			<language type="ts">Tsonga</language>
			<language type="tt">Tatarisch</language>
			<language type="tw">Twi</language>
			<language type="ty">Tahitisch</language>
			<language type="ug">Uigurisch</language>
			<language type="uk">Ukrainisch</language>
			<language type="ur">Urdu</language>
			<language type="uz">Usbekisch</language>
			<language type="ve">Venda-Sprache</language>
			<language type="vi">Vietnamesisch</language>
			<language type="vo">Volapük</language>
			<language type="wa">Wallonisch</language>
			<language type="wo">Wolof</language>
			<language type="xh">Xhosa</language>
			<language type="yi">Jiddisch</language>
			<language type="yo">Joruba</language>
			<language type="za">Zhuang</language>
			<language type="zap">Zapotekisch</language>
			<language type="zh">Chinesisch</language>
			<language type="zu">Zulu</language>
		</languages>
		<scripts>
			<script type="Arab">Arabisch</script>
			<script type="Armn">Armenisch</script>
			<script type="Beng">Bengalisch</script>
			<script type="Bopo">Bopomofo</script>
			<script type="Brai">Blindenschrift</script>
			<script type="Cher">Cherokee</script>
			<script type="Cprt">Zypriotisch</script>
			<script type="Cyrl">Kyrillisch</script>
			<script type="Deva">Devanagari</script>
			<script type="Ethi">Äthiopisch</script>
			<script type="Geor">Georgisch</script>
			<script type="Goth">Gotisch</script>
			<script type="Grek">Griechisch</script>
			<script type="Gujr">Gujarati</script>
			<script type="Guru">Gurmukhi</script>
			<script type="Hang">Hangul</script>
			<script type="Hani">Chinesisch</script>
			<script type="Hans">Vereinfachte Chinesische Schrift</script>
			<script type="Hant">Traditionelle Chinesische Schrift</script>
			<script type="Hebr">Hebräisch</script>
			<script type="Hira">Hiragana</script>
			<script type="Ital">Altitalisch</script>
			<script type="Kana">Katakana</script>
			<script type="Khmr">Khmer</script>
			<script type="Knda">Kannada</script>
			<script type="Laoo">Laotisch</script>
			<script type="Latn">Lateinisch</script>
			<script type="Limb">Limbu</script>
			<script type="Linb">Linear B</script>
			<script type="Mlym">Malaysisch</script>
			<script type="Mong">Mongolisch</script>
			<script type="Mymr">Burmesisch</script>
			<script type="Ogam">Ogham</script>
			<script type="Orya">Oriya</script>
			<script type="Osma">Osmanisch</script>
			<script type="Qaac">Koptisch</script>
			<script type="Qaai">Geerbter Schriftwert</script>
			<script type="Runr">Runenschrift</script>
			<script type="Sinh">Singhalesisch</script>
			<script type="Syrc">Syrisch</script>
			<script type="Taml">Tamilisch</script>
			<script type="Telu">Telugu</script>
			<script type="Tglg">Tagalog</script>
			<script type="Tibt">Tibetisch</script>
			<script type="Ugar">Ugaritisch</script>
			<script type="Yiii">Yi</script>
			<script type="Zyyy">Unbestimmt</script>
		</scripts>
		<territories>
			<territory type="AD">Andorra</territory>
			<territory type="AE">Vereinigte Arabische Emirate</territory>
			<territory type="AF">Afghanistan</territory>
			<territory type="AG">Antigua und Barbuda</territory>
			<territory type="AI">Anguilla</territory>
			<territory type="AL">Albanien</territory>
			<territory type="AM">Armenien</territory>
			<territory type="AN">Niederländische Antillen</territory>
			<territory type="AO">Angola</territory>
			<territory type="AQ">Antarktis</territory>
			<territory type="AR">Argentinien</territory>
			<territory type="AS">Amerikanisch-Samoa</territory>
			<territory type="AT">Österreich</territory>
			<territory type="AU">Australien</territory>
			<territory type="AW">Aruba</territory>
			<territory type="AZ">Aserbaidschan</territory>
			<territory type="BA">Bosnien und Herzegowina</territory>
			<territory type="BB">Barbados</territory>
			<territory type="BD">Bangladesch</territory>
			<territory type="BE">Belgien</territory>
			<territory type="BF">Burkina Faso</territory>
			<territory type="BG">Bulgarien</territory>
			<territory type="BH">Bahrain</territory>
			<territory type="BI">Burundi</territory>
			<territory type="BJ">Benin</territory>
			<territory type="BM">Bermuda</territory>
			<territory type="BN">Brunei Darussalam</territory>
			<territory type="BO">Bolivien</territory>
			<territory type="BR">Brasilien</territory>
			<territory type="BS">Bahamas</territory>
			<territory type="BT">Bhutan</territory>
			<territory type="BV">Bouvetinsel</territory>
			<territory type="BW">Botsuana</territory>
			<territory type="BY">Belarus</territory>
			<territory type="BZ">Belize</territory>
			<territory type="CA">Kanada</territory>
			<territory type="CC">Kokosinseln (Keeling)</territory>
			<territory type="CD">Demokratische Republik Kongo</territory>
			<territory type="CF">Zentralafrikanische Republik</territory>
			<territory type="CG">Kongo</territory>
			<territory type="CH">Schweiz</territory>
			<territory type="CI">Côte d’Ivoire</territory>
			<territory type="CK">Cookinseln</territory>
			<territory type="CL">Chile</territory>
			<territory type="CM">Kamerun</territory>
			<territory type="CN">China</territory>
			<territory type="CO">Kolumbien</territory>
			<territory type="CR">Costa Rica</territory>
			<territory type="CU">Kuba</territory>
			<territory type="CV">Kap Verde</territory>
			<territory type="CX">Weihnachtsinsel</territory>
			<territory type="CY">Zypern</territory>
			<territory type="CZ">Tschechische Republik</territory>
			<territory type="DE">Deutschland</territory>
			<territory type="DJ">Dschibuti</territory>
			<territory type="DK">Dänemark</territory>
			<territory type="DM">Dominica</territory>
			<territory type="DO">Dominikanische Republik</territory>
			<territory type="DZ">Algerien</territory>
			<territory type="EC">Ecuador</territory>
			<territory type="EE">Estland</territory>
			<territory type="EG">Ägypten</territory>
			<territory type="EH">Westsahara</territory>
			<territory type="ER">Eritrea</territory>
			<territory type="ES">Spanien</territory>
			<territory type="ET">Äthiopien</territory>
			<territory type="FI">Finnland</territory>
			<territory type="FJ">Fidschi</territory>
			<territory type="FK">Falklandinseln</territory>
			<territory type="FM">Mikronesien</territory>
			<territory type="FO">Färöer</territory>
			<territory type="FR">Frankreich</territory>
			<territory type="Fallback">en</territory>
			<territory type="GA">Gabun</territory>
			<territory type="GB">Vereinigtes Königreich</territory>
			<territory type="GD">Grenada</territory>
			<territory type="GE">Georgien</territory>
			<territory type="GF">Französisch-Guayana</territory>
			<territory type="GH">Ghana</territory>
			<territory type="GI">Gibraltar</territory>
			<territory type="GL">Grönland</territory>
			<territory type="GM">Gambia</territory>
			<territory type="GN">Guinea</territory>
			<territory type="GP">Guadeloupe</territory>
			<territory type="GQ">Äquatorialguinea</territory>
			<territory type="GR">Griechenland</territory>
			<territory type="GS">Südgeorgien und die Südlichen Sandwichinseln</territory>
			<territory type="GT">Guatemala</territory>
			<territory type="GU">Guam</territory>
			<territory type="GW">Guinea-Bissau</territory>
			<territory type="GY">Guyana</territory>
			<territory type="HK">Hong Kong S.A.R., China</territory>
			<territory type="HM">Heard und McDonaldinseln</territory>
			<territory type="HN">Honduras</territory>
			<territory type="HR">Kroatien</territory>
			<territory type="HT">Haiti</territory>
			<territory type="HU">Ungarn</territory>
			<territory type="ID">Indonesien</territory>
			<territory type="IE">Irland</territory>
			<territory type="IL">Israel</territory>
			<territory type="IN">Indien</territory>
			<territory type="IO">Britisches Territorium im Indischen Ozean</territory>
			<territory type="IQ">Irak</territory>
			<territory type="IR">Iran</territory>
			<territory type="IS">Island</territory>
			<territory type="IT">Italien</territory>
			<territory type="JM">Jamaika</territory>
			<territory type="JO">Jordanien</territory>
			<territory type="JP">Japan</territory>
			<territory type="KE">Kenia</territory>
			<territory type="KG">Kirgisistan</territory>
			<territory type="KH">Kambodscha</territory>
			<territory type="KI">Kiribati</territory>
			<territory type="KM">Komoren</territory>
			<territory type="KN">St. Kitts und Nevis</territory>
			<territory type="KP">Demokratische Volksrepublik Korea</territory>
			<territory type="KR">Republik Korea</territory>
			<territory type="KW">Kuwait</territory>
			<territory type="KY">Kaimaninseln</territory>
			<territory type="KZ">Kasachstan</territory>
			<territory type="LA">Laos</territory>
			<territory type="LB">Libanon</territory>
			<territory type="LC">St. Lucia</territory>
			<territory type="LI">Liechtenstein</territory>
			<territory type="LK">Sri Lanka</territory>
			<territory type="LR">Liberia</territory>
			<territory type="LS">Lesotho</territory>
			<territory type="LT">Litauen</territory>
			<territory type="LU">Luxemburg</territory>
			<territory type="LV">Lettland</territory>
			<territory type="LY">Libyen</territory>
			<territory type="MA">Marokko</territory>
			<territory type="MC">Monaco</territory>
			<territory type="MD">Republik Moldau</territory>
			<territory type="MG">Madagaskar</territory>
			<territory type="MH">Marshallinseln</territory>
			<territory type="MK">Mazedonien</territory>
			<territory type="ML">Mali</territory>
			<territory type="MM">Myanmar</territory>
			<territory type="MN">Mongolei</territory>
			<territory type="MO">Macau S.A.R., China</territory>
			<territory type="MP">Nördliche Marianen</territory>
			<territory type="MQ">Martinique</territory>
			<territory type="MR">Mauretanien</territory>
			<territory type="MS">Montserrat</territory>
			<territory type="MT">Malta</territory>
			<territory type="MU">Mauritius</territory>
			<territory type="MV">Malediven</territory>
			<territory type="MW">Malawi</territory>
			<territory type="MX">Mexiko</territory>
			<territory type="MY">Malaysia</territory>
			<territory type="MZ">Mosambik</territory>
			<territory type="NA">Namibia</territory>
			<territory type="NC">Neukaledonien</territory>
			<territory type="NE">Niger</territory>
			<territory type="NF">Norfolkinsel</territory>
			<territory type="NG">Nigeria</territory>
			<territory type="NI">Nicaragua</territory>
			<territory type="NL">Niederlande</territory>
			<territory type="NO">Norwegen</territory>
			<territory type="NP">Nepal</territory>
			<territory type="NR">Nauru</territory>
			<territory type="NU">Niue</territory>
			<territory type="NZ">Neuseeland</territory>
			<territory type="OM">Oman</territory>
			<territory type="PA">Panama</territory>
			<territory type="PE">Peru</territory>
			<territory type="PF">Französisch-Polynesien</territory>
			<territory type="PG">Papua-Neuguinea</territory>
			<territory type="PH">Philippinen</territory>
			<territory type="PK">Pakistan</territory>
			<territory type="PL">Polen</territory>
			<territory type="PM">St. Pierre und Miquelon</territory>
			<territory type="PN">Pitcairn</territory>
			<territory type="PR">Puerto Rico</territory>
			<territory type="PS">Palästinensische Gebiete</territory>
			<territory type="PT">Portugal</territory>
			<territory type="PW">Palau</territory>
			<territory type="PY">Paraguay</territory>
			<territory type="QA">Katar</territory>
			<territory type="RE">Réunion</territory>
			<territory type="RO">Rumänien</territory>
			<territory type="RU">Russische Föderation</territory>
			<territory type="RW">Ruanda</territory>
			<territory type="SA">Saudi-Arabien</territory>
			<territory type="SB">Salomonen</territory>
			<territory type="SC">Seychellen</territory>
			<territory type="SD">Sudan</territory>
			<territory type="SE">Schweden</territory>
			<territory type="SG">Singapur</territory>
			<territory type="SH">St. Helena</territory>
			<territory type="SI">Slowenien</territory>
			<territory type="SJ">Svalbard und Jan Mayen</territory>
			<territory type="SK">Slowakei</territory>
			<territory type="SL">Sierra Leone</territory>
			<territory type="SM">San Marino</territory>
			<territory type="SN">Senegal</territory>
			<territory type="SO">Somalia</territory>
			<territory type="SP">Serbien</territory>
			<territory type="SR">Suriname</territory>
			<territory type="ST">São Tomé und Príncipe</territory>
			<territory type="SV">El Salvador</territory>
			<territory type="SY">Syrien</territory>
			<territory type="SZ">Swasiland</territory>
			<territory type="TC">Turks- und Caicosinseln</territory>
			<territory type="TD">Tschad</territory>
			<territory type="TF">Französische Süd- und Antarktisgebiete</territory>
			<territory type="TG">Togo</territory>
			<territory type="TH">Thailand</territory>
			<territory type="TJ">Tadschikistan</territory>
			<territory type="TK">Tokelau</territory>
			<territory type="TL">Osttimor</territory>
			<territory type="TM">Turkmenistan</territory>
			<territory type="TN">Tunesien</territory>
			<territory type="TO">Tonga</territory>
			<territory type="TR">Türkei</territory>
			<territory type="TT">Trinidad und Tobago</territory>
			<territory type="TV">Tuvalu</territory>
			<territory type="TW">Taiwan</territory>
			<territory type="TZ">Tansania</territory>
			<territory type="UA">Ukraine</territory>
			<territory type="UG">Uganda</territory>
			<territory type="UM">Amerikanisch-Ozeanien</territory>
			<territory type="US">Vereinigte Staaten</territory>
			<territory type="UY">Uruguay</territory>
			<territory type="UZ">Usbekistan</territory>
			<territory type="VA">Vatikanstadt</territory>
			<territory type="VC">St. Vincent und die Grenadinen</territory>
			<territory type="VE">Venezuela</territory>
			<territory type="VG">Britische Jungferninseln</territory>
			<territory type="VI">Amerikanische Jungferninseln</territory>
			<territory type="VN">Vietnam</territory>
			<territory type="VU">Vanuatu</territory>
			<territory type="WF">Wallis und Futuna</territory>
			<territory type="WS">Samoa</territory>
			<territory type="YE">Jemen</territory>
			<territory type="YT">Mayotte</territory>
			<territory type="YU">Jugoslawien</territory>
			<territory type="ZA">Südafrika</territory>
			<territory type="ZM">Sambia</territory>
			<territory type="ZW">Simbabwe</territory>
		</territories>
		<variants>
			<variant type="Fallback">en</variant>
			<variant type="POSIX">Posix</variant>
			<variant type="REVISED">Revidiert</variant>
		</variants>
		<keys>
			<key type="calendar">Kalender</key>
			<key type="collation">Sortierung</key>
			<key type="currency">Währung</key>
		</keys>
		<types>
			<type type="buddhist" key="calendar">Buddhistischer Kalender</type>
			<type type="chinese" key="calendar">Chinesischer Kalender</type>
			<type type="gregorian" key="calendar">Gregorianischer Kalender</type>
			<type type="hebrew" key="calendar">Hebräischer Kalender</type>
			<type type="islamic" key="calendar">Islamischer Kalender</type>
			<type type="islamic-civil" key="calendar">Bürgerlicher islamischer Kalender</type>
			<type type="japanese" key="calendar">Japanischer Kalender</type>
			<type type="direct" key="collation">Direkte Sortierregeln</type>
			<type type="phonebook" key="collation">Telefonbuch-Sortierregeln</type>
			<type type="pinyin" key="collation">Pinyin-Sortierregeln</type>
			<type type="stroke" key="collation">Strichfolge</type>
			<type type="traditional" key="collation">Traditionelle Sortierregeln</type>
		</types>
	</localeDisplayNames>
	<characters>
		<exemplarCharacters>[a-z ä ö ü ß]</exemplarCharacters>
	</characters>
	<dates>
		<localizedPatternChars>GjMtkHmsSEDFwWahKzJeugAZ</localizedPatternChars>
		<calendars>
			<calendar type="gregorian">
				<months>
					<monthContext type="format">
						<monthWidth type="abbreviated">
							<month type="1">Jan</month>
							<month type="2">Feb</month>
							<month type="3">Mrz</month>
							<month type="4">Apr</month>
							<month type="5">Mai</month>
							<month type="6">Jun</month>
							<month type="7">Jul</month>
							<month type="8">Aug</month>
							<month type="9">Sep</month>
							<month type="10">Okt</month>
							<month type="11">Nov</month>
							<month type="12">Dez</month>
						</monthWidth>
						<monthWidth type="narrow">
							<month type="1">J</month>
							<month type="2">F</month>
							<month type="3">M</month>
							<month type="4">A</month>
							<month type="5">M</month>
							<month type="6">J</month>
							<month type="7">J</month>
							<month type="8">A</month>
							<month type="9">S</month>
							<month type="10">O</month>
							<month type="11">N</month>
							<month type="12">D</month>
						</monthWidth>
						<monthWidth type="wide">
							<month type="1">Januar</month>
							<month type="2">Februar</month>
							<month type="3">März</month>
							<month type="4">April</month>
							<month type="5">Mai</month>
							<month type="6">Juni</month>
							<month type="7">Juli</month>
							<month type="8">August</month>
							<month type="9">September</month>
							<month type="10">Oktober</month>
							<month type="11">November</month>
							<month type="12">Dezember</month>
						</monthWidth>
					</monthContext>
				</months>
				<days>
					<dayContext type="format">
						<dayWidth type="abbreviated">
							<day type="sun">So</day>
							<day type="mon">Mo</day>
							<day type="tue">Di</day>
							<day type="wed">Mi</day>
							<day type="thu">Do</day>
							<day type="fri">Fr</day>
							<day type="sat">Sa</day>
						</dayWidth>
						<dayWidth type="narrow">
							<day type="sun">S</day>
							<day type="mon">M</day>
							<day type="tue">D</day>
							<day type="wed">M</day>
							<day type="thu">D</day>
							<day type="fri">F</day>
							<day type="sat">S</day>
						</dayWidth>
						<dayWidth type="wide">
							<day type="sun">Sonntag</day>
							<day type="mon">Montag</day>
							<day type="tue">Dienstag</day>
							<day type="wed">Mittwoch</day>
							<day type="thu">Donnerstag</day>
							<day type="fri">Freitag</day>
							<day type="sat">Samstag</day>
						</dayWidth>
					</dayContext>
				</days>
				<week>
					<minDays count="4"/>
					<firstDay day="mon"/>
				</week>
				<am>vorm.</am>
				<pm>nachm.</pm>
				<eras>
					<eraAbbr>
						<era type="1">v. Chr.</era>
						<era type="2">n. Chr.</era>
					</eraAbbr>
				</eras>
				<dateFormats>
					<default type="medium"/>
					<dateFormatLength type="full">
						<dateFormat >
							<pattern>EEEE, d. MMMM yyyy</pattern>
						</dateFormat>
					</dateFormatLength >
					<dateFormatLength type="long">
						<dateFormat >
							<pattern>d. MMMM yyyy</pattern>
						</dateFormat>
					</dateFormatLength >
					<dateFormatLength type="medium">
						<dateFormat >
							<pattern>dd.MM.yyyy</pattern>
						</dateFormat>
					</dateFormatLength >
					<dateFormatLength type="short">
						<dateFormat >
							<pattern>dd.MM.yy</pattern>
						</dateFormat>
					</dateFormatLength >
				</dateFormats>
				<timeFormats>
					<default type="medium"/>
					<timeFormatLength type="full">
						<timeFormat >
							<pattern>H:mm' Uhr 'z</pattern>
						</timeFormat>
					</timeFormatLength >
					<timeFormatLength type="long">
						<timeFormat >
							<pattern>HH:mm:ss z</pattern>
						</timeFormat>
					</timeFormatLength >
					<timeFormatLength type="medium">
						<timeFormat >
							<pattern>HH:mm:ss</pattern>
						</timeFormat>
					</timeFormatLength >
					<timeFormatLength type="short">
						<timeFormat >
							<pattern>HH:mm</pattern>
						</timeFormat>
					</timeFormatLength >
				</timeFormats>
				<dateTimeFormats>
					<dateTimeFormatLength >
						<dateTimeFormat>
							<pattern>{1} {0}</pattern>
						</dateTimeFormat>
					</dateTimeFormatLength >
				</dateTimeFormats>
			</calendar>
		</calendars>
		<timeZoneNames>
			<zone type="Europe/Berlin">
				<long>
				<standard>Mitteleuropäische Zeit</standard>
				<daylight>Mitteleuropäische Sommerzeit</daylight>
				</long>
				<short>
					<standard>MEZ</standard>
					<daylight>MESZ</daylight>
				</short>
				<exemplarCity>Berlin</exemplarCity>
			</zone>
		</timeZoneNames>
	</dates>
	<numbers>
		<symbols>
			<decimal>,</decimal>
			<group>.</group>
			<list>;</list>
			<percentSign>%</percentSign>
			<nativeZeroDigit>0</nativeZeroDigit>
			<patternDigit>#</patternDigit>
			<plusSign>+</plusSign>
			<minusSign>-</minusSign>
			<exponential>E</exponential>
			<perMille>‰</perMille>
			<infinity>∞</infinity>
			<nan>�</nan>
		</symbols>
		<currencies>
			<currency type="ADD">
				<displayName>Andorranischer Diner</displayName>
				<symbol>ADD</symbol>
			</currency>
			<currency type="ADP">
				<displayName>Andorranische Pesete</displayName>
				<symbol>ADP</symbol>
			</currency>
			<currency type="AED">
				<displayName>UAE Dirham</displayName>
				<symbol>AED</symbol>
			</currency>
			<currency type="AFA">
				<displayName>Afghani</displayName>
				<symbol>AFA</symbol>
			</currency>
			<currency type="AFN">
				<displayName>Afghani</displayName>
				<symbol>Af</symbol>
			</currency>
			<currency type="AIF">
				<displayName>Afar und Issa Franc</displayName>
				<symbol>AIF</symbol>
			</currency>
			<currency type="ALK">
				<displayName>Albanischer Lek (1946-1961)</displayName>
				<symbol>ALK</symbol>
			</currency>
			<currency type="ALL">
				<displayName>Lek</displayName>
				<symbol>ALL</symbol>
			</currency>
			<currency type="ALV">
				<displayName>Albanischer Lek Valute</displayName>
				<symbol>ALV</symbol>
			</currency>
			<currency type="AMD">
				<displayName>Dram</displayName>
				<symbol>AMD</symbol>
			</currency>
			<currency type="ANG">
				<displayName>Niederl. Antillen Gulden</displayName>
				<symbol>ANG</symbol>
			</currency>
			<currency type="AOA">
				<displayName>Kwanza</displayName>
				<symbol>AOA</symbol>
			</currency>
			<currency type="AOK">
				<displayName>Angolanischer Kwanza (1977-1990)</displayName>
				<symbol>AOK</symbol>
			</currency>
			<currency type="AON">
				<displayName>Neuer Kwanza</displayName>
				<symbol>AON</symbol>
			</currency>
			<currency type="AOR">
				<displayName>Kwanza Reajustado</displayName>
				<symbol>AOR</symbol>
			</currency>
			<currency type="AOS">
				<displayName>Angolanischer Escudo</displayName>
				<symbol>AOS</symbol>
			</currency>
			<currency type="ARA">
				<displayName>Argentinischer Austral</displayName>
				<symbol>ARA</symbol>
			</currency>
			<currency type="ARM">
				<displayName>Argentinischer Peso Moneda Nacional</displayName>
				<symbol>ARM</symbol>
			</currency>
			<currency type="ARP">
				<displayName>Argentinischer Peso (1983-1985)</displayName>
				<symbol>ARP</symbol>
			</currency>
			<currency type="ARS">
				<displayName>Argentinischer Peso</displayName>
				<symbol>ARS</symbol>
			</currency>
			<currency type="ATS">
				<displayName>Österreichischer Schilling</displayName>
				<symbol>öS</symbol>
			</currency>
			<currency type="AUD">
				<displayName>Australischer Dollar</displayName>
				<symbol>AUD</symbol>
			</currency>
			<currency type="AUP">
				<displayName>Australisches Pfund</displayName>
				<symbol>AUP</symbol>
			</currency>
			<currency type="AWG">
				<displayName>Aruba Florin</displayName>
				<symbol>AWG</symbol>
			</currency>
			<currency type="AZM">
				<displayName>Aserbeidschan Manat</displayName>
				<symbol>AZM</symbol>
			</currency>
			<currency type="BAD">
				<displayName>Bosnien und Herzegowina Dinar</displayName>
				<symbol>BAD</symbol>
			</currency>
			<currency type="BAM">
				<displayName>Konvertierbare Mark</displayName>
				<symbol>BAM</symbol>
			</currency>
			<currency type="BAN">
				<displayName>Bosnien und Herzegowina Neuer Dinar</displayName>
				<symbol>BAN</symbol>
			</currency>
			<currency type="BBD">
				<displayName>Barbados-Dollar</displayName>
				<symbol>BBD</symbol>
			</currency>
			<currency type="BDT">
				<displayName>Taka</displayName>
				<symbol>BDT</symbol>
			</currency>
			<currency type="BEC">
				<displayName>Belgischer Franc (konvertibel)</displayName>
				<symbol>BEC</symbol>
			</currency>
			<currency type="BEF">
				<displayName>Belgischer Franc</displayName>
				<symbol>BEF</symbol>
			</currency>
			<currency type="BGL">
				<displayName>Lew</displayName>
				<symbol>BGL</symbol>
			</currency>
			<currency type="BGN">
				<displayName>Lew</displayName>
				<symbol>BGN</symbol>
			</currency>
			<currency type="BGO">
				<displayName>Lew (1879-1952)</displayName>
				<symbol>BGO</symbol>
			</currency>
			<currency type="BHD">
				<displayName>Bahrain-Dinar</displayName>
				<symbol>BHD</symbol>
			</currency>
			<currency type="BIF">
				<displayName>Burundi-Franc</displayName>
				<symbol>BIF</symbol>
			</currency>
			<currency type="BMD">
				<displayName>Bermuda-Dollar</displayName>
				<symbol>BMD</symbol>
			</currency>
			<currency type="BMP">
				<displayName>Bermuda-Pfund</displayName>
				<symbol>BMP</symbol>
			</currency>
			<currency type="BND">
				<displayName>Brunei-Dollar</displayName>
				<symbol>BND</symbol>
			</currency>
			<currency type="BOB">
				<displayName>Boliviano</displayName>
				<symbol>BOB</symbol>
			</currency>
			<currency type="BOL">
				<displayName>Boliviano (1863-1962)</displayName>
				<symbol>BOL</symbol>
			</currency>
			<currency type="BOP">
				<displayName>Bolivianischer Peso</displayName>
				<symbol>BOP</symbol>
			</currency>
			<currency type="BOV">
				<displayName>Mvdol</displayName>
				<symbol>BOV</symbol>
			</currency>
			<currency type="BRB">
				<displayName>Brasilianischer Cruzeiro Novo (1967-1986)</displayName>
				<symbol>BRB</symbol>
			</currency>
			<currency type="BRC">
				<displayName>Brasilianischer Cruzado</displayName>
				<symbol>BRC</symbol>
			</currency>
			<currency type="BRE">
				<displayName>Brasilianischer Cruzeiro (1990-1993)</displayName>
				<symbol>BRE</symbol>
			</currency>
			<currency type="BRL">
				<displayName>Real</displayName>
				<symbol>BRL</symbol>
			</currency>
			<currency type="BRN">
				<displayName>Brasilianischer Cruzado Novo</displayName>
				<symbol>BRN</symbol>
			</currency>
			<currency type="BRR">
				<displayName>Brasilianischer Cruzeiro</displayName>
				<symbol>BRR</symbol>
			</currency>
			<currency type="BRZ">
				<displayName>Brasilianischer Cruzeiro (1942-1967)</displayName>
				<symbol>BRZ</symbol>
			</currency>
			<currency type="BSD">
				<displayName>Bahama-Dollar</displayName>
				<symbol>BSD</symbol>
			</currency>
			<currency type="BSP">
				<displayName>Bahama-Pfund</displayName>
				<symbol>BSP</symbol>
			</currency>
			<currency type="BTN">
				<displayName>Ngultrum</displayName>
				<symbol>BTN</symbol>
			</currency>
			<currency type="BTR">
				<displayName>Bhutan Rupie</displayName>
				<symbol>BTR</symbol>
			</currency>
			<currency type="BUK">
				<displayName>Birmanischer Kyat</displayName>
				<symbol>BUK</symbol>
			</currency>
			<currency type="BUR">
				<displayName>Birmanische Rupie</displayName>
				<symbol>BUR</symbol>
			</currency>
			<currency type="BWP">
				<displayName>Pula</displayName>
				<symbol>BWP</symbol>
			</currency>
			<currency type="BYB">
				<displayName>Belarus Rubel (alt)</displayName>
				<symbol>BYB</symbol>
			</currency>
			<currency type="BYL">
				<displayName>Belarus Rubel (1992-1994)</displayName>
				<symbol>BYL</symbol>
			</currency>
			<currency type="BYR">
				<displayName>Belarus Rubel (neu)</displayName>
				<symbol>BYR</symbol>
			</currency>
			<currency type="BZD">
				<displayName>Belize-Dollar</displayName>
				<symbol>BZD</symbol>
			</currency>
			<currency type="CAD">
				<displayName>Kanadischer Dollar</displayName>
				<symbol>CAD</symbol>
			</currency>
			<currency type="CDF">
				<displayName>Franc congolais</displayName>
				<symbol>CDF</symbol>
			</currency>
			<currency type="CDG">
				<displayName>Republik Kongo Franc</displayName>
				<symbol>CDG</symbol>
			</currency>
			<currency type="CDL">
				<displayName>Kongolesische Zaire</displayName>
				<symbol>CDL</symbol>
			</currency>
			<currency type="CFF">
				<displayName>Zentralafrikanische Republik CFA Franc</displayName>
				<symbol>CFF</symbol>
			</currency>
			<currency type="CHF">
				<displayName>Schweizer Franken</displayName>
				<symbol>SFr.</symbol>
			</currency>
			<currency type="CLC">
				<displayName>Chilenischer Condor</displayName>
				<symbol>CLC</symbol>
			</currency>
			<currency type="CLE">
				<displayName>Chilenischer Escudo</displayName>
				<symbol>CLE</symbol>
			</currency>
			<currency type="CLF">
				<displayName>Unidades de Fomento</displayName>
				<symbol>CLF</symbol>
			</currency>
			<currency type="CLP">
				<displayName>Chilenischer Peso</displayName>
				<symbol>CLP</symbol>
			</currency>
			<currency type="CMF">
				<displayName>Kamerun CFA Franc</displayName>
				<symbol>CMF</symbol>
			</currency>
			<currency type="CNP">
				<displayName>Chinesischer Jen Min Piao Yuan</displayName>
				<symbol>CNP</symbol>
			</currency>
			<currency type="CNY">
				<displayName>Renminbi Yuan</displayName>
				<symbol>CNY</symbol>
			</currency>
			<currency type="COB">
				<displayName>Kolumbianischer Papier-Peso</displayName>
				<symbol>COB</symbol>
			</currency>
			<currency type="COF">
				<displayName>Kongo CFA Franc</displayName>
				<symbol>COF</symbol>
			</currency>
			<currency type="COP">
				<displayName>Kolumbianischer Peso</displayName>
				<symbol>COP</symbol>
			</currency>
			<currency type="CRC">
				<displayName>Costa Rica Colon</displayName>
				<symbol>CRC</symbol>
			</currency>
			<currency type="CSC">
				<displayName>Tschechoslowakische Krone</displayName>
				<symbol>CSC</symbol>
			</currency>
			<currency type="CUP">
				<displayName>Kubanischer Peso</displayName>
				<symbol>CUP</symbol>
			</currency>
			<currency type="CVE">
				<displayName>Kap Verde Escudo</displayName>
				<symbol>CVE</symbol>
			</currency>
			<currency type="CYP">
				<displayName>Zypern Pfund</displayName>
				<symbol>CYP</symbol>
			</currency>
			<currency type="CZK">
				<displayName>Tschechische Krone</displayName>
				<symbol>CZK</symbol>
			</currency>
			<currency type="DEM">
				<displayName>Deutsche Mark</displayName>
				<symbol>DM</symbol>
			</currency>
			<currency type="DES">
				<displayName>Sperrmark</displayName>
				<symbol>DES</symbol>
			</currency>
			<currency type="DJF">
				<displayName>Dschibuti-Franc</displayName>
				<symbol>DJF</symbol>
			</currency>
			<currency type="DKK">
				<displayName>Dänische Krone</displayName>
				<symbol>DKK</symbol>
			</currency>
			<currency type="DOP">
				<displayName>Dominikanischer Peso</displayName>
				<symbol>DOP</symbol>
			</currency>
			<currency type="DZD">
				<displayName>Algerischer Dinar</displayName>
				<symbol>DZD</symbol>
			</currency>
			<currency type="DZF">
				<displayName>Algerischer Neuer Franc</displayName>
				<symbol>DZF</symbol>
			</currency>
			<currency type="DZG">
				<displayName>Algerischer Franc Germinal</displayName>
				<symbol>DZG</symbol>
			</currency>
			<currency type="ECS">
				<displayName>Ecuadorianischer Sucre</displayName>
				<symbol>ECS</symbol>
			</currency>
			<currency type="ECV">
				<displayName>Verrechnungseinheit für EC</displayName>
				<symbol>ECV</symbol>
			</currency>
			<currency type="EEK">
				<displayName>Estnische Krone</displayName>
				<symbol>EEK</symbol>
			</currency>
			<currency type="EGP">
				<displayName>Ägyptisches Pfund</displayName>
				<symbol>EGP</symbol>
			</currency>
			<currency type="ERN">
				<displayName>Nakfa</displayName>
				<symbol>ERN</symbol>
			</currency>
			<currency type="ESP">
				<displayName>Spanische Pesete</displayName>
				<symbol>ESP</symbol>
			</currency>
			<currency type="ETB">
				<displayName>Birr</displayName>
				<symbol>ETB</symbol>
			</currency>
			<currency type="ETD">
				<displayName>Äthiopischer Dollar</displayName>
				<symbol>ETD</symbol>
			</currency>
			<currency type="EUR">
				<displayName>Euro</displayName>
				<symbol>€</symbol>
			</currency>
			<currency type="FIM">
				<displayName>Finnische Mark</displayName>
				<symbol>FIM</symbol>
			</currency>
			<currency type="FIN">
				<displayName>Finnische Mark (1860-1962)</displayName>
				<symbol>FIN</symbol>
			</currency>
			<currency type="FJD">
				<displayName>Fidschi Dollar</displayName>
				<symbol>FJD</symbol>
			</currency>
			<currency type="FJP">
				<displayName>Fidschi Pfund</displayName>
				<symbol>FJP</symbol>
			</currency>
			<currency type="FKP">
				<displayName>Falkland Pfund</displayName>
				<symbol>FKP</symbol>
			</currency>
			<currency type="FOK">
				<displayName>Färöer Inseln Krone</displayName>
				<symbol>FOK</symbol>
			</currency>
			<currency type="FRF">
				<displayName>Französischer Franc</displayName>
				<symbol>FF</symbol>
			</currency>
			<currency type="FRG">
				<displayName>Französischer Franc Germinal/Franc Poincare</displayName>
				<symbol>FRG</symbol>
			</currency>
			<currency type="GBP">
				<displayName>Pfund Sterling</displayName>
				<symbol>£</symbol>
			</currency>
			<currency type="GEK">
				<displayName>Georgischer Kupon Larit</displayName>
				<symbol>GEK</symbol>
			</currency>
			<currency type="GEL">
				<displayName>Georgischer Lari</displayName>
				<symbol>GEL</symbol>
			</currency>
			<currency type="GHC">
				<displayName>Cedi</displayName>
				<symbol>GHC</symbol>
			</currency>
			<currency type="GHO">
				<displayName>Ghana Cedi (alt)</displayName>
				<symbol>GHO</symbol>
			</currency>
			<currency type="GHP">
				<displayName>Ghana Pfund</displayName>
				<symbol>GHP</symbol>
			</currency>
			<currency type="GIP">
				<displayName>Gibraltar Pfund</displayName>
				<symbol>GIP</symbol>
			</currency>
			<currency type="GLK">
				<displayName>Grönland Krone</displayName>
				<symbol>GLK</symbol>
			</currency>
			<currency type="GMD">
				<displayName>Dalasi</displayName>
				<symbol>GMD</symbol>
			</currency>
			<currency type="GMP">
				<displayName>Gambia Pfund</displayName>
				<symbol>GMP</symbol>
			</currency>
			<currency type="GNF">
				<displayName>Guinea Franc</displayName>
				<symbol>GNF</symbol>
			</currency>
			<currency type="GQE">
				<displayName>Äquatorialguinea Ekwele Guineana</displayName>
				<symbol>GQE</symbol>
			</currency>
			<currency type="GQF">
				<displayName>Äquatorialguinea Franco</displayName>
				<symbol>GQF</symbol>
			</currency>
			<currency type="GQP">
				<displayName>Äquatorialguinea Peseta Guineana</displayName>
				<symbol>GQP</symbol>
			</currency>
			<currency type="GRD">
				<displayName>Griechische Drachme</displayName>
				<symbol>GRD</symbol>
			</currency>
			<currency type="GRN">
				<displayName>Neue Griechische Drachme</displayName>
				<symbol>GRN</symbol>
			</currency>
			<currency type="GTQ">
				<displayName>Quetzal</displayName>
				<symbol>GTQ</symbol>
			</currency>
			<currency type="GUF">
				<displayName>Französisch Guayana Franc Guiana</displayName>
				<symbol>GUF</symbol>
			</currency>
			<currency type="GWE">
				<displayName>Portugiesisch Guinea Escudo</displayName>
				<symbol>GWE</symbol>
			</currency>
			<currency type="GWM">
				<displayName>Portugiesisch Guinea Mil Reis</displayName>
				<symbol>GWM</symbol>
			</currency>
			<currency type="GWP">
				<displayName>Guinea Bissau Peso</displayName>
				<symbol>GWP</symbol>
			</currency>
			<currency type="GYD">
				<displayName>Guyana Dollar</displayName>
				<symbol>GYD</symbol>
			</currency>
			<currency type="HKD">
				<displayName>Hongkong Dollar</displayName>
				<symbol>HKD</symbol>
			</currency>
			<currency type="HNL">
				<displayName>Lempira</displayName>
				<symbol>HNL</symbol>
			</currency>
			<currency type="HRD">
				<displayName>Kroatischer Dinar</displayName>
				<symbol>HRD</symbol>
			</currency>
			<currency type="HRK">
				<displayName>Kuna</displayName>
				<symbol>HRK</symbol>
			</currency>
			<currency type="HTG">
				<displayName>Gourde</displayName>
				<symbol>HTG</symbol>
			</currency>
			<currency type="HUF">
				<displayName>Forint</displayName>
				<symbol>HUF</symbol>
			</currency>
			<currency type="IBP">
				<displayName>Nordirisches Pfund</displayName>
				<symbol>IBP</symbol>
			</currency>
			<currency type="IDG">
				<displayName>Indonesischer Nica Guilder</displayName>
				<symbol>IDG</symbol>
			</currency>
			<currency type="IDJ">
				<displayName>Indonesische Java Rupiah</displayName>
				<symbol>IDJ</symbol>
			</currency>
			<currency type="IDN">
				<displayName>Indonesische Neue Rupiah</displayName>
				<symbol>IDN</symbol>
			</currency>
			<currency type="IDR">
				<displayName>Rupiah</displayName>
				<symbol>IDR</symbol>
			</currency>
			<currency type="IEP">
				<displayName>Irisches Pfund</displayName>
				<symbol>IEP</symbol>
			</currency>
			<currency type="ILL">
				<displayName>Schekel</displayName>
				<symbol>ILL</symbol>
			</currency>
			<currency type="ILP">
				<displayName>Israelisches Pfund</displayName>
				<symbol>ILP</symbol>
			</currency>
			<currency type="ILS">
				<displayName>Schekel</displayName>
				<symbol>ILS</symbol>
			</currency>
			<currency type="INR">
				<displayName>Indische Rupie</displayName>
				<symbol>=0#Rs.|1#Re.|1&lt;Rs.</symbol>
			</currency>
			<currency type="IQD">
				<displayName>Irak Dinar</displayName>
				<symbol>IQD</symbol>
			</currency>
			<currency type="IRR">
				<displayName>Rial</displayName>
				<symbol>IRR</symbol>
			</currency>
			<currency type="ISK">
				<displayName>Isländische Krone</displayName>
				<symbol>ISK</symbol>
			</currency>
			<currency type="ITL">
				<displayName>Italienische Lire</displayName>
				<symbol>₤</symbol>
			</currency>
			<currency type="JEP">
				<displayName>Jersey Pfund Sterling</displayName>
				<symbol>JEP</symbol>
			</currency>
			<currency type="JMD">
				<displayName>Jamaika Dollar</displayName>
				<symbol>JMD</symbol>
			</currency>
			<currency type="JMP">
				<displayName>Jamaika Pfund</displayName>
				<symbol>JMP</symbol>
			</currency>
			<currency type="JOD">
				<displayName>Jordanischer Dinar</displayName>
				<symbol>JOD</symbol>
			</currency>
			<currency type="JPY">
				<displayName>Yen</displayName>
				<symbol>¥</symbol>
			</currency>
			<currency type="KES">
				<displayName>Kenia Schilling</displayName>
				<symbol>KES</symbol>
			</currency>
			<currency type="KGS">
				<displayName>Som</displayName>
				<symbol>som</symbol>
			</currency>
			<currency type="KHO">
				<displayName>Riel (alt)</displayName>
				<symbol>KHO</symbol>
			</currency>
			<currency type="KHR">
				<displayName>Riel</displayName>
				<symbol>KHR</symbol>
			</currency>
			<currency type="KMF">
				<displayName>Komoren Franc</displayName>
				<symbol>KMF</symbol>
			</currency>
			<currency type="KPP">
				<displayName>Nordkoreanischer Won (alt)</displayName>
				<symbol>KPP</symbol>
			</currency>
			<currency type="KPW">
				<displayName>Nordkoreanischer Won</displayName>
				<symbol>KPW</symbol>
			</currency>
			<currency type="KRH">
				<displayName>Südkoreanischer Hwan</displayName>
				<symbol>KRH</symbol>
			</currency>
			<currency type="KRO">
				<displayName>Südkoreanischer Won (alt)</displayName>
				<symbol>KRO</symbol>
			</currency>
			<currency type="KRW">
				<displayName>Südkoreanischer Won</displayName>
				<symbol>KRW</symbol>
			</currency>
			<currency type="KWD">
				<displayName>Kuwait Dinar</displayName>
				<symbol>KWD</symbol>
			</currency>
			<currency type="KYD">
				<displayName>Kaiman-Dollar</displayName>
				<symbol>KYD</symbol>
			</currency>
			<currency type="KZR">
				<displayName>Kasachstan Rubel</displayName>
				<symbol>KZR</symbol>
			</currency>
			<currency type="KZT">
				<displayName>Tenge</displayName>
				<symbol>KZT</symbol>
			</currency>
			<currency type="LAK">
				<displayName>Kip</displayName>
				<symbol>LAK</symbol>
			</currency>
			<currency type="LBP">
				<displayName>Libanesisches Pfund</displayName>
				<symbol>LBP</symbol>
			</currency>
			<currency type="LIF">
				<displayName>Liechtenstein Franken</displayName>
				<symbol>LIF</symbol>
			</currency>
			<currency type="LKR">
				<displayName>Sri Lanka Rupie</displayName>
				<symbol>LKR</symbol>
			</currency>
			<currency type="LNR">
				<displayName>Ceylon Rupie</displayName>
				<symbol>LNR</symbol>
			</currency>
			<currency type="LRD">
				<displayName>Liberianischer Dollar</displayName>
				<symbol>LRD</symbol>
			</currency>
			<currency type="LSL">
				<displayName>Loti</displayName>
				<symbol>LSL</symbol>
			</currency>
			<currency type="LTL">
				<displayName>Litauischer Litas</displayName>
				<symbol>LTL</symbol>
			</currency>
			<currency type="LTT">
				<displayName>Litauischer Talonas</displayName>
				<symbol>LTT</symbol>
			</currency>
			<currency type="LUF">
				<displayName>Luxemburgischer Franc</displayName>
				<symbol>LUF</symbol>
			</currency>
			<currency type="LVL">
				<displayName>Lettischer Lats</displayName>
				<symbol>LVL</symbol>
			</currency>
			<currency type="LVR">
				<displayName>Lettischer Rubel</displayName>
				<symbol>LVR</symbol>
			</currency>
			<currency type="LYD">
				<displayName>Libyscher Dinar</displayName>
				<symbol>LYD</symbol>
			</currency>
			<currency type="LYP">
				<displayName>Libysches Pfund</displayName>
				<symbol>LYP</symbol>
			</currency>
			<currency type="MAD">
				<displayName>Marokkanischer Dirham</displayName>
				<symbol>MAD</symbol>
			</currency>
			<currency type="MAF">
				<displayName>Marokkanischer Franc</displayName>
				<symbol>MAF</symbol>
			</currency>
			<currency type="MCF">
				<displayName>Monaco Franc Nouveau</displayName>
				<symbol>MCF</symbol>
			</currency>
			<currency type="MCG">
				<displayName>Monaco Franc Germinal</displayName>
				<symbol>MCG</symbol>
			</currency>
			<currency type="MDC">
				<displayName>Moldau Leu Cupon</displayName>
				<symbol>MDC</symbol>
			</currency>
			<currency type="MDL">
				<displayName>Moldau Leu</displayName>
				<symbol>MDL</symbol>
			</currency>
			<currency type="MDR">
				<displayName>Moldau Rubel Cupon</displayName>
				<symbol>MDR</symbol>
			</currency>
			<currency type="MGA">
				<displayName>Madagaskar Ariary</displayName>
				<symbol>MGA</symbol>
			</currency>
			<currency type="MGF">
				<displayName>Madagaskar Franc</displayName>
				<symbol>MGF</symbol>
			</currency>
			<currency type="MHD">
				<displayName>Marshall Inseln Dollar</displayName>
				<symbol>MHD</symbol>
			</currency>
			<currency type="MKD">
				<displayName>Denar</displayName>
				<symbol>MKD</symbol>
			</currency>
			<currency type="MMK">
				<displayName>Kyat</displayName>
				<symbol>MMK</symbol>
			</currency>
			<currency type="MNT">
				<displayName>Tugrik</displayName>
				<symbol>MNT</symbol>
			</currency>
			<currency type="MOP">
				<displayName>Pataca</displayName>
				<symbol>MOP</symbol>
			</currency>
			<currency type="MRO">
				<displayName>Ouguiya</displayName>
				<symbol>MRO</symbol>
			</currency>
			<currency type="MTL">
				<displayName>Maltesische Lira</displayName>
				<symbol>MTL</symbol>
			</currency>
			<currency type="MTP">
				<displayName>Maltesisches Pfund</displayName>
				<symbol>MTP</symbol>
			</currency>
			<currency type="MUR">
				<displayName>Mauritius Rupie</displayName>
				<symbol>MUR</symbol>
			</currency>
			<currency type="MVP">
				<displayName>Malediven Rupie</displayName>
				<symbol>MVP</symbol>
			</currency>
			<currency type="MVR">
				<displayName>Rufiyaa</displayName>
				<symbol>MVR</symbol>
			</currency>
			<currency type="MWK">
				<displayName>Malawi Kwacha</displayName>
				<symbol>MWK</symbol>
			</currency>
			<currency type="MWP">
				<displayName>Malawi Pfund</displayName>
				<symbol>MWP</symbol>
			</currency>
			<currency type="MXN">
				<displayName>Mexikanischer Peso</displayName>
				<symbol>MXN</symbol>
			</currency>
			<currency type="MXP">
				<displayName>Mexikanischer Silber-Peso (1861-1992)</displayName>
				<symbol>MXP</symbol>
			</currency>
			<currency type="MXV">
				<displayName>Mexican Unidad de Inversion (UDI)</displayName>
				<symbol>MXV</symbol>
			</currency>
			<currency type="MYR">
				<displayName>Malaysischer Ringgit</displayName>
				<symbol>MYR</symbol>
			</currency>
			<currency type="MZM">
				<displayName>Metical</displayName>
				<symbol>MZM</symbol>
			</currency>
			<currency type="NAD">
				<displayName>Namibia Dollar</displayName>
				<symbol>NAD</symbol>
			</currency>
			<currency type="NCF">
				<displayName>Neukaledonien Franc Germinal</displayName>
				<symbol>NCF</symbol>
			</currency>
			<currency type="NGN">
				<displayName>Naira</displayName>
				<symbol>NGN</symbol>
			</currency>
			<currency type="NGP">
				<displayName>Nigerianisches Pfund</displayName>
				<symbol>NGP</symbol>
			</currency>
			<currency type="NHF">
				<displayName>Neue Hebriden CFP Franc</displayName>
				<symbol>NHF</symbol>
			</currency>
			<currency type="NIC">
				<displayName>Cordoba</displayName>
				<symbol>NIC</symbol>
			</currency>
			<currency type="NIG">
				<displayName>Gold-Cordoba</displayName>
				<symbol>NIG</symbol>
			</currency>
			<currency type="NIO">
				<displayName>Gold-Cordoba</displayName>
				<symbol>NIO</symbol>
			</currency>
			<currency type="NLG">
				<displayName>Holländischer Gulden</displayName>
				<symbol>NLG</symbol>
			</currency>
			<currency type="NOK">
				<displayName>Norwegische Krone</displayName>
				<symbol>NOK</symbol>
			</currency>
			<currency type="NPR">
				<displayName>Nepalesische Rupie</displayName>
				<symbol>NPR</symbol>
			</currency>
			<currency type="NZD">
				<displayName>Neuseeland Dollar</displayName>
				<symbol>NZD</symbol>
			</currency>
			<currency type="NZP">
				<displayName>Neuseeland Pfund</displayName>
				<symbol>NZP</symbol>
			</currency>
			<currency type="OMR">
				<displayName>Rial Omani</displayName>
				<symbol>OMR</symbol>
			</currency>
			<currency type="PAB">
				<displayName>Balboa</displayName>
				<symbol>PAB</symbol>
			</currency>
			<currency type="PDK">
				<displayName>Dnjestr-Republik Rubel Kupon</displayName>
				<symbol>PDK</symbol>
			</currency>
			<currency type="PDN">
				<displayName>Dnjestr-Republik Rubel (neu)</displayName>
				<symbol>PDN</symbol>
			</currency>
			<currency type="PDR">
				<displayName>Dnjestr-Republik Rubel</displayName>
				<symbol>PDR</symbol>
			</currency>
			<currency type="PEI">
				<displayName>Peruanischer Inti</displayName>
				<symbol>PEI</symbol>
			</currency>
			<currency type="PEN">
				<displayName>Neuer Sol</displayName>
				<symbol>PEN</symbol>
			</currency>
			<currency type="PES">
				<displayName>Sol</displayName>
				<symbol>PES</symbol>
			</currency>
			<currency type="PGK">
				<displayName>Kina</displayName>
				<symbol>PGK</symbol>
			</currency>
			<currency type="PHP">
				<displayName>Philippinischer Peso</displayName>
				<symbol>PHP</symbol>
			</currency>
			<currency type="PKR">
				<displayName>Pakistanische Rupie</displayName>
				<symbol>PKR</symbol>
			</currency>
			<currency type="PLN">
				<displayName>Zloty</displayName>
				<symbol>PLN</symbol>
			</currency>
			<currency type="PLZ">
				<displayName>Zloty (1950-1995)</displayName>
				<symbol>PLZ</symbol>
			</currency>
			<currency type="PSP">
				<displayName>Palästina Pfund</displayName>
				<symbol>PSP</symbol>
			</currency>
			<currency type="PTC">
				<displayName>Portugiesischer Conto</displayName>
				<symbol>PTC</symbol>
			</currency>
			<currency type="PTE">
				<displayName>Portugiesischer Escudo</displayName>
				<symbol>PTE</symbol>
			</currency>
			<currency type="PYG">
				<displayName>Guarani</displayName>
				<symbol>PYG</symbol>
			</currency>
			<currency type="QAR">
				<displayName>Katar Riyal</displayName>
				<symbol>QAR</symbol>
			</currency>
			<currency type="ROL">
				<displayName>Leu</displayName>
				<symbol>ROL</symbol>
			</currency>
			<currency type="RON">
				<displayName>Neuer Leu</displayName>
				<symbol>RON</symbol>
			</currency>
			<currency type="RUB">
				<displayName>Russischer Rubel (neu)</displayName>
				<symbol>RUB</symbol>
			</currency>
			<currency type="RUR">
				<displayName>Russischer Rubel (alt)</displayName>
				<symbol>RUR</symbol>
			</currency>
			<currency type="RWF">
				<displayName>Ruanda Franc</displayName>
				<symbol>RWF</symbol>
			</currency>
			<currency type="SAR">
				<displayName>Saudi Riyal</displayName>
				<symbol>SAR</symbol>
			</currency>
			<currency type="SBD">
				<displayName>Salomonen Dollar</displayName>
				<symbol>SBD</symbol>
			</currency>
			<currency type="SCR">
				<displayName>Seychellen Rupie</displayName>
				<symbol>SCR</symbol>
			</currency>
			<currency type="SDD">
				<displayName>Sudanesischer Dinar</displayName>
				<symbol>SDD</symbol>
			</currency>
			<currency type="SDP">
				<displayName>Sudanesisches Pfund</displayName>
				<symbol>SDP</symbol>
			</currency>
			<currency type="SEK">
				<displayName>Schwedische Krone</displayName>
				<symbol>SEK</symbol>
			</currency>
			<currency type="SGD">
				<displayName>Singapur Dollar</displayName>
				<symbol>SGD</symbol>
			</currency>
			<currency type="SHP">
				<displayName>St. Helena Pfund</displayName>
				<symbol>SHP</symbol>
			</currency>
			<currency type="SIB">
				<displayName>Tolar Bons</displayName>
				<symbol>SIB</symbol>
			</currency>
			<currency type="SIT">
				<displayName>Tolar</displayName>
				<symbol>SIT</symbol>
			</currency>
			<currency type="SKK">
				<displayName>Slowakische Krone</displayName>
				<symbol>SKK</symbol>
			</currency>
			<currency type="SLL">
				<displayName>Leone</displayName>
				<symbol>SLL</symbol>
			</currency>
			<currency type="SML">
				<displayName>San Marino Lire</displayName>
				<symbol>SML</symbol>
			</currency>
			<currency type="SOS">
				<displayName>Somalia Schilling</displayName>
				<symbol>SOS</symbol>
			</currency>
			<currency type="SQS">
				<displayName>Somaliland Schilling</displayName>
				<symbol>SQS</symbol>
			</currency>
			<currency type="SRG">
				<displayName>Suriname Gulden</displayName>
				<symbol>SRG</symbol>
			</currency>
			<currency type="SSP">
				<displayName>Schottisches Pfund</displayName>
				<symbol>SSP</symbol>
			</currency>
			<currency type="STD">
				<displayName>Dobra</displayName>
				<symbol>STD</symbol>
			</currency>
			<currency type="STE">
				<displayName>Sao Tome und Principe Escudo</displayName>
				<symbol>STE</symbol>
			</currency>
			<currency type="SUN">
				<displayName>Sowjetischer Neuer Rubel</displayName>
				<symbol>SUN</symbol>
			</currency>
			<currency type="SUR">
				<displayName>Sowjetischer Rubel</displayName>
				<symbol>SUR</symbol>
			</currency>
			<currency type="SVC">
				<displayName>El Salvador Colon</displayName>
				<symbol>SVC</symbol>
			</currency>
			<currency type="SYP">
				<displayName>Syrisches Pfund</displayName>
				<symbol>SYP</symbol>
			</currency>
			<currency type="SZL">
				<displayName>Lilangeni</displayName>
				<symbol>SZL</symbol>
			</currency>
			<currency type="TCC">
				<displayName>Turks und Caicos Krone</displayName>
				<symbol>TCC</symbol>
			</currency>
			<currency type="TDF">
				<displayName>Tschad CFA Franc</displayName>
				<symbol>TDF</symbol>
			</currency>
			<currency type="THB">
				<displayName>Baht</displayName>
				<symbol>THB</symbol>
			</currency>
			<currency type="TJR">
				<displayName>Tadschikistan Rubel</displayName>
				<symbol>TJR</symbol>
			</currency>
			<currency type="TJS">
				<displayName>Tadschikistan Somoni</displayName>
				<symbol>TJS</symbol>
			</currency>
			<currency type="TMM">
				<displayName>Turkmenistan-Manat</displayName>
				<symbol>TMM</symbol>
			</currency>
			<currency type="TND">
				<displayName>Tunesischer Dinar</displayName>
				<symbol>TND</symbol>
			</currency>
			<currency type="TOP">
				<displayName>Paʻanga</displayName>
				<symbol>TOP</symbol>
			</currency>
			<currency type="TOS">
				<displayName>Tonga Pfund Sterling</displayName>
				<symbol>TOS</symbol>
			</currency>
			<currency type="TPE">
				<displayName>Timor Escudo</displayName>
				<symbol>TPE</symbol>
			</currency>
			<currency type="TPP">
				<displayName>Timor Pataca</displayName>
				<symbol>TPP</symbol>
			</currency>
			<currency type="TRL">
				<displayName>Türkische Lira</displayName>
				<symbol>TRL</symbol>
			</currency>
			<currency type="TTD">
				<displayName>Trinidad und Tobago Dollar</displayName>
				<symbol>TTD</symbol>
			</currency>
			<currency type="TTO">
				<displayName>Trinidad und Tobago Dollar (alt)</displayName>
				<symbol>TTO</symbol>
			</currency>
			<currency type="TVD">
				<displayName>Tuvalu Dollar</displayName>
				<symbol>TVD</symbol>
			</currency>
			<currency type="TWD">
				<displayName>Neuer Taiwan Dollar</displayName>
				<symbol>TWD</symbol>
			</currency>
			<currency type="TZS">
				<displayName>Tansania Schilling</displayName>
				<symbol>TZS</symbol>
			</currency>
			<currency type="UAH">
				<displayName>Hryvnia</displayName>
				<symbol>UAH</symbol>
			</currency>
			<currency type="UAK">
				<displayName>Ukrainischer Karbovanetz</displayName>
				<symbol>UAK</symbol>
			</currency>
			<currency type="UGS">
				<displayName>Uganda Schilling (1966-1987)</displayName>
				<symbol>UGS</symbol>
			</currency>
			<currency type="UGX">
				<displayName>Uganda Schilling</displayName>
				<symbol>UGX</symbol>
			</currency>
			<currency type="USD">
				<displayName>US Dollar</displayName>
				<symbol>$</symbol>
			</currency>
			<currency type="USN">
				<displayName>US Dollar (Nächster Tag)</displayName>
				<symbol>USN</symbol>
			</currency>
			<currency type="USS">
				<displayName>US Dollar (Gleicher Tag)</displayName>
				<symbol>USS</symbol>
			</currency>
			<currency type="UYU">
				<displayName>Uruguayischer Peso</displayName>
				<symbol>UYU</symbol>
			</currency>
			<currency type="UZS">
				<displayName>Usbekistan Sum</displayName>
				<symbol>UZS</symbol>
			</currency>
			<currency type="VAL">
				<displayName>Vatikanstadt Lire</displayName>
				<symbol>VAL</symbol>
			</currency>
			<currency type="VDD">
				<displayName>Nordvietnam Piastre Dong Viet</displayName>
				<symbol>VDD</symbol>
			</currency>
			<currency type="VDN">
				<displayName>Nordvietnam Neuer Dong</displayName>
				<symbol>VDN</symbol>
			</currency>
			<currency type="VDP">
				<displayName>Nordvietnam Viet Minh Piastre Dong Viet</displayName>
				<symbol>VDP</symbol>
			</currency>
			<currency type="VEB">
				<displayName>Bolivar</displayName>
				<symbol>VEB</symbol>
			</currency>
			<currency type="VGD">
				<displayName>Britische Jungferninseln Dollar</displayName>
				<symbol>VGD</symbol>
			</currency>
			<currency type="VND">
				<displayName>Dong</displayName>
				<symbol>VND</symbol>
			</currency>
			<currency type="VNN">
				<displayName>Vietnamesischer Neuer Dong</displayName>
				<symbol>VNN</symbol>
			</currency>
			<currency type="VNR">
				<displayName>Republik Vietnam Dong</displayName>
				<symbol>VNR</symbol>
			</currency>
			<currency type="VNS">
				<displayName>Vietnamesischer Dong</displayName>
				<symbol>VNS</symbol>
			</currency>
			<currency type="VUV">
				<displayName>Vatu</displayName>
				<symbol>VUV</symbol>
			</currency>
			<currency type="WSP">
				<displayName>West-Samoa Pfund</displayName>
				<symbol>WSP</symbol>
			</currency>
			<currency type="WST">
				<displayName>Tala</displayName>
				<symbol>WST</symbol>
			</currency>
			<currency type="XAF">
				<displayName>CFA Franc (Äquatorial)</displayName>
				<symbol>XAF</symbol>
			</currency>
			<currency type="XAU">
				<displayName>Gold</displayName>
				<symbol>XAU</symbol>
			</currency>
			<currency type="XBA">
				<displayName>Europäische Rechnungseinheit</displayName>
				<symbol>XBA</symbol>
			</currency>
			<currency type="XBC">
				<displayName>Europäische Rechnungseinheit (XBC)</displayName>
				<symbol>XBC</symbol>
			</currency>
			<currency type="XBD">
				<displayName>Europäische Rechnungseinheit (XBD)</displayName>
				<symbol>XBD</symbol>
			</currency>
			<currency type="XCD">
				<displayName>Ostkaribischer Dollar</displayName>
				<symbol>EC$</symbol>
			</currency>
			<currency type="XDR">
				<displayName>Sonderziehungsrechte</displayName>
				<symbol>XDR</symbol>
			</currency>
			<currency type="XFO">
				<displayName>Französischer Gold-Franc</displayName>
				<symbol>XFO</symbol>
			</currency>
			<currency type="XFU">
				<displayName>Französischer UIC-Franc</displayName>
				<symbol>XFU</symbol>
			</currency>
			<currency type="XID">
				<displayName>Islamischer Dinar</displayName>
				<symbol>XID</symbol>
			</currency>
			<currency type="XNF">
				<displayName>Französischer Antillen CFA Franc</displayName>
				<symbol>XNF</symbol>
			</currency>
			<currency type="XOF">
				<displayName>CFA Franc (West)</displayName>
				<symbol>XOF</symbol>
			</currency>
			<currency type="XPF">
				<displayName>CFP Franc</displayName>
				<symbol>XPF</symbol>
			</currency>
			<currency type="XTR">
				<displayName>COMECON Transferabler Rubel</displayName>
				<symbol>XTR</symbol>
			</currency>
			<currency type="YDD">
				<displayName>Jemen Dinar</displayName>
				<symbol>YDD</symbol>
			</currency>
			<currency type="YEI">
				<displayName>Jemen Imadi Riyal</displayName>
				<symbol>YEI</symbol>
			</currency>
			<currency type="YER">
				<displayName>Jemen Rial</displayName>
				<symbol>YER</symbol>
			</currency>
			<currency type="YUD">
				<displayName>Jugoslawischer Dinar (1966-1990)</displayName>
				<symbol>YUD</symbol>
			</currency>
			<currency type="YUF">
				<displayName>Jugoslawische Föderation Dinar</displayName>
				<symbol>YUF</symbol>
			</currency>
			<currency type="YUG">
				<displayName>Jugoslawischer 1994-Dinar</displayName>
				<symbol>YUG</symbol>
			</currency>
			<currency type="YUM">
				<displayName>Neuer Dinar</displayName>
				<symbol>YUM</symbol>
			</currency>
			<currency type="YUN">
				<displayName>Jugoslawischer Dinar (konvertibel)</displayName>
				<symbol>YUN</symbol>
			</currency>
			<currency type="YUO">
				<displayName>Jugoslawischer Oktober-Dinar</displayName>
				<symbol>YUO</symbol>
			</currency>
			<currency type="YUR">
				<displayName>Jugoslawischer Reformierter Dinar</displayName>
				<symbol>YUR</symbol>
			</currency>
			<currency type="ZAP">
				<displayName>Südafrikanisches Pfund</displayName>
				<symbol>ZAP</symbol>
			</currency>
			<currency type="ZAR">
				<displayName>Rand</displayName>
				<symbol>ZAR</symbol>
			</currency>
			<currency type="ZMK">
				<displayName>Kwacha</displayName>
				<symbol>ZMK</symbol>
			</currency>
			<currency type="ZMP">
				<displayName>Sambisches Pfund</displayName>
				<symbol>ZMP</symbol>
			</currency>
			<currency type="ZRN">
				<displayName>Neuer Zaire</displayName>
				<symbol>ZRN</symbol>
			</currency>
			<currency type="ZRZ">
				<displayName>Zaire</displayName>
				<symbol>ZRZ</symbol>
			</currency>
			<currency type="ZWD">
				<displayName>Simbabwe Dollar</displayName>
				<symbol>ZWD</symbol>
			</currency>
		</currencies>
	</numbers>
</ldml>
