<?xml version="1.0" encoding="UTF-8" ?>
<!DOCTYPE ldml SYSTEM "http://www.unicode.org/cldr/dtd/1.1/ldml.dtd">
<ldml>
	<identity>
		<version number="1.1"/>
		<generation date="2004-06-04" />
		<language type="el" /> 
	</identity>
	<localeDisplayNames>
		<languages>
			<language type="ar">Αραβικά</language>
			<language type="bg">Βουλγαρικά</language>
			<language type="ca">Καταλανικά</language>
			<language type="cs">Τσεχικά</language>
			<language type="da">Δανικά</language>
			<language type="de">Γερμανικά</language>
			<language type="el">Ελληνικά</language>
			<language type="en">Αγγλικά</language>
			<language type="es">Ισπανικά</language>
			<language type="et">Εσθονικά</language>
			<language type="fi">Φινλανδικά</language>
			<language type="fr">Γαλλικά</language>
			<language type="he">Εβραϊκά</language>
			<language type="hr">Κροατικά</language>
			<language type="hu">Ουγγρικά</language>
			<language type="it">Ιταλικά</language>
			<language type="ja">Ιαπωνικά</language>
			<language type="ko">Κορεατικά</language>
			<language type="lt">Λιθουανικά</language>
			<language type="lv">Λετονικά</language>
			<language type="mk">Σλαβομακεδονικά</language>
			<language type="nl">Ολλανδικά</language>
			<language type="no">Νορβηγικά</language>
			<language type="pl">Πολωνικά</language>
			<language type="pt">Πορτογαλικά</language>
			<language type="ro">Ρουμανικά</language>
			<language type="ru">Ρωσικά</language>
			<language type="sk">Σλοβακικά</language>
			<language type="sl">Σλοβενικά</language>
			<language type="sq">Αλβανικά</language>
			<language type="sr">Σερβικά</language>
			<language type="sv">Σουηδικά</language>
			<language type="tr">Τουρκικά</language>
			<language type="zh">Κινεζικά</language>
		</languages>
		<territories>
			<territory type="AD">Ανδόρα</territory>
			<territory type="AE">Ηνωμένα Αραβικά Εμιράτα</territory>
			<territory type="AF">Αφγανιστάν</territory>
			<territory type="AG">Αντίγκουα και Μπαρμπούντα</territory>
			<territory type="AI">Ανγκουίλα</territory>
			<territory type="AL">Αλβανία</territory>
			<territory type="AM">Αρμενία</territory>
			<territory type="AN">Ολλανδικές Αντίλλες</territory>
			<territory type="AO">Ανγκόλα</territory>
			<territory type="AQ">Ανταρκτική</territory>
			<territory type="AR">Αργεντινή</territory>
			<territory type="AS">Αμερικανική Σαμόα</territory>
			<territory type="AT">Αυστρία</territory>
			<territory type="AU">Αυστραλία</territory>
			<territory type="AW">Αρούμπα</territory>
			<territory type="AZ">Αζερμπαϊτζάν</territory>
			<territory type="BA">Βοσνία - Ερζεγοβίνη</territory>
			<territory type="BB">Μπαρμπάντος</territory>
			<territory type="BD">Μπανγκλαντές</territory>
			<territory type="BE">Βέλγιο</territory>
			<territory type="BF">Μπουρκίνα Φάσο</territory>
			<territory type="BG">Βουλγαρία</territory>
			<territory type="BH">Μπαχρέιν</territory>
			<territory type="BI">Μπουρούντι</territory>
			<territory type="BJ">Μπένιν</territory>
			<territory type="BM">Βερμούδες</territory>
			<territory type="BN">Μπρουνέι Νταρουσαλάμ</territory>
			<territory type="BO">Βολιβία</territory>
			<territory type="BR">Βραζιλία</territory>
			<territory type="BS">Μπαχάμες</territory>
			<territory type="BT">Μπουτάν</territory>
			<territory type="BV">Νήσος Μπουβέ</territory>
			<territory type="BW">Μποτσουάνα</territory>
			<territory type="BY">Λευκορωσία</territory>
			<territory type="BZ">Μπελίζ</territory>
			<territory type="CA">Καναδάς</territory>
			<territory type="CC">Νήσοι Κόκος (Κήλινγκ)</territory>
			<territory type="CD">Κονγκό, Λαϊκή Δημοκρατία του</territory>
			<territory type="CF">Κεντροαφρικανική Δημοκρατία</territory>
			<territory type="CG">Κονγκό</territory>
			<territory type="CH">Ελβετία</territory>
			<territory type="CI">Ακτή Ελεφαντόδοντος</territory>
			<territory type="CK">Νήσοι Κουκ</territory>
			<territory type="CL">Χιλή</territory>
			<territory type="CM">Καμερούν</territory>
			<territory type="CN">Κίνα</territory>
			<territory type="CO">Κολομβία</territory>
			<territory type="CR">Κόστα Ρίκα</territory>
			<territory type="CU">Κούβα</territory>
			<territory type="CV">Νήσοι Πράσινου Ακρωτηρίου</territory>
			<territory type="CX">Νήσος Χριστουγέννων</territory>
			<territory type="CY">Κύπρος</territory>
			<territory type="CZ">Τσεχία</territory>
			<territory type="DE">Γερμανία</territory>
			<territory type="DJ">Τζιμπουτί</territory>
			<territory type="DK">Δανία</territory>
			<territory type="DM">Ντομίνικα</territory>
			<territory type="DO">Δομινικανή Δημοκρατία</territory>
			<territory type="DZ">Αλγερία</territory>
			<territory type="EC">Ισημερινός</territory>
			<territory type="EE">Εσθονία</territory>
			<territory type="EG">Αίγυπτος</territory>
			<territory type="EH">Δυτική Σαχάρα</territory>
			<territory type="ER">Ερυθραία</territory>
			<territory type="ES">Ισπανία</territory>
			<territory type="ET">Αιθιοπία</territory>
			<territory type="FI">Φινλανδία</territory>
			<territory type="FJ">Φίτζι</territory>
			<territory type="FK">Νήσοι Φώκλαντ</territory>
			<territory type="FM">Μικρονησία, Ομόσπονδες Πολιτείες της</territory>
			<territory type="FO">Νήσοι Φερόες</territory>
			<territory type="FR">Γαλλία</territory>
			<territory type="GA">Γκαμπόν</territory>
			<territory type="GB">Ηνωμένο Βασίλειο</territory>
			<territory type="GD">Γρενάδα</territory>
			<territory type="GE">Γεωργία</territory>
			<territory type="GF">Γαλλική Γουιάνα</territory>
			<territory type="GH">Γκάνα</territory>
			<territory type="GI">Γιβραλτάρ</territory>
			<territory type="GL">Γροιλανδία</territory>
			<territory type="GM">Γκάμπια</territory>
			<territory type="GN">Γουινέα</territory>
			<territory type="GP">Γουαδελούπη</territory>
			<territory type="GQ">Ισημερινή Γουινέα</territory>
			<territory type="GR">Ελλάδα</territory>
			<territory type="GS">Νότια Γεωργία και Νήσοι Νότιες Σάντουιτς</territory>
			<territory type="GT">Γουατεμάλα</territory>
			<territory type="GU">Γκουάμ</territory>
			<territory type="GW">Γουινέα-Μπισάου</territory>
			<territory type="GY">Γουιάνα</territory>
			<territory type="HK">Χονγκ Κονγκ, Ειδική Διοικητική Περιφέρεια της Κίνας</territory>
			<territory type="HM">Νήσοι Χερντ και Μακντόναλντ</territory>
			<territory type="HN">Ονδούρα</territory>
			<territory type="HR">Κροατία</territory>
			<territory type="HT">Αϊτή</territory>
			<territory type="HU">Ουγγαρία</territory>
			<territory type="ID">Ινδονησία</territory>
			<territory type="IE">Ιρλανδία</territory>
			<territory type="IL">Ισραήλ</territory>
			<territory type="IN">Ινδία</territory>
			<territory type="IO">Βρετανικά Έδάφη Ινδικού Ωκεανού</territory>
			<territory type="IQ">Ιράκ</territory>
			<territory type="IR">Ιράν, Ισλαμική Δημοκρατία του</territory>
			<territory type="IS">Ισλανδία</territory>
			<territory type="IT">Ιταλία</territory>
			<territory type="JM">Τζαμάικα</territory>
			<territory type="JO">Ιορδανία</territory>
			<territory type="JP">Ιαπωνία</territory>
			<territory type="KE">Κένυα</territory>
			<territory type="KG">Κιργιζία</territory>
			<territory type="KH">Καμπότζη</territory>
			<territory type="KI">Κιριμπάτι</territory>
			<territory type="KM">Κομόρες</territory>
			<territory type="KN">Σαιντ Κιτς και Νέβις</territory>
			<territory type="KP">Κορέα, Βόρεια</territory>
			<territory type="KR">Κορέα, Νότια</territory>
			<territory type="KW">Κουβέιτ</territory>
			<territory type="KY">Νήσοι Κέιμαν</territory>
			<territory type="KZ">Καζακστάν</territory>
			<territory type="LA">Λατινική Αμερική</territory>
			<territory type="LB">Λίβανος</territory>
			<territory type="LC">Αγία Λουκία</territory>
			<territory type="LI">Λιχτενστάιν</territory>
			<territory type="LK">Σρι Λάνκα</territory>
			<territory type="LR">Λιβερία</territory>
			<territory type="LS">Λεσότο</territory>
			<territory type="LT">Λιθουανία</territory>
			<territory type="LU">Λουξεμβούργο</territory>
			<territory type="LV">Λετονία</territory>
			<territory type="MA">Μαρόκο</territory>
			<territory type="MC">Μονακό</territory>
			<territory type="MD">Μολδαβία, Δημοκρατία της</territory>
			<territory type="MG">Μαδαγασκάρη</territory>
			<territory type="MH">Νήσοι Μάρσαλ</territory>
			<territory type="MK">ΠΓΔ Μακεδονίας</territory>
			<territory type="ML">Μάλι</territory>
			<territory type="MM">Μιανμάρ</territory>
			<territory type="MN">Μογγολία</territory>
			<territory type="MO">Μακάο, Ειδική Διοικητική Περιφέρεια της Κίνας</territory>
			<territory type="MP">Νήσοι Βόρειες Μαριάνες</territory>
			<territory type="MQ">Μαρτινίκα</territory>
			<territory type="MR">Μαυριτανία</territory>
			<territory type="MS">Μονσεράτ</territory>
			<territory type="MT">Μάλτα</territory>
			<territory type="MU">Μαυρίκιος</territory>
			<territory type="MV">Μαλδίβες</territory>
			<territory type="MW">Μαλάουι</territory>
			<territory type="MX">Μεξικό</territory>
			<territory type="MY">Μαλαισία</territory>
			<territory type="MZ">Μοζαμβίκη</territory>
			<territory type="NA">Ναμίμπια</territory>
			<territory type="NC">Νέα Καληδονία</territory>
			<territory type="NE">Νίγηρ</territory>
			<territory type="NF">Νήσος Νόρφολκ</territory>
			<territory type="NG">Νιγηρία</territory>
			<territory type="NI">Νικαράγουα</territory>
			<territory type="NL">Ολλανδία</territory>
			<territory type="NO">Νορβηγία</territory>
			<territory type="NP">Νεπάλ</territory>
			<territory type="NR">Ναούρου</territory>
			<territory type="NU">Νιούε</territory>
			<territory type="NZ">Νέα Ζηλανδία</territory>
			<territory type="OM">Ομάν</territory>
			<territory type="PA">Παναμάς</territory>
			<territory type="PE">Περού</territory>
			<territory type="PF">Γαλλική Πολυνησία</territory>
			<territory type="PG">Παπούα - Νέα Γουινέα</territory>
			<territory type="PH">Φιλιππίνες</territory>
			<territory type="PK">Πακιστάν</territory>
			<territory type="PL">Πολωνία</territory>
			<territory type="PM">Σαιντ Πιέρ και Μικελόν</territory>
			<territory type="PN">Πίτκερν</territory>
			<territory type="PR">Πουέρτο Ρίκο</territory>
			<territory type="PS">Παλαιστινιακά Εδάφη</territory>
			<territory type="PT">Πορτογαλία</territory>
			<territory type="PW">Παλάου</territory>
			<territory type="PY">Παραγουάη</territory>
			<territory type="QA">Κατάρ</territory>
			<territory type="RE">Ρεϋνιόν</territory>
			<territory type="RO">Ρουμανία</territory>
			<territory type="RU">Ρωσία</territory>
			<territory type="RW">Ρουάντα</territory>
			<territory type="SA">Σαουδική Αραβία</territory>
			<territory type="SB">Νήσοι Σολομώντος</territory>
			<territory type="SC">Σεϋχέλλες</territory>
			<territory type="SD">Σουδάν</territory>
			<territory type="SE">Σουηδία</territory>
			<territory type="SG">Σιγκαπούρη</territory>
			<territory type="SH">Αγία Ελένη</territory>
			<territory type="SI">Σλοβενία</territory>
			<territory type="SJ">Νήσοι Σβάλμπαρ και Γιαν Μαγιέν</territory>
			<territory type="SK">Σλοβακία</territory>
			<territory type="SL">Σιέρα Λεόνε</territory>
			<territory type="SM">Άγιος Μαρίνος</territory>
			<territory type="SN">Σενεγάλη</territory>
			<territory type="SO">Σομαλία</territory>
			<territory type="SP">Σερβία</territory>
			<territory type="SR">Σουρινάμ</territory>
			<territory type="ST">Σάο Τομέ και Πρίνσιπε</territory>
			<territory type="SV">Ελ Σαλβαδόρ</territory>
			<territory type="SY">Συρία, Αραβική Δημοκρατία της</territory>
			<territory type="SZ">Σουαζιλάνδη</territory>
			<territory type="TC">Νήσοι Τερκς και Κάικος</territory>
			<territory type="TD">Τσαντ</territory>
			<territory type="TF">Γαλλικά Νότια Εδάφη</territory>
			<territory type="TG">Τόγκο</territory>
			<territory type="TH">Ταϊλάνδη</territory>
			<territory type="TJ">Τατζικιστάν</territory>
			<territory type="TK">Τοκελάου</territory>
			<territory type="TL">Ανατολικό Τιμόρ</territory>
			<territory type="TM">Τουρκμενιστάν</territory>
			<territory type="TN">Τυνησία</territory>
			<territory type="TO">Τόνγκα</territory>
			<territory type="TR">Τουρκία</territory>
			<territory type="TT">Τρινιδάδ και Τομπάγκο</territory>
			<territory type="TV">Τουβαλού</territory>
			<territory type="TW">Ταϊβάν (Δ.Κ.)</territory>
			<territory type="TZ">Τανζανία</territory>
			<territory type="UA">Ουκρανία</territory>
			<territory type="UG">Ουγκάντα</territory>
			<territory type="UM">Απομακρυσμένες Νησίδες των Ηνωμένων Πολιτειών</territory>
			<territory type="US">Ηνωμένες Πολιτείες</territory>
			<territory type="UY">Ουρουγουάη</territory>
			<territory type="UZ">Ουζμπεκιστάν</territory>
			<territory type="VA">Αγία Έδρα (Βατικανό)</territory>
			<territory type="VC">Άγιος Βικέντιος και Γρεναδίνες</territory>
			<territory type="VE">Βενεζουέλα</territory>
			<territory type="VG">Βρετανικές Παρθένοι Νήσοι</territory>
			<territory type="VI">Αμερικανικές Παρθένοι Νήσοι</territory>
			<territory type="VN">Βιετνάμ</territory>
			<territory type="VU">Βανουάτου</territory>
			<territory type="WF">Νήσοι Ουαλλίς και Φουτουνά</territory>
			<territory type="WS">Σαμόα</territory>
			<territory type="YE">Υεμένη</territory>
			<territory type="YT">Μαγιότ</territory>
			<territory type="YU">Γιουγκοσλαβία</territory>
			<territory type="ZA">Νότια Αφρική</territory>
			<territory type="ZM">Ζάμπια</territory>
			<territory type="ZW">Ζιμπάμπουε</territory>
		</territories>
	</localeDisplayNames>
	<characters>
		<exemplarCharacters>[ά-ώ]</exemplarCharacters>
	</characters>
	<dates>
		<localizedPatternChars>GanjkHmsSEDFwWxhKzAeugXZ</localizedPatternChars>
		<calendars>
			<calendar type="gregorian">
				<months>
					<monthContext type="format">
						<monthWidth type="abbreviated">
							<month type="1">Ιαν</month>
							<month type="2">Φεβ</month>
							<month type="3">Μαρ</month>
							<month type="4">Απρ</month>
							<month type="5">Μαϊ</month>
							<month type="6">Ιουν</month>
							<month type="7">Ιουλ</month>
							<month type="8">Αυγ</month>
							<month type="9">Σεπ</month>
							<month type="10">Οκτ</month>
							<month type="11">Νοε</month>
							<month type="12">Δεκ</month>
						</monthWidth>
						<monthWidth type="narrow">
							<month type="1">Ι</month>
							<month type="2">Φ</month>
							<month type="3">Μ</month>
							<month type="4">Α</month>
							<month type="5">Μ</month>
							<month type="6">Ι</month>
							<month type="7">Ι</month>
							<month type="8">Α</month>
							<month type="9">Σ</month>
							<month type="10">Ο</month>
							<month type="11">Ν</month>
							<month type="12">Δ</month>
						</monthWidth>
						<monthWidth type="wide">
							<month type="1">Ιανουαρίου</month>
							<month type="2">Φεβρουαρίου</month>
							<month type="3">Μαρτίου</month>
							<month type="4">Απριλίου</month>
							<month type="5">Μαΐου</month>
							<month type="6">Ιουνίου</month>
							<month type="7">Ιουλίου</month>
							<month type="8">Αυγούστου</month>
							<month type="9">Σεπτεμβρίου</month>
							<month type="10">Οκτωβρίου</month>
							<month type="11">Νοεμβρίου</month>
							<month type="12">Δεκεμβρίου</month>
						</monthWidth>
					</monthContext>
					<monthContext type="stand-alone">
						<monthWidth type="abbreviated">
							<month type="1">Ιαν</month>
							<month type="2">Φεβ</month>
							<month type="3">Μαρ</month>
							<month type="4">Απρ</month>
							<month type="5">Μαϊ</month>
							<month type="6">Ιουν</month>
							<month type="7">Ιουλ</month>
							<month type="8">Αυγ</month>
							<month type="9">Σεπ</month>
							<month type="10">Οκτ</month>
							<month type="11">Νοε</month>
							<month type="12">Δεκ</month>
						</monthWidth>
						<monthWidth type="narrow">
							<month type="1">Ι</month>
							<month type="2">Φ</month>
							<month type="3">Μ</month>
							<month type="4">Α</month>
							<month type="5">Μ</month>
							<month type="6">Ι</month>
							<month type="7">Ι</month>
							<month type="8">Α</month>
							<month type="9">Σ</month>
							<month type="10">Ο</month>
							<month type="11">Ν</month>
							<month type="12">Δ</month>
						</monthWidth>
						<monthWidth type="wide">
							<month type="1">Ιανουάριος</month>
							<month type="2">Φεβρουάριος</month>
							<month type="3">Μάρτιος</month>
							<month type="4">Απρίλιος</month>
							<month type="5">Μάιος</month>
							<month type="6">Ιούνιος</month>
							<month type="7">Ιούλιος</month>
							<month type="8">Αύγουστος</month>
							<month type="9">Σεπτέμβριος</month>
							<month type="10">Οκτώβριος</month>
							<month type="11">Νοέμβριος</month>
							<month type="12">Δεκέμβριος</month>
						</monthWidth>
					</monthContext>
				</months>
				<days>
					<dayContext type="format">
						<dayWidth type="abbreviated">
							<day type="sun">Κυρ</day>
							<day type="mon">Δευ</day>
							<day type="tue">Τρι</day>
							<day type="wed">Τετ</day>
							<day type="thu">Πεμ</day>
							<day type="fri">Παρ</day>
							<day type="sat">Σαβ</day>
						</dayWidth>
						<dayWidth type="wide">
							<day type="sun">Κυριακή</day>
							<day type="mon">Δευτέρα</day>
							<day type="tue">Τρίτη</day>
							<day type="wed">Τετάρτη</day>
							<day type="thu">Πέμπτη</day>
							<day type="fri">Παρασκευή</day>
							<day type="sat">Σάββατο</day>
						</dayWidth>
					</dayContext>
				</days>
				<week>
					<minDays count="1"/>
					<firstDay day="mon"/>
				</week>
				<am>ΠΜ</am>
				<pm>ΜΜ</pm>
				<eras>
					<eraAbbr>
						<era type="1">π.Χ.</era>
						<era type="2">μ.Χ.</era>
					</eraAbbr>
				</eras>
				<dateFormats>
					<default type="medium"/>
					<dateFormatLength type="full">
						<dateFormat >
							<pattern>EEEE, dd MMMM yyyy</pattern>
						</dateFormat>
					</dateFormatLength >
					<dateFormatLength type="long">
						<dateFormat >
							<pattern>dd MMMM yyyy</pattern>
						</dateFormat>
					</dateFormatLength >
					<dateFormatLength type="medium">
						<dateFormat >
							<pattern>dd MMM yyyy</pattern>
						</dateFormat>
					</dateFormatLength >
					<dateFormatLength type="short">
						<dateFormat >
							<pattern>dd/MM/yyyy</pattern>
						</dateFormat>
					</dateFormatLength >
				</dateFormats>
				<timeFormats>
					<default type="medium"/>
					<timeFormatLength type="full">
						<timeFormat >
							<pattern>h:mm:ss a z</pattern>
						</timeFormat>
					</timeFormatLength >
					<timeFormatLength type="long">
						<timeFormat >
							<pattern>h:mm:ss a z</pattern>
						</timeFormat>
					</timeFormatLength >
					<timeFormatLength type="medium">
						<timeFormat >
							<pattern>h:mm:ss a</pattern>
						</timeFormat>
					</timeFormatLength >
					<timeFormatLength type="short">
						<timeFormat >
							<pattern>h:mm a</pattern>
						</timeFormat>
					</timeFormatLength >
				</timeFormats>
				<dateTimeFormats>
					<dateTimeFormatLength >
						<dateTimeFormat>
							<pattern>{1} {0}</pattern>
						</dateTimeFormat>
					</dateTimeFormatLength >
				</dateTimeFormats>
			</calendar>
		</calendars>
	</dates>
	<numbers>
		<symbols>
			<decimal>,</decimal>
			<group>.</group>
			<list>;</list>
			<percentSign>%</percentSign>
			<nativeZeroDigit>0</nativeZeroDigit>
			<patternDigit>#</patternDigit>
			<plusSign>+</plusSign>
			<minusSign>-</minusSign>
			<exponential>E</exponential>
			<perMille>‰</perMille>
			<infinity>∞</infinity>
			<nan>�</nan>
		</symbols>
		<currencies>
			<currency type="AUD">
				<displayName>ΔΟΛΑΡΙΟ ΑΥΣΤΡΑΛΙΑΣ</displayName>
				<symbol>AUD</symbol>
			</currency>
			<currency type="CAD">
				<displayName>ΔΟΛΑΡΙΟ ΚΑΝΑΔΑ</displayName>
				<symbol>CAD</symbol>
			</currency>
			<currency type="CHF">
				<displayName>ΦΡΑΓΚΟ ΕΛΒΕΤΙΑΣ</displayName>
				<symbol>CHF</symbol>
			</currency>
			<currency type="CYP">
				<displayName>ΛΙΡΑ ΚΥΠΡΟΥ</displayName>
				<symbol>CYP</symbol>
			</currency>
			<currency type="DKK">
				<displayName>ΚΟΡΟΝΑ ΔΑΝΙΑΣ</displayName>
				<symbol>DKK</symbol>
			</currency>
			<currency type="EUR">
				<displayName>ΕΥΡΩ</displayName>
				<symbol>€</symbol>
			</currency>
			<currency type="GBP">
				<displayName>ΛΙΡΑ ΑΓΓΛΙΑΣ</displayName>
				<symbol>£</symbol>
			</currency>
			<currency type="GRD">
				<displayName>Δρχ</displayName>
				<symbol>Δρχ</symbol>
			</currency>
			<currency type="JPY">
				<displayName>ΓΙΕΝ ΙΑΠΩΝΙΑΣ</displayName>
				<symbol>¥</symbol>
			</currency>
			<currency type="NOK">
				<displayName>ΚΟΡΟΝΑ ΝΟΡΒΗΓΙΑΣ</displayName>
				<symbol>NOK</symbol>
			</currency>
			<currency type="SEK">
				<displayName>ΚΟΡΟΝΑ ΣΟΥΗΔΙΑΣ</displayName>
				<symbol>SEK</symbol>
			</currency>
			<currency type="USD">
				<displayName>ΔΟΛΑΡΙΟ ΗΠΑ</displayName>
				<symbol>USD</symbol>
			</currency>
		</currencies>
	</numbers>
</ldml>
