<?xml version="1.0" encoding="UTF-8" ?>
<!DOCTYPE ldml SYSTEM "http://www.unicode.org/cldr/dtd/1.1/ldml.dtd">
<ldml>
	<identity>
		<version number="1.1"/>
		<generation date="2004-06-04" />
		<language type="fa" /> 
	</identity>
	<localeDisplayNames>
		<languages>
			<language type="aa">آفاری</language>
			<language type="ab">آبخازی</language>
			<language type="ae">اوستایی</language>
			<language type="af">آفریکانس</language>
			<language type="afa">افریقا و آسیایی (غیره)</language>
			<language type="am">امهری</language>
			<language type="ang">انگلیسی باستان (حدود ۴۵۰-۱۱۰۰ م.)</language>
			<language type="apa">زبان‌های آپاچیایی</language>
			<language type="ar">عربی</language>
			<language type="arc">آرامی</language>
			<language type="art">ساخته‌گی (غیره)</language>
			<language type="as">آسامی</language>
			<language type="aus">زبان‌های استرالیایی</language>
			<language type="ay">آیمارایی</language>
			<language type="az">آذربایجانی</language>
			<language type="ba">باشکیر</language>
			<language type="bal">بلوچی</language>
			<language type="bat">بالتیکی (غیره)</language>
			<language type="be">بلوروسی</language>
			<language type="bg">بلغاری</language>
			<language type="bh">بیهاری</language>
			<language type="bho">بوجپوری</language>
			<language type="bi">بیسلاما</language>
			<language type="bn">بنگالی</language>
			<language type="bo">تبتی</language>
			<language type="bs">بوسنیایی</language>
			<language type="ca">کاتالونیایی</language>
			<language type="cai">سرخ‌پوستی امریکای مرکزی (غیره)</language>
			<language type="ce">چچنی</language>
			<language type="cel">سلتی (غیره)</language>
			<language type="ch">چامورویی</language>
			<language type="chr">چروکی</language>
			<language type="cop">قبطی</language>
			<language type="cs">چکی</language>
			<language type="cu">اسلاوی کلیسایی</language>
			<language type="cv">چوواشی</language>
			<language type="cy">ویلزی</language>
			<language type="da">دانمارکی</language>
			<language type="dak">داکوتایی</language>
			<language type="de">آلمانی</language>
			<language type="dra">دراویدی (غیره)</language>
			<language type="dum">هلندی میانه (حدود ۱۰۵۰-۱۳۵۰ م.)</language>
			<language type="dz">بوتانی</language>
			<language type="egy">مصری (باستانی)</language>
			<language type="el">یونانی</language>
			<language type="en">انگلیسی</language>
			<language type="enm">انگلیسی میانه (۱۱۰۰ -۱۵۰۰ م.)</language>
			<language type="eo">اسپرانتو</language>
			<language type="es">اسپانیایی</language>
			<language type="et">استونیایی</language>
			<language type="eu">باسکی</language>
			<language type="fa">فارسی</language>
			<language type="fi">فنلاندی</language>
			<language type="fj">فیجیایی</language>
			<language type="fo">فارویی</language>
			<language type="fr">فرانسوی</language>
			<language type="frm">فرانسوی میانه (حدود ۱۴۰۰-۱۶۰۰ م.)</language>
			<language type="fro">فرانسوی قدیم (۸۴۲-حدود ۱۴۰۰ م.)</language>
			<language type="ga">ایرلندی</language>
			<language type="gaa">گا</language>
			<language type="gem">ژرمنی (غیره)</language>
			<language type="gmh">آلمانی علیای میانه (حدود ۱۰۵۰-۱۵۰۰)</language>
			<language type="gn">گوارانی</language>
			<language type="goh">آلمانی علیای باستان (حدود ۷۵۰-۱۰۵۰)</language>
			<language type="got">گوتیک</language>
			<language type="grc">یونانی کهن (تا ۱۴۵۳ م.)</language>
			<language type="gu">گجراتی</language>
			<language type="gv">مانی</language>
			<language type="ha">هوسیایی</language>
			<language type="haw">هاوائیایی</language>
			<language type="he">عبری</language>
			<language type="hi">هندی</language>
			<language type="hit">هیتی</language>
			<language type="hr">کرواتی</language>
			<language type="hu">مجاری</language>
			<language type="hy">ارمنی</language>
			<language type="hz">هریرویی</language>
			<language type="ia">میان‌زبان</language>
			<language type="id">اندونزیایی</language>
			<language type="ik">اینوپیک</language>
			<language type="inc">هندیک (غیره)</language>
			<language type="ine">هندوارودپایی</language>
			<language type="ira">ایرانی</language>
			<language type="is">ایسلندی</language>
			<language type="it">ایتالیایی</language>
			<language type="iu">اینوکیتوت</language>
			<language type="ja">ژاپنی</language>
			<language type="jpr">فارسی یهودی</language>
			<language type="jrb">عربی یهودی</language>
			<language type="jv">جاوه‌ای</language>
			<language type="ka">گرجی</language>
			<language type="kk">قزاقی</language>
			<language type="km">خمری</language>
			<language type="kn">کاناده‌ای</language>
			<language type="ko">کره‌ای</language>
			<language type="kok">کنکانی</language>
			<language type="ks">کشمیری</language>
			<language type="ku">کردی</language>
			<language type="kv">کومیایی</language>
			<language type="kw">کرنوالی</language>
			<language type="ky">قرقیزی</language>
			<language type="la">لاتینی</language>
			<language type="lb">لتسه‌بورگیش</language>
			<language type="ln">لینگالا</language>
			<language type="lo">لائوسی</language>
			<language type="lt">لیتوانیایی</language>
			<language type="lv">لتونیایی</language>
			<language type="map">آسترونیزیایی</language>
			<language type="mg">مالاگاسیایی</language>
			<language type="mga">ایرلندی میانه (۹۰۰-۱۲۰۰ م.)</language>
			<language type="mh">مارشالی</language>
			<language type="mi">مائوریایی</language>
			<language type="mis">زبان‌های متفرقه</language>
			<language type="mk">مقدونی</language>
			<language type="ml">مالایالامی</language>
			<language type="mn">مغولی</language>
			<language type="mo">مولداویایی</language>
			<language type="moh">موهاکی</language>
			<language type="mr">مراتی</language>
			<language type="ms">مالزیایی</language>
			<language type="mt">مالتی</language>
			<language type="mul">چندین زبان</language>
			<language type="my">برمه‌ای</language>
			<language type="myn">مایاییک</language>
			<language type="na">نائورویی</language>
			<language type="nai">سرخ‌پوستی امریکای شمالی (غیره)</language>
			<language type="nb">بوکسمال نروژی</language>
			<language type="nd">انده‌بله‌ای شمالی</language>
			<language type="nds">آلمانی سفلی؛ ساکسون سفلب</language>
			<language type="ne">نپالی</language>
			<language type="nl">هلندی</language>
			<language type="nn">نینورسک نروژی</language>
			<language type="no">نروژی</language>
			<language type="nr">انده‌بله‌ای جنوبی</language>
			<language type="nv">ناواهویی</language>
			<language type="or">اوریه‌ای</language>
			<language type="ota">ترکی (امپراتوری عثمانی)</language>
			<language type="pa">پنجابی</language>
			<language type="paa">پاپوایی (غیره)</language>
			<language type="pal">پهلوی</language>
			<language type="peo">فارسی قدیم (حدود ۶۰۰-۴۰۰ ق.م.)</language>
			<language type="phi">فیایپینی (غیره)</language>
			<language type="phn">فنیقی</language>
			<language type="pi">پالی</language>
			<language type="pl">لهستانی</language>
			<language type="ps">پشتو</language>
			<language type="pt">پرتغالی</language>
			<language type="qu">کچوایی</language>
			<language type="ro">رومانیایی</language>
			<language type="root">ریشه</language>
			<language type="ru">روسی</language>
			<language type="rw">کینیارواندایی</language>
			<language type="sa">سنسکریت</language>
			<language type="sai">سرخ‌پوستی امریکای جنوبی (غیره)</language>
			<language type="sc">ساردینیایی</language>
			<language type="sco">اسکاتلندی</language>
			<language type="sd">سندی</language>
			<language type="sem">سامی</language>
			<language type="sg">سانگویی</language>
			<language type="sga">ایرلندی باستان (تا ۹۰۰ م.)</language>
			<language type="sgn">زبان‌های نشانه‌ای</language>
			<language type="sh">صرب و کرواتی</language>
			<language type="si">سینهالی</language>
			<language type="sit">چین و تبتی (غیره)</language>
			<language type="sk">اسلواکی</language>
			<language type="sl">اسلووینیایی</language>
			<language type="sm">ساموآیی</language>
			<language type="sn">شونایی</language>
			<language type="so">سومالیایی</language>
			<language type="sq">آلبانیایی</language>
			<language type="sr">صربی</language>
			<language type="st">سوتویی جنوبی</language>
			<language type="su">سوندایی</language>
			<language type="sux">سومری</language>
			<language type="sv">سوئدی</language>
			<language type="sw">سواحلی</language>
			<language type="syr">سریانی</language>
			<language type="ta">تامیلی</language>
			<language type="te">تلوگویی</language>
			<language type="tg">تاجیکی</language>
			<language type="th">تایلندی</language>
			<language type="ti">تیگرینیایی</language>
			<language type="tk">ترکمتی</language>
			<language type="tl">تاگالوگی</language>
			<language type="tn">تسوانایی</language>
			<language type="to">تونگایی (جزایر تونگا)</language>
			<language type="tr">ترکی</language>
			<language type="ts">تسونگایی</language>
			<language type="tt">تاتاری</language>
			<language type="tw">توی‌یایی</language>
			<language type="ty">تاهیتیایی</language>
			<language type="ug">اویغوری</language>
			<language type="uk">اوکراینی</language>
			<language type="und">نامشخص</language>
			<language type="ur">اردو</language>
			<language type="uz">ازبکی</language>
			<language type="vi">ویتنامی</language>
			<language type="vo">ولاپوک</language>
			<language type="wo">ولوفی</language>
			<language type="xh">خوسایی</language>
			<language type="yi">یدی</language>
			<language type="yo">یوروبایی</language>
			<language type="zh">چینی</language>
			<language type="zu">زولویی</language>
		</languages>
		<scripts>
			<script type="Arab">عربی</script>
			<script type="Armn">ارمنی</script>
			<script type="Beng">بنگالی</script>
			<script type="Bopo">بوپوموفو</script>
			<script type="Cher">چروکیایی</script>
			<script type="Cyrl">سیریلی</script>
			<script type="Deva">دوناگری</script>
			<script type="Ethi">اتیوپیایی</script>
			<script type="Geor">گرجی</script>
			<script type="Goth">گوتیک</script>
			<script type="Grek">یونانی</script>
			<script type="Gujr">گجراتی</script>
			<script type="Hang">هانگول</script>
			<script type="Hani">هان</script>
			<script type="Hebr">عبری</script>
			<script type="Hira">هیراگانا</script>
			<script type="Kana">کاتاکانا</script>
			<script type="Khmr">خمری</script>
			<script type="Knda">کاناده‌ای</script>
			<script type="Laoo">لائوسی</script>
			<script type="Latn">لاتین</script>
			<script type="Mlym">مالایالامی</script>
			<script type="Mong">مغولی</script>
			<script type="Mymr">میانمار</script>
			<script type="Orya">اوریه‌ای</script>
			<script type="Qaac">قبطی</script>
			<script type="Qaai">موروثی</script>
			<script type="Runr">رونی</script>
			<script type="Syrc">آسوری</script>
			<script type="Taml">تامیل</script>
			<script type="Telu">تلوگویی</script>
			<script type="Thai">تایلندی</script>
			<script type="Tibt">تبتی</script>
			<script type="Yiii">یی</script>
			<script type="Zyyy">مشترک</script>
		</scripts>
		<territories>
			<territory type="AD">آندورا</territory>
			<territory type="AE">امارات متحده‌ی عربی</territory>
			<territory type="AF">افغانستان</territory>
			<territory type="AG">آنتیگوا و باربودا</territory>
			<territory type="AI">آنگیل</territory>
			<territory type="AL">آلبانی</territory>
			<territory type="AM">ارمنستان</territory>
			<territory type="AN">آنتیل هلند</territory>
			<territory type="AO">آنگولا</territory>
			<territory type="AQ">جنوبگان</territory>
			<territory type="AR">آرژانتین</territory>
			<territory type="AS">ساموای امریکا</territory>
			<territory type="AT">اتریش</territory>
			<territory type="AU">استرالیا</territory>
			<territory type="AW">آروبا</territory>
			<territory type="AZ">آذربایجان</territory>
			<territory type="BA">بوسنی و هرزگوین</territory>
			<territory type="BB">باربادوس</territory>
			<territory type="BD">بنگلادش</territory>
			<territory type="BE">بلژیک</territory>
			<territory type="BF">بورکینافاسو</territory>
			<territory type="BG">بلغارستان</territory>
			<territory type="BH">بحرین</territory>
			<territory type="BI">بوروندی</territory>
			<territory type="BJ">بنین</territory>
			<territory type="BM">برمودا</territory>
			<territory type="BN">برونئی</territory>
			<territory type="BO">بولیوی</territory>
			<territory type="BR">برزیل</territory>
			<territory type="BS">باهاما</territory>
			<territory type="BT">بوتان</territory>
			<territory type="BV">جزیره‌ی بووت</territory>
			<territory type="BW">بوتسوانا</territory>
			<territory type="BY">بیلوروسی</territory>
			<territory type="BZ">بلیز</territory>
			<territory type="CA">کانادا</territory>
			<territory type="CC">جزایر کوکوس</territory>
			<territory type="CD">جمهوری دموکراتیک کنگو</territory>
			<territory type="CF">جمهوری افریقای مرکزی</territory>
			<territory type="CG">کونگو</territory>
			<territory type="CH">سوئیس</territory>
			<territory type="CI">ساحل عاج</territory>
			<territory type="CK">جزایر کوک</territory>
			<territory type="CL">شیلی</territory>
			<territory type="CM">کامرون</territory>
			<territory type="CN">چین</territory>
			<territory type="CO">کلمبیا</territory>
			<territory type="CR">کاستاریکا</territory>
			<territory type="CU">کوبا</territory>
			<territory type="CV">کیپ ورد</territory>
			<territory type="CX">جزیره‌ی کریسمس</territory>
			<territory type="CY">قبرس</territory>
			<territory type="CZ">جمهوری چک</territory>
			<territory type="DE">آلمان</territory>
			<territory type="DJ">جیبوتی</territory>
			<territory type="DK">دانمارک</territory>
			<territory type="DM">دومینیکا</territory>
			<territory type="DO">جمهوری دومینیکن</territory>
			<territory type="DZ">الجزایر</territory>
			<territory type="EC">اکوادر</territory>
			<territory type="EE">استونی</territory>
			<territory type="EG">مصر</territory>
			<territory type="EH">صحرای غربی</territory>
			<territory type="ER">اریتره</territory>
			<territory type="ES">اسپانیا</territory>
			<territory type="ET">اتیوپی</territory>
			<territory type="FI">فنلاند</territory>
			<territory type="FJ">فیجی</territory>
			<territory type="FK">جزایر فالکلند</territory>
			<territory type="FM">میکرونزی</territory>
			<territory type="FO">جزایر فارو</territory>
			<territory type="FR">فرانسه</territory>
			<territory type="GA">گابون</territory>
			<territory type="GB">انگلستان</territory>
			<territory type="GD">گرانادا</territory>
			<territory type="GE">گرجستان</territory>
			<territory type="GF">گویان فرانسه</territory>
			<territory type="GH">غنا</territory>
			<territory type="GI">گیبرالتار</territory>
			<territory type="GL">گروئنلند</territory>
			<territory type="GM">گامبیا</territory>
			<territory type="GN">گینه</territory>
			<territory type="GP">گوادلوپ</territory>
			<territory type="GQ">گینه‌ی استوایی</territory>
			<territory type="GR">یونان</territory>
			<territory type="GS">جورجیای جنوبی و جزایر ساندویچ جنوبی</territory>
			<territory type="GT">گواتمالا</territory>
			<territory type="GU">گوام</territory>
			<territory type="GW">گینه‌ی بیسائو</territory>
			<territory type="GY">گویان</territory>
			<territory type="HK">هنگ‌کنگ</territory>
			<territory type="HM">جزیره‌ی هرد و جزایر مک‌دونالد</territory>
			<territory type="HN">هندوراس</territory>
			<territory type="HR">کرواسی</territory>
			<territory type="HT">هاییتی</territory>
			<territory type="HU">مجارستان</territory>
			<territory type="ID">اندونزی</territory>
			<territory type="IE">ایرلند</territory>
			<territory type="IL">اسرائیل</territory>
			<territory type="IN">هند</territory>
			<territory type="IO">مستعمره‌های انگلستان در اقیانوس هند</territory>
			<territory type="IQ">عراق</territory>
			<territory type="IR">ایران</territory>
			<territory type="IS">ایسلند</territory>
			<territory type="IT">ایتالیا</territory>
			<territory type="JM">جامائیکا</territory>
			<territory type="JO">اردن</territory>
			<territory type="JP">ژاپن</territory>
			<territory type="KE">کنیا</territory>
			<territory type="KG">قرقیزستان</territory>
			<territory type="KH">کامبوج</territory>
			<territory type="KI">کیریباتی</territory>
			<territory type="KM">کومورو</territory>
			<territory type="KN">سنت کیتس و نویس</territory>
			<territory type="KP">کره‌ی شمالی</territory>
			<territory type="KR">کره‌ی جنوبی</territory>
			<territory type="KW">کویت</territory>
			<territory type="KY">جزایر کِیمن</territory>
			<territory type="KZ">قزاقستان</territory>
			<territory type="LA">لائوس</territory>
			<territory type="LB">لبنان</territory>
			<territory type="LC">سنت لوسیا</territory>
			<territory type="LI">لیختن‌اشتاین</territory>
			<territory type="LK">سری‌لانکا</territory>
			<territory type="LR">لیبریا</territory>
			<territory type="LS">لسوتو</territory>
			<territory type="LT">لیتوانی</territory>
			<territory type="LU">لوکزامبورگ</territory>
			<territory type="LV">لتونی</territory>
			<territory type="LY">لیبی</territory>
			<territory type="MA">مراکش</territory>
			<territory type="MC">موناکو</territory>
			<territory type="MD">مولدووا</territory>
			<territory type="MG">ماداگاسکار</territory>
			<territory type="MH">جزایر مارشال</territory>
			<territory type="MK">مقدونیه</territory>
			<territory type="ML">مالی</territory>
			<territory type="MM">میانمار</territory>
			<territory type="MN">مغولستان</territory>
			<territory type="MO">ماکائو</territory>
			<territory type="MP">جزایر ماریانای شمالی</territory>
			<territory type="MQ">مارتینیک</territory>
			<territory type="MR">موریتانی</territory>
			<territory type="MS">مونت‌سرات</territory>
			<territory type="MT">مالت</territory>
			<territory type="MU">موریتیوس</territory>
			<territory type="MV">مالدیو</territory>
			<territory type="MW">مالاوی</territory>
			<territory type="MX">مکزیک</territory>
			<territory type="MY">مالزی</territory>
			<territory type="MZ">موزامبیک</territory>
			<territory type="NA">نامیبیا</territory>
			<territory type="NC">کالدونیای جدید</territory>
			<territory type="NE">نیجر</territory>
			<territory type="NF">جزیره‌ی نورفولک</territory>
			<territory type="NG">نیجریه</territory>
			<territory type="NI">نیکاراگوئه</territory>
			<territory type="NL">هلند</territory>
			<territory type="NO">نروژ</territory>
			<territory type="NP">نپال</territory>
			<territory type="NR">نائورو</territory>
			<territory type="NU">نیوئه</territory>
			<territory type="NZ">زلاند نو</territory>
			<territory type="OM">عمان</territory>
			<territory type="PA">پاناما</territory>
			<territory type="PE">پرو</territory>
			<territory type="PF">پلی‌نزی فرانسه</territory>
			<territory type="PG">پاپوا گینه‌ی نو</territory>
			<territory type="PH">فیلیپین</territory>
			<territory type="PK">پاکستان</territory>
			<territory type="PL">لهستان</territory>
			<territory type="PM">سنت پیر و میکلون</territory>
			<territory type="PN">پیتکایرن</territory>
			<territory type="PR">پورتو ریکو</territory>
			<territory type="PT">پرتغال</territory>
			<territory type="PW">پالائو</territory>
			<territory type="PY">پاراگوئه</territory>
			<territory type="QA">قطر</territory>
			<territory type="RE">ریونیون</territory>
			<territory type="RO">رومانی</territory>
			<territory type="RU">روسیه</territory>
			<territory type="RW">رواندا</territory>
			<territory type="SA">عربستان سعودی</territory>
			<territory type="SB">جزایر سلیمان</territory>
			<territory type="SC">سیشل</territory>
			<territory type="SD">سودان</territory>
			<territory type="SE">سوئد</territory>
			<territory type="SG">سنگاپور</territory>
			<territory type="SH">سنت هلن</territory>
			<territory type="SI">اسلوونی</territory>
			<territory type="SJ">اسوالبارد و جان ماین</territory>
			<territory type="SK">اسلواکی</territory>
			<territory type="SL">سیرالئون</territory>
			<territory type="SM">سان مارینو</territory>
			<territory type="SN">سنگال</territory>
			<territory type="SO">سومالی</territory>
			<territory type="SP">صربستان</territory>
			<territory type="SR">سورینام</territory>
			<territory type="ST">سائو تومه و پرینسیپه</territory>
			<territory type="SV">السالوادور</territory>
			<territory type="SY">سوریه</territory>
			<territory type="SZ">سوازیلند</territory>
			<territory type="TC">جزایر ترک و کایکوس</territory>
			<territory type="TD">چاد</territory>
			<territory type="TF">مستعمره‌های جنوبی فرانسه</territory>
			<territory type="TG">توگو</territory>
			<territory type="TH">تایلند</territory>
			<territory type="TJ">تاجیکستان</territory>
			<territory type="TK">توکلائو</territory>
			<territory type="TL">تیمور شرقی</territory>
			<territory type="TM">ترکمنستان</territory>
			<territory type="TN">تونس</territory>
			<territory type="TO">تونگا</territory>
			<territory type="TR">ترکیه</territory>
			<territory type="TT">ترینیداد و توباگو</territory>
			<territory type="TV">تووالو</territory>
			<territory type="TW">تایوان</territory>
			<territory type="TZ">تانزانیا</territory>
			<territory type="UA">اوکراین</territory>
			<territory type="UG">اوگاندا</territory>
			<territory type="UM">جزایر کوچک دورافتاده‌ی ایالات متحده</territory>
			<territory type="US">ایالات متحده‌ی امریکا</territory>
			<territory type="UY">اوروگوئه</territory>
			<territory type="UZ">ازبکستان</territory>
			<territory type="VA">واتیکان</territory>
			<territory type="VC">سنت وینسنت و گرنادین</territory>
			<territory type="VE">ونزوئلا</territory>
			<territory type="VG">جزایر ویرجین انگلستان</territory>
			<territory type="VI">جزایر ویرجین ایالات متحده</territory>
			<territory type="VN">ویتنام</territory>
			<territory type="VU">وانواتو</territory>
			<territory type="WF">والیس و فیوتونا</territory>
			<territory type="WS">ساموا</territory>
			<territory type="YE">یمن</territory>
			<territory type="YT">مایوت</territory>
			<territory type="YU">یوگسلاوی</territory>
			<territory type="ZA">افریقای جنوبی</territory>
			<territory type="ZM">زامبیا</territory>
			<territory type="ZW">زیمبابوه</territory>
		</territories>
	</localeDisplayNames>
	<layout>
		<orientation lines="top-to-bottom" characters="right-to-left" />
	</layout>
	<characters>
		<exemplarCharacters>[ء-ؤئ-غفقل-وً-ْٰٔپچژکگی‌‍‏‎]</exemplarCharacters>
	</characters>
	<dates>
		<calendars>
			<calendar type="gregorian">
				<months>
					<monthContext type="format">
						<monthWidth type="abbreviated">
							<month type="1">ژان</month>
							<month type="2">فور</month>
							<month type="3">مار</month>
							<month type="4">آور</month>
							<month type="5">مـه</month>
							<month type="6">ژون</month>
							<month type="7">ژوی</month>
							<month type="8">اوت</month>
							<month type="9">سپت</month>
							<month type="10">اکت</month>
							<month type="11">نوا</month>
							<month type="12">دسا</month>
						</monthWidth>
						<monthWidth type="wide">
							<month type="1">ژانویه</month>
							<month type="2">فوریه</month>
							<month type="3">مارس</month>
							<month type="4">آوریل</month>
							<month type="5">مه</month>
							<month type="6">ژوئن</month>
							<month type="7">ژوئیه</month>
							<month type="8">اوت</month>
							<month type="9">سپتامبر</month>
							<month type="10">اکتبر</month>
							<month type="11">نوامبر</month>
							<month type="12">دسامبر</month>
						</monthWidth>
					</monthContext>
				</months>
				<days>
					<dayContext type="format">
						<dayWidth type="abbreviated">
							<day type="sun">ی.</day>
							<day type="mon">د.</day>
							<day type="tue">س.</day>
							<day type="wed">چ.</day>
							<day type="thu">پ.</day>
							<day type="fri">ج.</day>
							<day type="sat">ش.</day>
						</dayWidth>
						<dayWidth type="wide">
							<day type="sun">یک‌شنبه</day>
							<day type="mon">دوشنبه</day>
							<day type="tue">سه‌شنبه</day>
							<day type="wed">چهارشنبه</day>
							<day type="thu">پنج‌شنبه</day>
							<day type="fri">جمعه</day>
							<day type="sat">شنبه</day>
						</dayWidth>
					</dayContext>
				</days>
				<am>ق.ظ.</am>
				<pm>ب.ظ.</pm>
				<eras>
					<eraAbbr>
						<era type="1">ق.م.</era>
						<era type="2">م.</era>
					</eraAbbr>
				</eras>
				<dateFormats>
					<default type="medium"/>
					<dateFormatLength type="full">
						<dateFormat >
							<pattern>EEEE، d MMMM yyyy</pattern>
						</dateFormat>
					</dateFormatLength >
					<dateFormatLength type="long">
						<dateFormat >
							<pattern>d MMMM yyyy</pattern>
						</dateFormat>
					</dateFormatLength >
					<dateFormatLength type="medium">
						<dateFormat >
							<pattern>yyyy/MM/d</pattern>
						</dateFormat>
					</dateFormatLength >
					<dateFormatLength type="short">
						<dateFormat >
							<pattern>yyyy/MM/d</pattern>
						</dateFormat>
					</dateFormatLength >
				</dateFormats>
				<timeFormats>
					<default type="medium"/>
					<timeFormatLength type="full">
						<timeFormat >
							<pattern>HH:mm:ss (z)</pattern>
						</timeFormat>
					</timeFormatLength >
					<timeFormatLength type="long">
						<timeFormat >
							<pattern>HH:mm:ss (z)</pattern>
						</timeFormat>
					</timeFormatLength >
					<timeFormatLength type="medium">
						<timeFormat >
							<pattern>HH:mm:ss</pattern>
						</timeFormat>
					</timeFormatLength >
					<timeFormatLength type="short">
						<timeFormat >
							<pattern>HH:mm</pattern>
						</timeFormat>
					</timeFormatLength >
				</timeFormats>
				<dateTimeFormats>
					<dateTimeFormatLength >
						<dateTimeFormat>
							<pattern>{1} {0}</pattern>
						</dateTimeFormat>
					</dateTimeFormatLength >
				</dateTimeFormats>
			</calendar>
		</calendars>
		<timeZoneNames>
			<zone type="Asia/Tehran">
				<long>
				<standard>وقت استاندارد تهران</standard>
				<daylight>وقت تابستانی تهران</daylight>
				</long>
				<short>
					<standard>IRST</standard>
					<daylight>IRDT</daylight>
				</short>
				<exemplarCity>تهران</exemplarCity>
			</zone>
		</timeZoneNames>
	</dates>
	<numbers>
		<currencies>
			<currency type="AFA">
				<displayName>افغانی</displayName>
				<symbol>افغانی</symbol>
			</currency>
			<currency type="IRR">
				<displayName>IRR</displayName>
				<symbol>﷼</symbol>
			</currency>
		</currencies>
	</numbers>
</ldml>
