<?xml version="1.0" encoding="UTF-8" ?>
<!DOCTYPE ldml SYSTEM "http://www.unicode.org/cldr/dtd/1.1/ldml.dtd">
<ldml>
	<identity>
		<version number="1.1"/>
		<generation date="2004-06-04" />
		<language type="fi" /> 
	</identity>
	<localeDisplayNames>
		<languages>
			<language type="aa">afar</language>
			<language type="ab">abhaasi</language>
			<language type="ace">aceh</language>
			<language type="ada">adangme</language>
			<language type="ady">adyghe</language>
			<language type="ae">avesta</language>
			<language type="af">afrikaans</language>
			<language type="afa">muut afroaasialaiset kielet</language>
			<language type="afh">afrihili</language>
			<language type="ak">akan</language>
			<language type="akk">akkadi</language>
			<language type="ale">aleutti</language>
			<language type="alg">algonkin-kielet</language>
			<language type="am">amhara</language>
			<language type="an">aragonia</language>
			<language type="ang">muinaisenglanti</language>
			<language type="apa">apassi</language>
			<language type="ar">arabia</language>
			<language type="arc">aramea</language>
			<language type="arn">araukaani</language>
			<language type="arp">arapaho</language>
			<language type="art">muut tekokielet</language>
			<language type="arw">arawak</language>
			<language type="as">assami</language>
			<language type="ast">astuuri</language>
			<language type="ath">athabasca-kielet</language>
			<language type="aus">australialaiset kielet</language>
			<language type="av">avaari</language>
			<language type="awa">awadhi</language>
			<language type="ay">aimara</language>
			<language type="az">azerbaizani</language>
			<language type="ba">baškiiri</language>
			<language type="bad">banda</language>
			<language type="bai">bamileke</language>
			<language type="bal">balutši</language>
			<language type="bam">bambara</language>
			<language type="ban">bali</language>
			<language type="bas">basa</language>
			<language type="bat">muut balttilaiset kielet</language>
			<language type="be">valkovenäjä</language>
			<language type="bej">bedauje</language>
			<language type="bem">bemba</language>
			<language type="ber">berberi</language>
			<language type="bg">bulgaria</language>
			<language type="bh">bihari</language>
			<language type="bho">bhodžpuri</language>
			<language type="bi">bislama</language>
			<language type="bik">bicol</language>
			<language type="bin">bini</language>
			<language type="bla">mustajalka</language>
			<language type="bm">bambara</language>
			<language type="bn">bengali</language>
			<language type="bnt">bantu</language>
			<language type="bo">tiibet</language>
			<language type="br">bretoni</language>
			<language type="bra">bradž</language>
			<language type="bs">bosnia</language>
			<language type="btk">batakki</language>
			<language type="bua">burjaatti</language>
			<language type="bug">bugi</language>
			<language type="byn">blin</language>
			<language type="ca">katalaani</language>
			<language type="cad">caddo</language>
			<language type="cai">muut Keski-Amerikan intiaanikielet</language>
			<language type="car">karib</language>
			<language type="cau">muut kaukasialaiset kielet</language>
			<language type="ce">tšetšeeni</language>
			<language type="ceb">sebuano</language>
			<language type="cel">muut kelttiläiset kielet</language>
			<language type="ch">chamorro</language>
			<language type="chb">chibcha</language>
			<language type="chg">tšagatai</language>
			<language type="chk">truk</language>
			<language type="chm">mari</language>
			<language type="chn">chinook</language>
			<language type="cho">choctaw</language>
			<language type="chp">chipewya</language>
			<language type="chr">cherokee</language>
			<language type="chy">cheyenne</language>
			<language type="cmc">tšam</language>
			<language type="co">korsika</language>
			<language type="cop">kopti</language>
			<language type="cpe">pidginenglanti</language>
			<language type="cpf">muut ranskaan perustuvat kreolit ja pidginit</language>
			<language type="cpp">muut portugaliin perustuvat kreolit ja pidginit</language>
			<language type="cr">cree</language>
			<language type="crh">krimin turkki; krimin tataari</language>
			<language type="crp">muut kreolit ja pidginit</language>
			<language type="cs">tsekki</language>
			<language type="csb">kashubi</language>
			<language type="cu">kirkkoslaavi</language>
			<language type="cus">muut kuusilaiset kielet</language>
			<language type="cv">tšuvassi</language>
			<language type="cy">kymri</language>
			<language type="da">tanska</language>
			<language type="dak">sioux</language>
			<language type="dar">dargva</language>
			<language type="day">dajakki</language>
			<language type="de">saksa</language>
			<language type="del">delaware</language>
			<language type="den">slaavi</language>
			<language type="dgr">dogrib</language>
			<language type="din">dinka</language>
			<language type="doi">dogri</language>
			<language type="dra">muut dravidakielet</language>
			<language type="dsb">ala-sorbi</language>
			<language type="dua">duala</language>
			<language type="dum">keskihollanti</language>
			<language type="dv">malediivi</language>
			<language type="dyu">djula</language>
			<language type="dz">bhutani</language>
			<language type="ee">ewe</language>
			<language type="efi">efik</language>
			<language type="egy">muinaisegypti</language>
			<language type="eka">ekajuk</language>
			<language type="el">kreikka</language>
			<language type="elx">elami</language>
			<language type="en">englanti</language>
			<language type="enm">keskienglanti</language>
			<language type="eo">esperanto</language>
			<language type="es">espanja</language>
			<language type="et">viro</language>
			<language type="eu">baski</language>
			<language type="ewo">ewondo</language>
			<language type="fa">farsi</language>
			<language type="fan">fang</language>
			<language type="fat">fanti</language>
			<language type="ff">fulani</language>
			<language type="fi">suomi</language>
			<language type="fiu">muut suomalais-ugrilaiset kielet</language>
			<language type="fj">fidži</language>
			<language type="fo">fääri</language>
			<language type="fon">fong</language>
			<language type="fr">ranska</language>
			<language type="frm">keskiranska</language>
			<language type="fro">muinaisranska</language>
			<language type="fur">friuli</language>
			<language type="fy">friisi</language>
			<language type="ga">iiri</language>
			<language type="gaa">ga</language>
			<language type="gay">gayo</language>
			<language type="gba">gbaja</language>
			<language type="gd">gaeli</language>
			<language type="gem">muut germaaniset kielet</language>
			<language type="gez">etiopia</language>
			<language type="gil">kiribati</language>
			<language type="gl">galicia</language>
			<language type="gmh">keskiyläsaksa</language>
			<language type="gn">guarani</language>
			<language type="goh">muinaisyläsaksa</language>
			<language type="gon">gondi</language>
			<language type="gor">gorontalo</language>
			<language type="got">gootti</language>
			<language type="grb">grebo</language>
			<language type="grc">muinaiskreikka</language>
			<language type="gu">gujarati</language>
			<language type="gv">manx</language>
			<language type="gwi">gwitşin</language>
			<language type="ha">hausa</language>
			<language type="hai">haida</language>
			<language type="haw">havaiji</language>
			<language type="he">heprea</language>
			<language type="hi">hindi</language>
			<language type="hil">ilongo</language>
			<language type="him">himachali</language>
			<language type="hit">heetti</language>
			<language type="hmn">hmong</language>
			<language type="ho">hiri-motu</language>
			<language type="hr">kroaatti</language>
			<language type="hsb">ylä-sorbi</language>
			<language type="ht">haiti</language>
			<language type="hu">unkari</language>
			<language type="hup">hupa</language>
			<language type="hy">armenia</language>
			<language type="hz">herero</language>
			<language type="ia">interlingua</language>
			<language type="iba">iban</language>
			<language type="id">indonesia</language>
			<language type="ie">interlingue</language>
			<language type="ig">igbo</language>
			<language type="ii">pohjois-ji</language>
			<language type="ik">inupiak</language>
			<language type="ilo">iloko</language>
			<language type="inc">muut intialaiset kielet</language>
			<language type="ine">muut indoeurooppalaiset kielet</language>
			<language type="inh">inguuši</language>
			<language type="io">ido</language>
			<language type="ira">iran</language>
			<language type="iro">irokeesi</language>
			<language type="is">islanti</language>
			<language type="it">italia</language>
			<language type="iu">eskimo</language>
			<language type="ja">japani</language>
			<language type="jbo">lojba</language>
			<language type="jpr">juutalaispersia</language>
			<language type="jrb">juutalaisarabia</language>
			<language type="jv">jaava</language>
			<language type="ka">georgia</language>
			<language type="kaa">karakalpakki</language>
			<language type="kab">kabyyli</language>
			<language type="kac">džingpho</language>
			<language type="kam">kamba</language>
			<language type="kar">karen</language>
			<language type="kaw">kavi</language>
			<language type="kbd">kabardi</language>
			<language type="kg">kongo</language>
			<language type="kha">khasi</language>
			<language type="khi">muut khoisankielet</language>
			<language type="kho">khotani</language>
			<language type="ki">kikuju</language>
			<language type="kj">kuanjama</language>
			<language type="kk">kazakki</language>
			<language type="kl">grönlanti</language>
			<language type="km">khmer</language>
			<language type="kmb">kimbundu</language>
			<language type="kn">kannada</language>
			<language type="ko">korea</language>
			<language type="kok">konkani</language>
			<language type="kos">kosrae</language>
			<language type="kpe">kpelle</language>
			<language type="kr">kanuri</language>
			<language type="krc">karachay-balkar</language>
			<language type="kro">kru-kielet</language>
			<language type="kru">kurukh</language>
			<language type="ks">kašmiri</language>
			<language type="ku">kurdi</language>
			<language type="kum">kumukki</language>
			<language type="kut">kutenai</language>
			<language type="kv">komi</language>
			<language type="kw">korni</language>
			<language type="ky">kirgiisi</language>
			<language type="la">latina</language>
			<language type="lad">juutalaisespanja</language>
			<language type="lah">lahnda</language>
			<language type="lam">lamba</language>
			<language type="lb">luxemburg</language>
			<language type="lez">lezgi</language>
			<language type="lg">ganda</language>
			<language type="li">limburgi</language>
			<language type="ln">lingala</language>
			<language type="lo">lao</language>
			<language type="lol">mongo</language>
			<language type="loz">lozi</language>
			<language type="lt">liettua</language>
			<language type="lu">katangan luba</language>
			<language type="lua">luba</language>
			<language type="lui">luiseno</language>
			<language type="lun">lunda</language>
			<language type="lus">lushai</language>
			<language type="lv">latvia</language>
			<language type="mad">madura</language>
			<language type="mag">magahi</language>
			<language type="mai">maithili</language>
			<language type="mak">makassar</language>
			<language type="man">mandingo</language>
			<language type="map">austronesia</language>
			<language type="mas">maasai</language>
			<language type="mdf">mokša</language>
			<language type="mdr">mandar</language>
			<language type="men">mende</language>
			<language type="mg">malagasi</language>
			<language type="mga">keski-iiri</language>
			<language type="mh">marshalli</language>
			<language type="mi">maori</language>
			<language type="mic">micmac</language>
			<language type="min">minangkabau</language>
			<language type="mis">sekalaiset kielet</language>
			<language type="mk">makedonia</language>
			<language type="mkh">muut mon-khmer-kielet</language>
			<language type="ml">malajalam</language>
			<language type="mn">mongoli</language>
			<language type="mnc">mantšu</language>
			<language type="mni">manipuri</language>
			<language type="mno">manobo-kielet</language>
			<language type="mo">moldova</language>
			<language type="moh">mohawk</language>
			<language type="mos">mosi</language>
			<language type="mr">marathi</language>
			<language type="ms">malaiji</language>
			<language type="mt">malta</language>
			<language type="mul">monikielinen</language>
			<language type="mun">mundakielet</language>
			<language type="mus">muskogi</language>
			<language type="mwr">marwari</language>
			<language type="my">burma</language>
			<language type="myn">maya</language>
			<language type="myv">ersä</language>
			<language type="na">nauru</language>
			<language type="nah">nahuatl</language>
			<language type="nai">muut Pohjois-Amerikan intiaanikielet</language>
			<language type="nap">napolin italia</language>
			<language type="nb">kirjanorja</language>
			<language type="nd">pohjoisndebele</language>
			<language type="nds">alasaksa</language>
			<language type="ne">nepali</language>
			<language type="new">newari</language>
			<language type="ng">ndonga</language>
			<language type="nia">nias</language>
			<language type="nic">muut nigeriläis-kongolaiset kielet</language>
			<language type="niu">niue</language>
			<language type="nl">hollanti</language>
			<language type="nn">uusnorja</language>
			<language type="no">norja</language>
			<language type="nog">nogai</language>
			<language type="non">muinaisskandinaavi</language>
			<language type="nr">eteländebele</language>
			<language type="nso">pedi</language>
			<language type="nub">nuubialaiset kielet</language>
			<language type="nv">navaho</language>
			<language type="ny">njandža, tšewa</language>
			<language type="nym">nyamwezi</language>
			<language type="nyn">nyankole</language>
			<language type="nyo">nyoro</language>
			<language type="nzi">nzima</language>
			<language type="oc">oksitaani, provensaali</language>
			<language type="oj">ojibwa</language>
			<language type="om">oromo</language>
			<language type="or">orija</language>
			<language type="os">osseetti</language>
			<language type="osa">osage</language>
			<language type="ota">osmani</language>
			<language type="oto">otomangelaiset kielet</language>
			<language type="pa">punjabi</language>
			<language type="paa">muut papualaiskielet</language>
			<language type="pag">pangasinan</language>
			<language type="pal">pahlavi</language>
			<language type="pam">pampanga</language>
			<language type="pap">papiamentu</language>
			<language type="pau">palau</language>
			<language type="peo">muinaispersia</language>
			<language type="phi">muut filippiiniläiskielet</language>
			<language type="phn">foinikia</language>
			<language type="pi">pali</language>
			<language type="pl">puola</language>
			<language type="pon">pohnpei</language>
			<language type="pra">prakriitit</language>
			<language type="pro">muinaisprovensaali</language>
			<language type="ps">pašto</language>
			<language type="pt">portugali</language>
			<language type="qu">ketšua</language>
			<language type="raj">rajasthani</language>
			<language type="rap">rapanui</language>
			<language type="rar">rarotonga</language>
			<language type="rm">retoromaani</language>
			<language type="rn">rundi</language>
			<language type="ro">romania</language>
			<language type="roa">muut romaaniset kielet</language>
			<language type="rom">romani</language>
			<language type="ru">venäjä</language>
			<language type="rw">ruanda</language>
			<language type="sa">sanskriitti</language>
			<language type="sad">sandawe</language>
			<language type="sah">jakuutti</language>
			<language type="sai">muut Etelä-Amerikan intiaanikielet</language>
			<language type="sal">sališ</language>
			<language type="sam">länsiaramea</language>
			<language type="sas">sasak</language>
			<language type="sat">santali</language>
			<language type="sc">sardi</language>
			<language type="sco">skotti</language>
			<language type="sd">sindhi</language>
			<language type="se">pohjoissaame</language>
			<language type="sel">selkuppi</language>
			<language type="sem">muut seemiläiset kielet</language>
			<language type="sg">sango</language>
			<language type="sga">muinaisiiri</language>
			<language type="sgn">viittomakielet</language>
			<language type="sh">serbokroatia</language>
			<language type="shn">šan</language>
			<language type="si">singaleesi</language>
			<language type="sid">sidamo</language>
			<language type="sio">siouxilaiset kielet</language>
			<language type="sit">muut sinotiibetiläiset kielet</language>
			<language type="sk">slovakki</language>
			<language type="sl">sloveeni</language>
			<language type="sla">muut slaavilaiset kielet</language>
			<language type="sm">samoa</language>
			<language type="sma">eteläsaame</language>
			<language type="smi">muut saamen kielet</language>
			<language type="smj">luulajan saame</language>
			<language type="smn">inarinsaame</language>
			<language type="sms">koltansaame</language>
			<language type="sn">shona</language>
			<language type="snk">soninke</language>
			<language type="so">somali</language>
			<language type="sog">sogdi</language>
			<language type="son">songhai</language>
			<language type="sq">albania</language>
			<language type="sr">serbia</language>
			<language type="srr">serer</language>
			<language type="ss">swazi</language>
			<language type="ssa">muut nilosaharalaiset kielet</language>
			<language type="st">eteläsotho</language>
			<language type="su">sunda</language>
			<language type="suk">sukuma</language>
			<language type="sus">susu</language>
			<language type="sux">sumeri</language>
			<language type="sv">ruotsi</language>
			<language type="sw">suahili</language>
			<language type="syr">syyria</language>
			<language type="ta">tamili</language>
			<language type="tai">muut thaikielet</language>
			<language type="te">telugu</language>
			<language type="tem">temne</language>
			<language type="ter">tereno</language>
			<language type="tet">tetum</language>
			<language type="tg">tadžikki</language>
			<language type="th">thai</language>
			<language type="ti">tigrinja</language>
			<language type="tig">tigre</language>
			<language type="tk">turkmeeni</language>
			<language type="tkl">tokelau</language>
			<language type="tl">tagalog</language>
			<language type="tli">tlingit</language>
			<language type="tmh">tamašek</language>
			<language type="tn">tswana</language>
			<language type="to">Tonga-saarten tonga</language>
			<language type="tog">tonga</language>
			<language type="tpi">tok-pisin</language>
			<language type="tr">turkki</language>
			<language type="ts">tsonga</language>
			<language type="tsi">tsimshian</language>
			<language type="tt">tataari</language>
			<language type="tum">tumbuka</language>
			<language type="tup">tupilaiset kielet</language>
			<language type="tut">muut altailaiset kielet</language>
			<language type="tvl">tuvalu</language>
			<language type="tw">twi</language>
			<language type="ty">tahiti</language>
			<language type="tyv">tuviini</language>
			<language type="udm">udmurtti</language>
			<language type="ug">uiguuri</language>
			<language type="uga">ugarit</language>
			<language type="uk">ukraina</language>
			<language type="umb">umbundu</language>
			<language type="und">määrittelemätön</language>
			<language type="ur">urdu</language>
			<language type="uz">uzbekki</language>
			<language type="ve">venda</language>
			<language type="vi">vietnam</language>
			<language type="vo">volapük</language>
			<language type="vot">vatja</language>
			<language type="wa">valloni</language>
			<language type="wak">wakasilaiset kielet</language>
			<language type="wal">walamo</language>
			<language type="war">waray</language>
			<language type="was">washo</language>
			<language type="wen">sorbi</language>
			<language type="wo">wolof</language>
			<language type="xal">kalmukki</language>
			<language type="xh">kafferi</language>
			<language type="yao">jao</language>
			<language type="yap">jap</language>
			<language type="yi">jiddi</language>
			<language type="yo">joruba</language>
			<language type="ypk">juppik-kielet</language>
			<language type="za">zhuang</language>
			<language type="zap">zapoteekki</language>
			<language type="zen">zenaga</language>
			<language type="zh">kiina</language>
			<language type="znd">zande</language>
			<language type="zu">zulu</language>
			<language type="zun">zuni</language>
		</languages>
		<scripts>
			<script type="Arab">Arabialainen</script>
			<script type="Armn">Armenialainen</script>
			<script type="Beng">Bengalilainen</script>
			<script type="Cans">Yhdistetyt Kanadan aboriginaalien symbolit</script>
			<script type="Cyrl">Kyrillinen</script>
			<script type="Ethi">Etiopialainen</script>
			<script type="Geor">Georgialainen</script>
			<script type="Goth">Goottilainen</script>
			<script type="Grek">Kreikkalainen</script>
			<script type="Hans">Yksinkertainen han</script>
			<script type="Hant">Perinteinen han</script>
			<script type="Hebr">Heprealainen</script>
			<script type="Ital">Vanha italia</script>
			<script type="Latn">Latinalainen</script>
			<script type="Mong">Mongolialainen</script>
			<script type="Qaac">Koptilainen</script>
			<script type="Runr">Riimukirjaimet</script>
			<script type="Syrc">Syyrialainen</script>
			<script type="Tibt">Tiibetiläinen</script>
			<script type="Ugar">Ugaritilainen</script>
			<script type="Zyyy">Yleinen</script>
		</scripts>
		<territories>
			<territory type="AD">Andorra</territory>
			<territory type="AE">Arabiemiirikunnat</territory>
			<territory type="AF">Afganistan</territory>
			<territory type="AG">Antigua ja Barbuda</territory>
			<territory type="AI">Anguilla</territory>
			<territory type="AL">Albania</territory>
			<territory type="AM">Armenia</territory>
			<territory type="AN">Alankomaiden Antillit</territory>
			<territory type="AO">Angola</territory>
			<territory type="AQ">Antarktis</territory>
			<territory type="AR">Argentiina</territory>
			<territory type="AS">Amerikan Samoa</territory>
			<territory type="AT">Itävalta</territory>
			<territory type="AU">Australia</territory>
			<territory type="AW">Aruba</territory>
			<territory type="AZ">Azerbaidzan</territory>
			<territory type="BA">Bosnia ja Hertsegovina</territory>
			<territory type="BB">Barbados</territory>
			<territory type="BD">Bangladesh</territory>
			<territory type="BE">Belgia</territory>
			<territory type="BF">Burkina Faso</territory>
			<territory type="BG">Bulgaria</territory>
			<territory type="BH">Bahrain</territory>
			<territory type="BI">Burundi</territory>
			<territory type="BJ">Benin</territory>
			<territory type="BM">Bermuda</territory>
			<territory type="BN">Brunei</territory>
			<territory type="BO">Bolivia</territory>
			<territory type="BR">Brasilia</territory>
			<territory type="BS">Bahama</territory>
			<territory type="BT">Bhutan</territory>
			<territory type="BV">Bouvet’nsaari</territory>
			<territory type="BW">Botswana</territory>
			<territory type="BY">Valko-Venäjä</territory>
			<territory type="BZ">Belize</territory>
			<territory type="CA">Kanada</territory>
			<territory type="CC">Kookossaaret</territory>
			<territory type="CD">Kongon demokraattinen tasavalta</territory>
			<territory type="CF">Keski-Afrikan tasavalta</territory>
			<territory type="CG">Kongo</territory>
			<territory type="CH">Sveitsi</territory>
			<territory type="CI">Norsunluurannikko</territory>
			<territory type="CK">Cookinsaaret</territory>
			<territory type="CL">Chile</territory>
			<territory type="CM">Kamerun</territory>
			<territory type="CN">Kiina</territory>
			<territory type="CO">Kolumbia</territory>
			<territory type="CR">Costa Rica</territory>
			<territory type="CU">Kuuba</territory>
			<territory type="CV">Kap Verde</territory>
			<territory type="CX">Joulusaari</territory>
			<territory type="CY">Kypros</territory>
			<territory type="CZ">Tsekin tasavalta</territory>
			<territory type="DE">Saksa</territory>
			<territory type="DJ">Djibouti</territory>
			<territory type="DK">Tanska</territory>
			<territory type="DM">Dominica</territory>
			<territory type="DO">Dominikaaninen tasavalta</territory>
			<territory type="DZ">Algeria</territory>
			<territory type="EC">Ecuador</territory>
			<territory type="EE">Viro</territory>
			<territory type="EG">Egypti</territory>
			<territory type="EH">Länsi-Sahara</territory>
			<territory type="ER">Eritrea</territory>
			<territory type="ES">Espanja</territory>
			<territory type="ET">Etiopia</territory>
			<territory type="FI">Suomi</territory>
			<territory type="FJ">Fidzi</territory>
			<territory type="FK">Falklandinsaaret</territory>
			<territory type="FM">Mikronesia</territory>
			<territory type="FO">Färsaaret</territory>
			<territory type="FR">Ranska</territory>
			<territory type="Fallback">en</territory>
			<territory type="GA">Gabon</territory>
			<territory type="GB">Iso-Britannia</territory>
			<territory type="GD">Grenada</territory>
			<territory type="GE">Georgia</territory>
			<territory type="GF">Ranskan Guayana</territory>
			<territory type="GH">Ghana</territory>
			<territory type="GI">Gibraltar</territory>
			<territory type="GL">Grönlanti</territory>
			<territory type="GM">Gambia</territory>
			<territory type="GN">Guinea</territory>
			<territory type="GP">Guadeloupe</territory>
			<territory type="GQ">Päiväntasaajan Guinea</territory>
			<territory type="GR">Kreikka</territory>
			<territory type="GS">Etelä-Georgia ja Eteläiset Sandwichsaaret</territory>
			<territory type="GT">Guatemala</territory>
			<territory type="GU">Guam</territory>
			<territory type="GW">Guinea-Bissau</territory>
			<territory type="GY">Guyana</territory>
			<territory type="HK">Hongkongin erityishallintoalue</territory>
			<territory type="HM">Heard ja McDonaldinsaaret</territory>
			<territory type="HN">Honduras</territory>
			<territory type="HR">Kroatia</territory>
			<territory type="HT">Haiti</territory>
			<territory type="HU">Unkari</territory>
			<territory type="ID">Indonesia</territory>
			<territory type="IE">Irlanti</territory>
			<territory type="IL">Israel</territory>
			<territory type="IN">Intia</territory>
			<territory type="IO">Brittiläinen Intian valtameren alue</territory>
			<territory type="IQ">Irak</territory>
			<territory type="IR">Iran</territory>
			<territory type="IS">Islanti</territory>
			<territory type="IT">Italia</territory>
			<territory type="JM">Jamaika</territory>
			<territory type="JO">Jordania</territory>
			<territory type="JP">Japani</territory>
			<territory type="KE">Kenia</territory>
			<territory type="KG">Kirgisia</territory>
			<territory type="KH">Kambodza</territory>
			<territory type="KI">Kiribati</territory>
			<territory type="KM">Komorit</territory>
			<territory type="KN">Saint Kitts ja Nevis</territory>
			<territory type="KP">Pohjois-Korea</territory>
			<territory type="KR">Korean tasavalta</territory>
			<territory type="KW">Kuwait</territory>
			<territory type="KY">Caymansaaret</territory>
			<territory type="KZ">Kazakstan</territory>
			<territory type="LA">Laos</territory>
			<territory type="LB">Libanon</territory>
			<territory type="LC">Saint Lucia</territory>
			<territory type="LI">Liechtenstein</territory>
			<territory type="LK">Sri Lanka</territory>
			<territory type="LR">Liberia</territory>
			<territory type="LS">Lesotho</territory>
			<territory type="LT">Liettua</territory>
			<territory type="LU">Luxemburg</territory>
			<territory type="LV">Latvia</territory>
			<territory type="LY">Libya</territory>
			<territory type="MA">Marokko</territory>
			<territory type="MC">Monaco</territory>
			<territory type="MD">Moldova</territory>
			<territory type="MG">Madagaskar</territory>
			<territory type="MH">Marshallinsaaret</territory>
			<territory type="MK">Makedonia</territory>
			<territory type="ML">Mali</territory>
			<territory type="MM">Myanmar</territory>
			<territory type="MN">Mongolia</territory>
			<territory type="MO">Macaon erityishallintoalue</territory>
			<territory type="MP">Pohjois-Mariaanit</territory>
			<territory type="MQ">Martinique</territory>
			<territory type="MR">Mauritania</territory>
			<territory type="MS">Montserrat</territory>
			<territory type="MT">Malta</territory>
			<territory type="MU">Mauritius</territory>
			<territory type="MV">Malediivit</territory>
			<territory type="MW">Malawi</territory>
			<territory type="MX">Meksiko</territory>
			<territory type="MY">Malesia</territory>
			<territory type="MZ">Mosambik</territory>
			<territory type="NA">Namibia</territory>
			<territory type="NC">Uusi-Kaledonia</territory>
			<territory type="NE">Niger</territory>
			<territory type="NF">Norfolkinsaari</territory>
			<territory type="NG">Nigeria</territory>
			<territory type="NI">Nicaragua</territory>
			<territory type="NL">Alankomaat</territory>
			<territory type="NO">Norja</territory>
			<territory type="NP">Nepal</territory>
			<territory type="NR">Nauru</territory>
			<territory type="NU">Niue</territory>
			<territory type="NZ">Uusi-Seelanti</territory>
			<territory type="OM">Oman</territory>
			<territory type="PA">Panama</territory>
			<territory type="PE">Peru</territory>
			<territory type="PF">Ranskan Polynesia</territory>
			<territory type="PG">Papua-Uusi-Guinea</territory>
			<territory type="PH">Filippiinit</territory>
			<territory type="PK">Pakistan</territory>
			<territory type="PL">Puola</territory>
			<territory type="PM">Saint-Pierre ja Miquelon</territory>
			<territory type="PN">Pitcairn</territory>
			<territory type="PR">Puerto Rico</territory>
			<territory type="PS">Palestiina</territory>
			<territory type="PT">Portugali</territory>
			<territory type="PW">Palau</territory>
			<territory type="PY">Paraguay</territory>
			<territory type="QA">Qatar</territory>
			<territory type="RE">Réunion</territory>
			<territory type="RO">Romania</territory>
			<territory type="RU">Venäjä</territory>
			<territory type="RW">Ruanda</territory>
			<territory type="SA">Saudi-Arabia</territory>
			<territory type="SB">Salomonsaaret</territory>
			<territory type="SC">Seychellit</territory>
			<territory type="SD">Sudan</territory>
			<territory type="SE">Ruotsi</territory>
			<territory type="SG">Singapore</territory>
			<territory type="SH">Saint Helena</territory>
			<territory type="SI">Slovenia</territory>
			<territory type="SJ">Huippuvuoret ja Jan Mayen</territory>
			<territory type="SK">Slovakia</territory>
			<territory type="SL">Sierra Leone</territory>
			<territory type="SM">San Marino</territory>
			<territory type="SN">Senegal</territory>
			<territory type="SO">Somalia</territory>
			<territory type="SP">Serbia</territory>
			<territory type="SR">Suriname</territory>
			<territory type="ST">Sao Tome ja Principe</territory>
			<territory type="SV">El Salvador</territory>
			<territory type="SY">Syyria</territory>
			<territory type="SZ">Swazimaa</territory>
			<territory type="TC">Turks- ja Caicossaaret</territory>
			<territory type="TD">Tsad</territory>
			<territory type="TF">Ranskan eteläiset alueet</territory>
			<territory type="TG">Togo</territory>
			<territory type="TH">Thaimaa</territory>
			<territory type="TJ">Tadzikistan</territory>
			<territory type="TK">Tokelau</territory>
			<territory type="TL">Timor-Leste</territory>
			<territory type="TM">Turkmenistan</territory>
			<territory type="TN">Tunisia</territory>
			<territory type="TO">Tonga</territory>
			<territory type="TR">Turkki</territory>
			<territory type="TT">Trinidad ja Tobago</territory>
			<territory type="TV">Tuvalu</territory>
			<territory type="TW">Taiwan</territory>
			<territory type="TZ">Tansania</territory>
			<territory type="UA">Ukraina</territory>
			<territory type="UG">Uganda</territory>
			<territory type="UM">Yhdysvaltain pienet erillissaaret</territory>
			<territory type="US">Yhdysvallat</territory>
			<territory type="UY">Uruguay</territory>
			<territory type="UZ">Uzbekistan</territory>
			<territory type="VA">Vatikaani</territory>
			<territory type="VC">Saint Vincent ja Grenadiinit</territory>
			<territory type="VE">Venezuela</territory>
			<territory type="VG">Brittiläiset Neitsytsaaret</territory>
			<territory type="VI">Yhdysvaltain Neitsytsaaret</territory>
			<territory type="VN">Vietnam</territory>
			<territory type="VU">Vanuatu</territory>
			<territory type="WF">Wallis ja Futuna</territory>
			<territory type="WS">Samoa</territory>
			<territory type="YE">Jemen</territory>
			<territory type="YT">Mayotte</territory>
			<territory type="YU">Jugoslavia</territory>
			<territory type="ZA">Etelä-Afrikka</territory>
			<territory type="ZM">Sambia</territory>
			<territory type="ZW">Zimbabwe</territory>
		</territories>
		<keys>
			<key type="calendar">Kalenteri</key>
			<key type="collation">Kerääminen</key>
			<key type="currency">Valuutta</key>
		</keys>
		<types>
			<type type="buddhist" key="calendar">Buddhalainen kalenteri</type>
			<type type="chinese" key="calendar">Kiinalainen kalenteri</type>
			<type type="gregorian" key="calendar">Gregoriaaninen kalenteri</type>
			<type type="hebrew" key="calendar">Juutalainen kalenteri</type>
			<type type="islamic" key="calendar">Islamilainen kalenteri</type>
			<type type="islamic-civil" key="calendar">Islamilainen siviilikalenteri</type>
			<type type="japanese" key="calendar">Japanilainen kalenteri</type>
			<type type="direct" key="collation">Suora järjestys</type>
			<type type="phonebook" key="collation">Osoitekirjajärjestys</type>
			<type type="pinyin" key="collation">Pinyin-järjestys</type>
			<type type="stroke" key="collation">Piirtojärjestys</type>
			<type type="traditional" key="collation">Perinteinen</type>
		</types>
	</localeDisplayNames>
	<characters>
		<exemplarCharacters>[a-z ä ö]</exemplarCharacters>
	</characters>
	<dates>
		<localizedPatternChars>GanjkHmsSEDFwWxhKzAeugXZ</localizedPatternChars>
		<calendars>
			<calendar type="gregorian">
				<months>
					<monthContext type="format">
						<monthWidth type="abbreviated">
							<month type="1">tammi</month>
							<month type="2">helmi</month>
							<month type="3">maalis</month>
							<month type="4">huhti</month>
							<month type="5">touko</month>
							<month type="6">kesä</month>
							<month type="7">heinä</month>
							<month type="8">elo</month>
							<month type="9">syys</month>
							<month type="10">loka</month>
							<month type="11">marras</month>
							<month type="12">joulu</month>
						</monthWidth>
						<monthWidth type="narrow">
							<month type="1">T</month>
							<month type="2">H</month>
							<month type="3">M</month>
							<month type="4">H</month>
							<month type="5">T</month>
							<month type="6">K</month>
							<month type="7">H</month>
							<month type="8">E</month>
							<month type="9">S</month>
							<month type="10">L</month>
							<month type="11">M</month>
							<month type="12">J</month>
						</monthWidth>
						<monthWidth type="wide">
							<month type="1">tammikuu</month>
							<month type="2">helmikuu</month>
							<month type="3">maaliskuu</month>
							<month type="4">huhtikuu</month>
							<month type="5">toukokuu</month>
							<month type="6">kesäkuu</month>
							<month type="7">heinäkuu</month>
							<month type="8">elokuu</month>
							<month type="9">syyskuu</month>
							<month type="10">lokakuu</month>
							<month type="11">marraskuu</month>
							<month type="12">joulukuu</month>
						</monthWidth>
					</monthContext>
				</months>
				<days>
					<dayContext type="format">
						<dayWidth type="abbreviated">
							<day type="sun">su</day>
							<day type="mon">ma</day>
							<day type="tue">ti</day>
							<day type="wed">ke</day>
							<day type="thu">to</day>
							<day type="fri">pe</day>
							<day type="sat">la</day>
						</dayWidth>
						<dayWidth type="narrow">
							<day type="sun">S</day>
							<day type="mon">M</day>
							<day type="tue">T</day>
							<day type="wed">K</day>
							<day type="thu">T</day>
							<day type="fri">P</day>
							<day type="sat">L</day>
						</dayWidth>
						<dayWidth type="wide">
							<day type="sun">sunnuntai</day>
							<day type="mon">maanantai</day>
							<day type="tue">tiistai</day>
							<day type="wed">keskiviikko</day>
							<day type="thu">torstai</day>
							<day type="fri">perjantai</day>
							<day type="sat">lauantai</day>
						</dayWidth>
					</dayContext>
				</days>
				<week>
					<minDays count="4"/>
					<firstDay day="mon"/>
				</week>
				<am>ap.</am>
				<pm>ip.</pm>
				<eras>
					<eraAbbr>
						<era type="1">eaa.</era>
						<era type="2">jaa.</era>
					</eraAbbr>
				</eras>
				<dateFormats>
					<default type="medium"/>
					<dateFormatLength type="full">
						<dateFormat >
							<pattern>d. MMMM'ta 'yyyy</pattern>
						</dateFormat>
					</dateFormatLength >
					<dateFormatLength type="long">
						<dateFormat >
							<pattern>d. MMMM'ta 'yyyy</pattern>
						</dateFormat>
					</dateFormatLength >
					<dateFormatLength type="medium">
						<dateFormat >
							<pattern>d.M.yyyy</pattern>
						</dateFormat>
					</dateFormatLength >
					<dateFormatLength type="short">
						<dateFormat >
							<pattern>d.M.yyyy</pattern>
						</dateFormat>
					</dateFormatLength >
				</dateFormats>
				<timeFormats>
					<default type="medium"/>
					<timeFormatLength type="full">
						<timeFormat >
							<pattern>HH:mm:ss z</pattern>
						</timeFormat>
					</timeFormatLength >
					<timeFormatLength type="long">
						<timeFormat >
							<pattern>HH:mm:ss z</pattern>
						</timeFormat>
					</timeFormatLength >
					<timeFormatLength type="medium">
						<timeFormat >
							<pattern>HH:mm:ss</pattern>
						</timeFormat>
					</timeFormatLength >
					<timeFormatLength type="short">
						<timeFormat >
							<pattern>HH:mm</pattern>
						</timeFormat>
					</timeFormatLength >
				</timeFormats>
				<dateTimeFormats>
					<dateTimeFormatLength >
						<dateTimeFormat>
							<pattern>{1} {0}</pattern>
						</dateTimeFormat>
					</dateTimeFormatLength >
				</dateTimeFormats>
			</calendar>
			<calendar type="hebrew">
				<months>
					<monthContext type="format">
						<monthWidth type="abbreviated">
							<month type="1">Tišrìkuu</month>
							<month type="2">Hešvánkuu</month>
							<month type="3">Kislévkuu</month>
							<month type="4">Tevétkuu</month>
							<month type="5">Ševatkuu</month>
							<month type="6">Adárkuu</month>
							<month type="7">Adárkuu II</month>
							<month type="8">Nisánkuu</month>
							<month type="9">Ijjárkuu</month>
							<month type="10">Sivánkuu</month>
							<month type="11">Tammúzkuu</month>
							<month type="12">Abkuu</month>
							<month type="13">Elúlkuu</month>
						</monthWidth>
						<monthWidth type="wide">
							<month type="1">Tišrìkuu</month>
							<month type="2">Hešvánkuu</month>
							<month type="3">Kislévkuu</month>
							<month type="4">Tevétkuu</month>
							<month type="5">Ševatkuu</month>
							<month type="6">Adárkuu</month>
							<month type="7">Adárkuu II</month>
							<month type="8">Nisánkuu</month>
							<month type="9">Ijjárkuu</month>
							<month type="10">Sivánkuu</month>
							<month type="11">Tammúzkuu</month>
							<month type="12">Abkuu</month>
							<month type="13">Elúlkuu</month>
						</monthWidth>
					</monthContext>
				</months>
			</calendar>
			<calendar type="islamic">
				<months>
					<monthContext type="format">
						<monthWidth type="abbreviated">
							<month type="1">Muhárram</month>
							<month type="2">Sáfar</month>
							<month type="3">Rabíʻ al-áwwal</month>
							<month type="4">Rabíʻ al-ákhir</month>
							<month type="5">Džumada-l-úla</month>
							<month type="6">Džumada-l-ákhira</month>
							<month type="7">Radžab</month>
							<month type="8">Šaʻbán</month>
							<month type="9">Ramadán</month>
							<month type="10">Šawwal</month>
							<month type="11">Dhu-l-qada</month>
							<month type="12">Dhu-l-hiddža</month>
						</monthWidth>
						<monthWidth type="wide">
							<month type="1">Muhárram</month>
							<month type="2">Sáfar</month>
							<month type="3">Rabíʻ al-áwwal</month>
							<month type="4">Rabíʻ al-ákhir</month>
							<month type="5">Džumada-l-úla</month>
							<month type="6">Džumada-l-ákhira</month>
							<month type="7">Radžab</month>
							<month type="8">Šaʻbán</month>
							<month type="9">Ramadán</month>
							<month type="10">Šawwal</month>
							<month type="11">Dhu-l-qada</month>
							<month type="12">Dhu-l-hiddža</month>
						</monthWidth>
					</monthContext>
				</months>
			</calendar>
			<calendar type="islamic-civil">
				<months>
					<monthContext type="format">
						<monthWidth type="abbreviated">
							<month type="1">Muhárram</month>
							<month type="2">Sáfar</month>
							<month type="3">Rabíʻ al-áwwal</month>
							<month type="4">Rabíʻ al-ákhir</month>
							<month type="5">Džumada-l-úla</month>
							<month type="6">Džumada-l-ákhira</month>
							<month type="7">Radžab</month>
							<month type="8">Šaʻbán</month>
							<month type="9">Ramadán</month>
							<month type="10">Šawwal</month>
							<month type="11">Dhu-l-qada</month>
							<month type="12">Dhu-l-hiddža</month>
						</monthWidth>
						<monthWidth type="wide">
							<month type="1">Muhárram</month>
							<month type="2">Sáfar</month>
							<month type="3">Rabíʻ al-áwwal</month>
							<month type="4">Rabíʻ al-ákhir</month>
							<month type="5">Džumada-l-úla</month>
							<month type="6">Džumada-l-ákhira</month>
							<month type="7">Radžab</month>
							<month type="8">Šaʻbán</month>
							<month type="9">Ramadán</month>
							<month type="10">Šawwal</month>
							<month type="11">Dhu-l-qada</month>
							<month type="12">Dhu-l-hiddža</month>
						</monthWidth>
					</monthContext>
				</months>
			</calendar>
		</calendars>
		<timeZoneNames>
			<zone type="PST">
				<long>
				<standard>Tyynenmeren normaaliaika</standard>
				<daylight>Tyynenmeren kesäaika</daylight>
				</long>
				<short>
					<standard>PST</standard>
					<daylight>PDT</daylight>
				</short>
				<exemplarCity>Los Angeles</exemplarCity>
			</zone>
			<zone type="America/Los_Angeles">
				<long>
				<standard>Tyynenmeren normaaliaika</standard>
				<daylight>Tyynenmeren kesäaika</daylight>
				</long>
				<short>
					<standard>PST</standard>
					<daylight>PDT</daylight>
				</short>
				<exemplarCity>Los Angeles</exemplarCity>
			</zone>
			<zone type="MST">
				<long>
				<standard>Kalliovuorten normaaliaika</standard>
				<daylight>Kalliovuorten kesäaika</daylight>
				</long>
				<short>
					<standard>MST</standard>
					<daylight>MDT</daylight>
				</short>
				<exemplarCity>Denver</exemplarCity>
			</zone>
			<zone type="America/Denver">
				<long>
				<standard>Kalliovuorten normaaliaika</standard>
				<daylight>Kalliovuorten kesäaika</daylight>
				</long>
				<short>
					<standard>MST</standard>
					<daylight>MDT</daylight>
				</short>
				<exemplarCity>Denver</exemplarCity>
			</zone>
			<zone type="PNT">
				<long>
				<standard>Kalliovuorten normaaliaika</standard>
				<daylight>Kalliovuorten normaaliaika</daylight>
				</long>
				<short>
					<standard>MST</standard>
					<daylight>MST</daylight>
				</short>
				<exemplarCity>Phoenix</exemplarCity>
			</zone>
			<zone type="America/Phoenix">
				<long>
				<standard>Kalliovuorten normaaliaika</standard>
				<daylight>Kalliovuorten normaaliaika</daylight>
				</long>
				<short>
					<standard>MST</standard>
					<daylight>MST</daylight>
				</short>
				<exemplarCity>Phoenix</exemplarCity>
			</zone>
			<zone type="CST">
				<long>
				<standard>Keskinen normaaliaika</standard>
				<daylight>Keskinen kesäaika</daylight>
				</long>
				<short>
					<standard>CST</standard>
					<daylight>CDT</daylight>
				</short>
				<exemplarCity>Chicago</exemplarCity>
			</zone>
			<zone type="America/Chicago">
				<long>
				<standard>Keskinen normaaliaika</standard>
				<daylight>Keskinen kesäaika</daylight>
				</long>
				<short>
					<standard>CST</standard>
					<daylight>CDT</daylight>
				</short>
				<exemplarCity>Chicago</exemplarCity>
			</zone>
			<zone type="EST">
				<long>
				<standard>Itäinen normaaliaika</standard>
				<daylight>Itäinen kesäaika</daylight>
				</long>
				<short>
					<standard>EST</standard>
					<daylight>EDT</daylight>
				</short>
				<exemplarCity>New York</exemplarCity>
			</zone>
			<zone type="America/New_York">
				<long>
				<standard>Itäinen normaaliaika</standard>
				<daylight>Itäinen kesäaika</daylight>
				</long>
				<short>
					<standard>EST</standard>
					<daylight>EDT</daylight>
				</short>
				<exemplarCity>New York</exemplarCity>
			</zone>
			<zone type="IET">
				<long>
				<standard>Itäinen normaaliaika</standard>
				<daylight>Itäinen normaaliaika</daylight>
				</long>
				<short>
					<standard>EST</standard>
					<daylight>EST</daylight>
				</short>
				<exemplarCity>Indianapolis</exemplarCity>
			</zone>
			<zone type="America/Indianapolis">
				<long>
				<standard>Itäinen normaaliaika</standard>
				<daylight>Itäinen normaaliaika</daylight>
				</long>
				<short>
					<standard>EST</standard>
					<daylight>EST</daylight>
				</short>
				<exemplarCity>Indianapolis</exemplarCity>
			</zone>
			<zone type="HST">
				<long>
				<standard>Havaijin normaaliaika</standard>
				<daylight>Havaijin kesäaika</daylight>
				</long>
				<short>
					<standard>HST</standard>
					<daylight>HST</daylight>
				</short>
				<exemplarCity>Honolulu</exemplarCity>
			</zone>
			<zone type="Pacific/Honolulu">
				<long>
				<standard>Havaijin normaaliaika</standard>
				<daylight>Havaijin normaaliaika</daylight>
				</long>
				<short>
					<standard>HST</standard>
					<daylight>HST</daylight>
				</short>
				<exemplarCity>Honolulu</exemplarCity>
			</zone>
			<zone type="AST">
				<long>
				<standard>Alaskan normaaliaika</standard>
				<daylight>Alaskan kesäaika</daylight>
				</long>
				<short>
					<standard>AST</standard>
					<daylight>ADT</daylight>
				</short>
				<exemplarCity>Anchorage</exemplarCity>
			</zone>
			<zone type="America/Anchorage">
				<long>
				<standard>Alaskan normaaliaika</standard>
				<daylight>Alaskan kesäaika</daylight>
				</long>
				<short>
					<standard>AST</standard>
					<daylight>ADT</daylight>
				</short>
				<exemplarCity>Anchorage</exemplarCity>
			</zone>
			<zone type="America/Halifax">
				<long>
				<standard>Atlantin normaaliaika</standard>
				<daylight>Atlantin kesäaika</daylight>
				</long>
				<short>
					<standard>AST</standard>
					<daylight>ADT</daylight>
				</short>
				<exemplarCity>Halifax</exemplarCity>
			</zone>
			<zone type="CNT">
				<long>
				<standard>Newfoundlandin normaaliaika</standard>
				<daylight>Newfoundlandin kesäaika</daylight>
				</long>
				<short>
					<standard>CNT</standard>
					<daylight>CDT</daylight>
				</short>
				<exemplarCity>St. Johns</exemplarCity>
			</zone>
			<zone type="America/St_Johns">
				<long>
				<standard>Newfoundlandin normaaliaika</standard>
				<daylight>Newfoundlandin kesäaika</daylight>
				</long>
				<short>
					<standard>CNT</standard>
					<daylight>CDT</daylight>
				</short>
				<exemplarCity>St. Johns</exemplarCity>
			</zone>
			<zone type="ECT">
				<long>
				<standard>Keski-Euroopan normaaliaika</standard>
				<daylight>Keski-Euroopan kesäaika</daylight>
				</long>
				<short>
					<standard>CET</standard>
					<daylight>CEST</daylight>
				</short>
				<exemplarCity>Pariisi</exemplarCity>
			</zone>
			<zone type="Europe/Paris">
				<long>
				<standard>Keski-Euroopan normaaliaika</standard>
				<daylight>Keski-Euroopan kesäaika</daylight>
				</long>
				<short>
					<standard>CET</standard>
					<daylight>CEST</daylight>
				</short>
				<exemplarCity>Pariisi</exemplarCity>
			</zone>
			<zone type="GMT">
				<long>
				<standard>Greenwichin aika</standard>
				<daylight>Greenwichin aika</daylight>
				</long>
				<short>
					<standard>GMT</standard>
					<daylight>GMT</daylight>
				</short>
				<exemplarCity>Lontoo</exemplarCity>
			</zone>
			<zone type="Africa/Casablanca">
				<long>
				<standard>Greenwichin aika</standard>
				<daylight>Greenwichin aika</daylight>
				</long>
				<short>
					<standard>GMT</standard>
					<daylight>GMT</daylight>
				</short>
				<exemplarCity>Casablanca</exemplarCity>
			</zone>
			<zone type="Asia/Jerusalem">
				<long>
				<standard>Israelin normaaliaika</standard>
				<daylight>Israelin kesäaika</daylight>
				</long>
				<short>
					<standard>IST</standard>
					<daylight>IDT</daylight>
				</short>
				<exemplarCity>Jerusalem</exemplarCity>
			</zone>
			<zone type="JST">
				<long>
				<standard>Japanin normaaliaika</standard>
				<daylight>Japanin normaaliaika</daylight>
				</long>
				<short>
					<standard>JST</standard>
					<daylight>JST</daylight>
				</short>
				<exemplarCity>Tokio</exemplarCity>
			</zone>
			<zone type="Asia/Tokyo">
				<long>
				<standard>Japanin normaaliaika</standard>
				<daylight>Japanin normaaliaika</daylight>
				</long>
				<short>
					<standard>JST</standard>
					<daylight>JST</daylight>
				</short>
				<exemplarCity>Tokio</exemplarCity>
			</zone>
			<zone type="Europe/Bucharest">
				<long>
				<standard>Itä-Euroopan normaaliaika</standard>
				<daylight>Itä-Euroopan kesäaika</daylight>
				</long>
				<short>
					<standard>EET</standard>
					<daylight>EEST</daylight>
				</short>
				<exemplarCity>Bukarest</exemplarCity>
			</zone>
			<zone type="CTT">
				<long>
				<standard>Kiinan normaaliaika</standard>
				<daylight>Kiinan normaaliaika</daylight>
				</long>
				<short>
					<standard>CTT</standard>
					<daylight>CDT</daylight>
				</short>
				<exemplarCity>Shanghai</exemplarCity>
			</zone>
			<zone type="Asia/Shanghai">
				<long>
				<standard>Kiinan normaaliaika</standard>
				<daylight>Kiinan normaaliaika</daylight>
				</long>
				<short>
					<standard>CTT</standard>
					<daylight>CDT</daylight>
				</short>
				<exemplarCity>Shanghai</exemplarCity>
			</zone>
		</timeZoneNames>
	</dates>
	<numbers>
		<symbols>
			<decimal>,</decimal>
			<group> </group>
			<list>;</list>
			<percentSign>%</percentSign>
			<nativeZeroDigit>0</nativeZeroDigit>
			<patternDigit>#</patternDigit>
			<plusSign>+</plusSign>
			<minusSign>-</minusSign>
			<exponential>E</exponential>
			<perMille>‰</perMille>
			<infinity>∞</infinity>
			<nan>�</nan>
		</symbols>
		<currencies>
			<currency type="ADD">
				<displayName>Andorran dinaari</displayName>
				<symbol>ADD</symbol>
			</currency>
			<currency type="ADP">
				<displayName>Andorran peseta</displayName>
				<symbol>ADP</symbol>
			</currency>
			<currency type="AED">
				<displayName>Arabiemiirikuntien dirhami</displayName>
				<symbol>AED</symbol>
			</currency>
			<currency type="AFA">
				<displayName>Afgaani (1927-2002)</displayName>
				<symbol>AFA</symbol>
			</currency>
			<currency type="AFN">
				<displayName>Afgaani</displayName>
				<symbol>Af</symbol>
			</currency>
			<currency type="AIF">
				<displayName>Affarsin ja Issasin frangi</displayName>
				<symbol>AIF</symbol>
			</currency>
			<currency type="ALK">
				<displayName>Albanian lek (1946-1961)</displayName>
				<symbol>ALK</symbol>
			</currency>
			<currency type="ALL">
				<displayName>Albanian lek</displayName>
				<symbol>lek</symbol>
			</currency>
			<currency type="ALV">
				<displayName>Albanian lek valute</displayName>
				<symbol>ALV</symbol>
			</currency>
			<currency type="ALX">
				<displayName>Albanian dollarin FEC</displayName>
				<symbol>ALX</symbol>
			</currency>
			<currency type="AMD">
				<displayName>Armenian dram</displayName>
				<symbol>dram</symbol>
			</currency>
			<currency type="ANG">
				<displayName>Alankomaiden Antillien guldeni</displayName>
				<symbol>NA f.</symbol>
			</currency>
			<currency type="AOA">
				<displayName>Angolan kwanza</displayName>
				<symbol>AOA</symbol>
			</currency>
			<currency type="AOK">
				<displayName>Angolan kwanza (1977-1990)</displayName>
				<symbol>AOK</symbol>
			</currency>
			<currency type="AON">
				<displayName>Angolan uusi kwanza (1990-2000)</displayName>
				<symbol>AON</symbol>
			</currency>
			<currency type="AOR">
				<displayName>Angolan kwanza reajustado (1995-1999)</displayName>
				<symbol>AOR</symbol>
			</currency>
			<currency type="AOS">
				<displayName>Angolan escudo</displayName>
				<symbol>AOS</symbol>
			</currency>
			<currency type="ARA">
				<displayName>Argentiinan austral</displayName>
				<symbol>ARA</symbol>
			</currency>
			<currency type="ARM">
				<displayName>Argentiinan peso moneda nacional</displayName>
				<symbol>ARM</symbol>
			</currency>
			<currency type="ARP">
				<displayName>Argentiinan peso (1983-1985)</displayName>
				<symbol>ARP</symbol>
			</currency>
			<currency type="ARS">
				<displayName>Argentiinan peso</displayName>
				<symbol>Arg$</symbol>
			</currency>
			<currency type="ATS">
				<displayName>Itävallan shillinki</displayName>
				<symbol>ATS</symbol>
			</currency>
			<currency type="AUD">
				<displayName>Australian dollari</displayName>
				<symbol>$A</symbol>
			</currency>
			<currency type="AUP">
				<displayName>Australian punta</displayName>
				<symbol>AUP</symbol>
			</currency>
			<currency type="AWG">
				<displayName>Aruban guldeni</displayName>
				<symbol>AWG</symbol>
			</currency>
			<currency type="AZM">
				<displayName>Azerbaidžanin manat</displayName>
				<symbol>AZM</symbol>
			</currency>
			<currency type="BAD">
				<displayName>Bosnia-Hertsegovinan dinaari</displayName>
				<symbol>BAD</symbol>
			</currency>
			<currency type="BAM">
				<displayName>Bosnia-Hertsegovinan vaihdettava markka</displayName>
				<symbol>KM</symbol>
			</currency>
			<currency type="BAN">
				<displayName>Bosnia-Hertsegovinan uusi dinaari</displayName>
				<symbol>BAN</symbol>
			</currency>
			<currency type="BBD">
				<displayName>Barbadosin dollari</displayName>
				<symbol>BDS$</symbol>
			</currency>
			<currency type="BDT">
				<displayName>Bangladeshin taka</displayName>
				<symbol>Tk</symbol>
			</currency>
			<currency type="BEC">
				<displayName>Belgian frangi (vaihdettava)</displayName>
				<symbol>BEC</symbol>
			</currency>
			<currency type="BEF">
				<displayName>Belgian frangi</displayName>
				<symbol>BF</symbol>
			</currency>
			<currency type="BEL">
				<displayName>Belgian frangi (rahoitus)</displayName>
				<symbol>BEL</symbol>
			</currency>
			<currency type="BGL">
				<displayName>Bulgarian kova leva</displayName>
				<symbol>lev</symbol>
			</currency>
			<currency type="BGM">
				<displayName>Bulgarian sosialistinen lev</displayName>
				<symbol>BGM</symbol>
			</currency>
			<currency type="BGN">
				<displayName>Bulgarian uusi lev</displayName>
				<symbol>BGN</symbol>
			</currency>
			<currency type="BGO">
				<displayName>Bulgarian lev (1879-1952)</displayName>
				<symbol>BGO</symbol>
			</currency>
			<currency type="BGX">
				<displayName>Bulgarian lev FEC</displayName>
				<symbol>BGX</symbol>
			</currency>
			<currency type="BHD">
				<displayName>Bahrainin dinaari</displayName>
				<symbol>BD</symbol>
			</currency>
			<currency type="BIF">
				<displayName>Burundin frangi</displayName>
				<symbol>Fbu</symbol>
			</currency>
			<currency type="BMD">
				<displayName>Bermudan dollari</displayName>
				<symbol>Ber$</symbol>
			</currency>
			<currency type="BMP">
				<displayName>Bermudan punta</displayName>
				<symbol>BMP</symbol>
			</currency>
			<currency type="BND">
				<displayName>Brunein dollari</displayName>
				<symbol>BND</symbol>
			</currency>
			<currency type="BOB">
				<displayName>Boliviano</displayName>
				<symbol>Bs</symbol>
			</currency>
			<currency type="BOL">
				<displayName>Boliviano (1863-1962)</displayName>
				<symbol>BOL</symbol>
			</currency>
			<currency type="BOP">
				<displayName>Bolivian peso</displayName>
				<symbol>BOP</symbol>
			</currency>
			<currency type="BOV">
				<displayName>Bolivian mvdol</displayName>
				<symbol>BOV</symbol>
			</currency>
			<currency type="BRB">
				<displayName>Brasilian uusi cruzeiro (1967-1986)</displayName>
				<symbol>BRB</symbol>
			</currency>
			<currency type="BRC">
				<displayName>Brasilian cruzado</displayName>
				<symbol>BRC</symbol>
			</currency>
			<currency type="BRE">
				<displayName>Brasilian cruzeiro (1990-1993)</displayName>
				<symbol>BRE</symbol>
			</currency>
			<currency type="BRL">
				<displayName>Brasilian real</displayName>
				<symbol>R$</symbol>
			</currency>
			<currency type="BRN">
				<displayName>Brasilian uusi cruzado</displayName>
				<symbol>BRN</symbol>
			</currency>
			<currency type="BRR">
				<displayName>Brasilian cruzeiro</displayName>
				<symbol>BRR</symbol>
			</currency>
			<currency type="BRZ">
				<displayName>Brazilian cruzeiro (1942-1967)</displayName>
				<symbol>BRZ</symbol>
			</currency>
			<currency type="BSD">
				<displayName>Bahaman dollari</displayName>
				<symbol>BSD</symbol>
			</currency>
			<currency type="BSP">
				<displayName>Bahaman punta</displayName>
				<symbol>BSP</symbol>
			</currency>
			<currency type="BTN">
				<displayName>Bhutanin ngultrum</displayName>
				<symbol>Nu</symbol>
			</currency>
			<currency type="BTR">
				<displayName>Bhutanin rupia</displayName>
				<symbol>BTR</symbol>
			</currency>
			<currency type="BUK">
				<displayName>Burman kyat</displayName>
				<symbol>BUK</symbol>
			</currency>
			<currency type="BUR">
				<displayName>Burman rupia</displayName>
				<symbol>BUR</symbol>
			</currency>
			<currency type="BWP">
				<displayName>Botswanan pula</displayName>
				<symbol>BWP</symbol>
			</currency>
			<currency type="BYB">
				<displayName>Valko-Venäjän uusi rupla (1994-1999)</displayName>
				<symbol>BYB</symbol>
			</currency>
			<currency type="BYL">
				<displayName>Valko-Venäjän rupla (1992-1994)</displayName>
				<symbol>BYL</symbol>
			</currency>
			<currency type="BYR">
				<displayName>Valko-Venäjän rupla</displayName>
				<symbol>Rbl</symbol>
			</currency>
			<currency type="BZD">
				<displayName>Belizen dollari</displayName>
				<symbol>BZ$</symbol>
			</currency>
			<currency type="BZH">
				<displayName>Brittiläisen Hondurasin dollari</displayName>
				<symbol>BZH</symbol>
			</currency>
			<currency type="CAD">
				<displayName>Kanadan dollari</displayName>
				<symbol>Can$</symbol>
			</currency>
			<currency type="CDF">
				<displayName>Kongon kongolainen frangi</displayName>
				<symbol>CDF</symbol>
			</currency>
			<currency type="CDG">
				<displayName>Kongon tasavallan frangi</displayName>
				<symbol>CDG</symbol>
			</currency>
			<currency type="CDL">
				<displayName>Kongon zaire</displayName>
				<symbol>CDL</symbol>
			</currency>
			<currency type="CFF">
				<displayName>Keski-Afrikan tasavallan CFA-frangi</displayName>
				<symbol>CFF</symbol>
			</currency>
			<currency type="CHF">
				<displayName>Sveitsin frangi</displayName>
				<symbol>SwF</symbol>
			</currency>
			<currency type="CKD">
				<displayName>Cookinsaarten dollari</displayName>
				<symbol>CKD</symbol>
			</currency>
			<currency type="CLC">
				<displayName>Chilen condor</displayName>
				<symbol>CLC</symbol>
			</currency>
			<currency type="CLE">
				<displayName>Chilen escudo</displayName>
				<symbol>CLE</symbol>
			</currency>
			<currency type="CLF">
				<displayName>Chilen unidades de fomento</displayName>
				<symbol>CLF</symbol>
			</currency>
			<currency type="CLP">
				<displayName>Chilen peso</displayName>
				<symbol>Ch$</symbol>
			</currency>
			<currency type="CMF">
				<displayName>Kamerunin CFA-frangi</displayName>
				<symbol>CMF</symbol>
			</currency>
			<currency type="CNP">
				<displayName>Kiinan jen min piao yuan</displayName>
				<symbol>CNP</symbol>
			</currency>
			<currency type="CNX">
				<displayName>Kiinan US-dollarin FEC</displayName>
				<symbol>CNX</symbol>
			</currency>
			<currency type="CNY">
				<displayName>Kiinan yuan renminbi</displayName>
				<symbol>Y</symbol>
			</currency>
			<currency type="COB">
				<displayName>Kolumbian paperipeso</displayName>
				<symbol>COB</symbol>
			</currency>
			<currency type="COF">
				<displayName>Kongon CFA-frangi</displayName>
				<symbol>COF</symbol>
			</currency>
			<currency type="COP">
				<displayName>Kolumbian peso</displayName>
				<symbol>Col$</symbol>
			</currency>
			<currency type="CRC">
				<displayName>Costa Rican colon</displayName>
				<symbol>C</symbol>
			</currency>
			<currency type="CSC">
				<displayName>Tšekkoslovakian koruna</displayName>
				<symbol>CSC</symbol>
			</currency>
			<currency type="CSK">
				<displayName>Tšekkoslovakian kova koruna</displayName>
				<symbol>CSK</symbol>
			</currency>
			<currency type="CUP">
				<displayName>Kuuban peso</displayName>
				<symbol>CUP</symbol>
			</currency>
			<currency type="CUX">
				<displayName>Kuuban FEC</displayName>
				<symbol>CUX</symbol>
			</currency>
			<currency type="CVE">
				<displayName>Kap Verden escudo</displayName>
				<symbol>CVEsc</symbol>
			</currency>
			<currency type="CWG">
				<displayName>Curacaon guldeni</displayName>
				<symbol>CWG</symbol>
			</currency>
			<currency type="CYP">
				<displayName>Kyproksen punta</displayName>
				<symbol>£C</symbol>
			</currency>
			<currency type="CZK">
				<displayName>Tšekin koruna</displayName>
				<symbol>CZK</symbol>
			</currency>
			<currency type="DDM">
				<displayName>Itä-Saksan ostmark</displayName>
				<symbol>DDM</symbol>
			</currency>
			<currency type="DEM">
				<displayName>Saksan markka</displayName>
				<symbol>DEM</symbol>
			</currency>
			<currency type="DES">
				<displayName>Saksan sperrmark</displayName>
				<symbol>DES</symbol>
			</currency>
			<currency type="DJF">
				<displayName>Djiboutin frangi</displayName>
				<symbol>DF</symbol>
			</currency>
			<currency type="DKK">
				<displayName>Tanskan kruunu</displayName>
				<symbol>DKr</symbol>
			</currency>
			<currency type="DOP">
				<displayName>Dominikaanisen tasavallan peso</displayName>
				<symbol>RD$</symbol>
			</currency>
			<currency type="DZD">
				<displayName>Algerian dinaari</displayName>
				<symbol>DA</symbol>
			</currency>
			<currency type="DZF">
				<displayName>Algerian uusi frangi</displayName>
				<symbol>DZF</symbol>
			</currency>
			<currency type="DZG">
				<displayName>Algerian franc germinal</displayName>
				<symbol>DZG</symbol>
			</currency>
			<currency type="ECS">
				<displayName>Ecuadorin sucre</displayName>
				<symbol>ECS</symbol>
			</currency>
			<currency type="ECV">
				<displayName>Ecuadorin UVC</displayName>
				<symbol>ECV</symbol>
			</currency>
			<currency type="EEK">
				<displayName>Viron kruunu</displayName>
				<symbol>EEK</symbol>
			</currency>
			<currency type="EGP">
				<displayName>Egyptin punta</displayName>
				<symbol>EGP</symbol>
			</currency>
			<currency type="ERN">
				<displayName>Eritrean nakfa</displayName>
				<symbol>ERN</symbol>
			</currency>
			<currency type="ESP">
				<displayName>Espanjan peseta</displayName>
				<symbol>ESP</symbol>
			</currency>
			<currency type="ETB">
				<displayName>Etiopian birr</displayName>
				<symbol>Br</symbol>
			</currency>
			<currency type="ETD">
				<displayName>Etiopian dollari</displayName>
				<symbol>ETD</symbol>
			</currency>
			<currency type="EUR">
				<displayName>euro</displayName>
				<symbol>€</symbol>
			</currency>
			<currency type="FIM">
				<displayName>Suomen markka</displayName>
				<symbol>mk</symbol>
			</currency>
			<currency type="FIN">
				<displayName>Suomen markka (1860-1962)</displayName>
				<symbol>FIN</symbol>
			</currency>
			<currency type="FJD">
				<displayName>Fidžin dollari</displayName>
				<symbol>F$</symbol>
			</currency>
			<currency type="FJP">
				<displayName>Fidžin punta</displayName>
				<symbol>FJP</symbol>
			</currency>
			<currency type="FKP">
				<displayName>Falklandinsaarten punta</displayName>
				<symbol>FKP</symbol>
			</currency>
			<currency type="FOK">
				<displayName>Färsaarten kruunu</displayName>
				<symbol>FOK</symbol>
			</currency>
			<currency type="FRF">
				<displayName>Ranskan frangi</displayName>
				<symbol>FRF</symbol>
			</currency>
			<currency type="FRG">
				<displayName>Ranskan franc germinal/franc poincare</displayName>
				<symbol>FRG</symbol>
			</currency>
			<currency type="GAF">
				<displayName>Gabonin CFA-frangi</displayName>
				<symbol>GAF</symbol>
			</currency>
			<currency type="GBP">
				<displayName>Iso-Britannian sterling-punta</displayName>
				<symbol>£</symbol>
			</currency>
			<currency type="GEK">
				<displayName>Georgian kuponkilari</displayName>
				<symbol>GEK</symbol>
			</currency>
			<currency type="GEL">
				<displayName>Georgian lari</displayName>
				<symbol>lari</symbol>
			</currency>
			<currency type="GHC">
				<displayName>Ghanan cedi</displayName>
				<symbol>GHC</symbol>
			</currency>
			<currency type="GHO">
				<displayName>Ghanan vanha cedi</displayName>
				<symbol>GHO</symbol>
			</currency>
			<currency type="GHP">
				<displayName>Ghanan punta</displayName>
				<symbol>GHP</symbol>
			</currency>
			<currency type="GHR">
				<displayName>Ghanan revalvoitu cedi</displayName>
				<symbol>GHR</symbol>
			</currency>
			<currency type="GIP">
				<displayName>Gibraltarin punta</displayName>
				<symbol>GIP</symbol>
			</currency>
			<currency type="GLK">
				<displayName>Grönlannin kruunu</displayName>
				<symbol>GLK</symbol>
			</currency>
			<currency type="GMD">
				<displayName>Gambian dalasi</displayName>
				<symbol>GMD</symbol>
			</currency>
			<currency type="GMP">
				<displayName>Gambian punta</displayName>
				<symbol>GMP</symbol>
			</currency>
			<currency type="GNF">
				<displayName>Guinean frangi</displayName>
				<symbol>GF</symbol>
			</currency>
			<currency type="GNI">
				<displayName>Guinean frangi (1960-1972)</displayName>
				<symbol>GNI</symbol>
			</currency>
			<currency type="GNS">
				<displayName>Guinean syli</displayName>
				<symbol>GNS</symbol>
			</currency>
			<currency type="GPF">
				<displayName>Guadeloupen frangi</displayName>
				<symbol>GPF</symbol>
			</currency>
			<currency type="GQE">
				<displayName>Päiväntasaajan Guinean ekwele guineana</displayName>
				<symbol>GQE</symbol>
			</currency>
			<currency type="GQF">
				<displayName>Päiväntasaajan Guinean frangi</displayName>
				<symbol>GQF</symbol>
			</currency>
			<currency type="GQP">
				<displayName>Päiväntasaajan Guinean peseta guineana</displayName>
				<symbol>GQP</symbol>
			</currency>
			<currency type="GRD">
				<displayName>Kreikan drakhma</displayName>
				<symbol>GRD</symbol>
			</currency>
			<currency type="GRN">
				<displayName>Kreikan uusi drakhma</displayName>
				<symbol>GRN</symbol>
			</currency>
			<currency type="GTQ">
				<displayName>Guatemalan quetzal</displayName>
				<symbol>Q</symbol>
			</currency>
			<currency type="GUF">
				<displayName>Ranskan Guyanan franc guiana</displayName>
				<symbol>GUF</symbol>
			</currency>
			<currency type="GWE">
				<displayName>Portugalin Guinean escudo</displayName>
				<symbol>GWE</symbol>
			</currency>
			<currency type="GWM">
				<displayName>Portugalin Guinean mil reis</displayName>
				<symbol>GWM</symbol>
			</currency>
			<currency type="GWP">
				<displayName>Guinea-Bissaun peso</displayName>
				<symbol>GWP</symbol>
			</currency>
			<currency type="GYD">
				<displayName>Guyanan dollari</displayName>
				<symbol>G$</symbol>
			</currency>
			<currency type="HKD">
				<displayName>Hong Kongin dollari</displayName>
				<symbol>HK$</symbol>
			</currency>
			<currency type="HNL">
				<displayName>Hondurasin lempira</displayName>
				<symbol>L</symbol>
			</currency>
			<currency type="HRD">
				<displayName>Kroatian dinaari</displayName>
				<symbol>HRD</symbol>
			</currency>
			<currency type="HRK">
				<displayName>Kroatian kuna</displayName>
				<symbol>HRK</symbol>
			</currency>
			<currency type="HTG">
				<displayName>Haitin gourde</displayName>
				<symbol>HTG</symbol>
			</currency>
			<currency type="HUF">
				<displayName>Unkarin forintti</displayName>
				<symbol>Ft</symbol>
			</currency>
			<currency type="IBP">
				<displayName>Pohjois-Irlannin punta</displayName>
				<symbol>IBP</symbol>
			</currency>
			<currency type="IDG">
				<displayName>Indonesian nica guldeni</displayName>
				<symbol>IDG</symbol>
			</currency>
			<currency type="IDJ">
				<displayName>Indonesian java rupia</displayName>
				<symbol>IDJ</symbol>
			</currency>
			<currency type="IDN">
				<displayName>Indonesian uusi rupia</displayName>
				<symbol>IDN</symbol>
			</currency>
			<currency type="IDR">
				<displayName>Indonesian rupia</displayName>
				<symbol>Rp</symbol>
			</currency>
			<currency type="IEP">
				<displayName>Irlannin punta</displayName>
				<symbol>IR£</symbol>
			</currency>
			<currency type="ILL">
				<displayName>Israelin sekeli</displayName>
				<symbol>ILL</symbol>
			</currency>
			<currency type="ILP">
				<displayName>Israelin punta</displayName>
				<symbol>ILP</symbol>
			</currency>
			<currency type="ILS">
				<displayName>Israelin uusi sekeli</displayName>
				<symbol>ILS</symbol>
			</currency>
			<currency type="IMP">
				<displayName>Mansaaren sterling-punta</displayName>
				<symbol>IMP</symbol>
			</currency>
			<currency type="INR">
				<displayName>Intian rupia</displayName>
				<symbol>=0#Rs.|1#Re.|1&lt;Rs.</symbol>
			</currency>
			<currency type="IQD">
				<displayName>Irakin dinaari</displayName>
				<symbol>ID</symbol>
			</currency>
			<currency type="IRR">
				<displayName>Iranin rial</displayName>
				<symbol>RI</symbol>
			</currency>
			<currency type="ISK">
				<displayName>Islannin kruunu</displayName>
				<symbol>ISK</symbol>
			</currency>
			<currency type="ITL">
				<displayName>Italian liira</displayName>
				<symbol>₤</symbol>
			</currency>
			<currency type="JEP">
				<displayName>Jerseyn sterling-punta</displayName>
				<symbol>JEP</symbol>
			</currency>
			<currency type="JMD">
				<displayName>Jamaikan dollari</displayName>
				<symbol>J$</symbol>
			</currency>
			<currency type="JMP">
				<displayName>Jamaikan punta</displayName>
				<symbol>JMP</symbol>
			</currency>
			<currency type="JOD">
				<displayName>Jordanian dinaari</displayName>
				<symbol>JD</symbol>
			</currency>
			<currency type="JPY">
				<displayName>Japanin jeni</displayName>
				<symbol>¥</symbol>
			</currency>
			<currency type="KES">
				<displayName>Kenian shillinki</displayName>
				<symbol>K Sh</symbol>
			</currency>
			<currency type="KGS">
				<displayName>Kirgistanin som</displayName>
				<symbol>som</symbol>
			</currency>
			<currency type="KHO">
				<displayName>Kambodžan vanha riel</displayName>
				<symbol>KHO</symbol>
			</currency>
			<currency type="KHR">
				<displayName>Kambodžan riel</displayName>
				<symbol>CR</symbol>
			</currency>
			<currency type="KID">
				<displayName>Kiribatin dollari</displayName>
				<symbol>KID</symbol>
			</currency>
			<currency type="KMF">
				<displayName>Komorien frangi</displayName>
				<symbol>CF</symbol>
			</currency>
			<currency type="KPP">
				<displayName>Pohjois-Korean kansan won</displayName>
				<symbol>KPP</symbol>
			</currency>
			<currency type="KPW">
				<displayName>Pohjois-Korean won</displayName>
				<symbol>KPW</symbol>
			</currency>
			<currency type="KRH">
				<displayName>Etelä-Korean hwan</displayName>
				<symbol>KRH</symbol>
			</currency>
			<currency type="KRO">
				<displayName>Etelä-Korean vanha won</displayName>
				<symbol>KRO</symbol>
			</currency>
			<currency type="KRW">
				<displayName>Etelä-Korean won</displayName>
				<symbol>KRW</symbol>
			</currency>
			<currency type="KWD">
				<displayName>Kuwaitin dinaari</displayName>
				<symbol>KD</symbol>
			</currency>
			<currency type="KYD">
				<displayName>Caymansaarten dollari</displayName>
				<symbol>KYD</symbol>
			</currency>
			<currency type="KZR">
				<displayName>Kazakhstanin rupla</displayName>
				<symbol>KZR</symbol>
			</currency>
			<currency type="KZT">
				<displayName>Kazakhstanin tenge</displayName>
				<symbol>T</symbol>
			</currency>
			<currency type="LAK">
				<displayName>Laosin kip</displayName>
				<symbol>LAK</symbol>
			</currency>
			<currency type="LBP">
				<displayName>Libanonin punta</displayName>
				<symbol>LL</symbol>
			</currency>
			<currency type="LIF">
				<displayName>Liechtensteinin frangi</displayName>
				<symbol>LIF</symbol>
			</currency>
			<currency type="LKR">
				<displayName>Sri Lankan rupia</displayName>
				<symbol>SL Re</symbol>
			</currency>
			<currency type="LNR">
				<displayName>Ceylonin rupia</displayName>
				<symbol>LNR</symbol>
			</currency>
			<currency type="LRD">
				<displayName>Liberian dollari</displayName>
				<symbol>LRD</symbol>
			</currency>
			<currency type="LSL">
				<displayName>Lesothon loti</displayName>
				<symbol>M</symbol>
			</currency>
			<currency type="LTL">
				<displayName>Liettuan liti</displayName>
				<symbol>LTL</symbol>
			</currency>
			<currency type="LTT">
				<displayName>Liettuan talonas</displayName>
				<symbol>LTT</symbol>
			</currency>
			<currency type="LUF">
				<displayName>Luxemburgin frangi</displayName>
				<symbol>LUF</symbol>
			</currency>
			<currency type="LVL">
				<displayName>Latvian lati</displayName>
				<symbol>LVL</symbol>
			</currency>
			<currency type="LVR">
				<displayName>Latvian rupla</displayName>
				<symbol>LVR</symbol>
			</currency>
			<currency type="LYB">
				<displayName>Libyan sotilasvallan liira</displayName>
				<symbol>LYB</symbol>
			</currency>
			<currency type="LYD">
				<displayName>Libyan dinaari</displayName>
				<symbol>LD</symbol>
			</currency>
			<currency type="LYP">
				<displayName>Libyan punta</displayName>
				<symbol>LYP</symbol>
			</currency>
			<currency type="MAD">
				<displayName>Marokon dirhami</displayName>
				<symbol>MAD</symbol>
			</currency>
			<currency type="MAF">
				<displayName>Marokon frangi</displayName>
				<symbol>MAF</symbol>
			</currency>
			<currency type="MCF">
				<displayName>Monacon uusi frangi</displayName>
				<symbol>MCF</symbol>
			</currency>
			<currency type="MCG">
				<displayName>Monacon franc germinal</displayName>
				<symbol>MCG</symbol>
			</currency>
			<currency type="MDC">
				<displayName>Moldovan kuponkileu</displayName>
				<symbol>MDC</symbol>
			</currency>
			<currency type="MDL">
				<displayName>Moldovan leu</displayName>
				<symbol>MDL</symbol>
			</currency>
			<currency type="MDR">
				<displayName>Moldovan kuponkirupla</displayName>
				<symbol>MDR</symbol>
			</currency>
			<currency type="MGA">
				<displayName>Madagaskarin ariary</displayName>
				<symbol>MGA</symbol>
			</currency>
			<currency type="MGF">
				<displayName>Madagaskarin frangi</displayName>
				<symbol>MGF</symbol>
			</currency>
			<currency type="MHD">
				<displayName>Marshallinsaarten dollari</displayName>
				<symbol>MHD</symbol>
			</currency>
			<currency type="MKD">
				<displayName>Makedonian dinaari</displayName>
				<symbol>MDen</symbol>
			</currency>
			<currency type="MKN">
				<displayName>Makedonian dinaari (1992-1993)</displayName>
				<symbol>MKN</symbol>
			</currency>
			<currency type="MLF">
				<displayName>Malin frangi</displayName>
				<symbol>MLF</symbol>
			</currency>
			<currency type="MMK">
				<displayName>Myanmarin kyat</displayName>
				<symbol>MMK</symbol>
			</currency>
			<currency type="MMX">
				<displayName>Myanmarin dollarin FEC</displayName>
				<symbol>MMX</symbol>
			</currency>
			<currency type="MNT">
				<displayName>Mongolian tugrik</displayName>
				<symbol>Tug</symbol>
			</currency>
			<currency type="MOP">
				<displayName>Macaon pataca</displayName>
				<symbol>MOP</symbol>
			</currency>
			<currency type="MQF">
				<displayName>Martiniquen frangi</displayName>
				<symbol>MQF</symbol>
			</currency>
			<currency type="MRO">
				<displayName>Mauritanian ouguiya</displayName>
				<symbol>UM</symbol>
			</currency>
			<currency type="MTL">
				<displayName>Maltan liira</displayName>
				<symbol>Lm</symbol>
			</currency>
			<currency type="MTP">
				<displayName>Maltan punta</displayName>
				<symbol>MTP</symbol>
			</currency>
			<currency type="MUR">
				<displayName>Mauritiuksen rupia</displayName>
				<symbol>MUR</symbol>
			</currency>
			<currency type="MVP">
				<displayName>Malediivien rupia</displayName>
				<symbol>MVP</symbol>
			</currency>
			<currency type="MVR">
				<displayName>Malediivien rufiyaa</displayName>
				<symbol>MVR</symbol>
			</currency>
			<currency type="MWK">
				<displayName>Malawin kwacha</displayName>
				<symbol>MK</symbol>
			</currency>
			<currency type="MWP">
				<displayName>Malawin punta</displayName>
				<symbol>MWP</symbol>
			</currency>
			<currency type="MXN">
				<displayName>Meksikon peso</displayName>
				<symbol>MEX$</symbol>
			</currency>
			<currency type="MXP">
				<displayName>Meksikon hopeapeso (1861-1992)</displayName>
				<symbol>MXP</symbol>
			</currency>
			<currency type="MXV">
				<displayName>Meksikon UDI</displayName>
				<symbol>MXV</symbol>
			</currency>
			<currency type="MYR">
				<displayName>Malesian ringgit</displayName>
				<symbol>RM</symbol>
			</currency>
			<currency type="MZE">
				<displayName>Mosambikin escudo</displayName>
				<symbol>MZE</symbol>
			</currency>
			<currency type="MZM">
				<displayName>Mosambikin metical</displayName>
				<symbol>Mt</symbol>
			</currency>
			<currency type="NAD">
				<displayName>Namibian dollari</displayName>
				<symbol>N$</symbol>
			</currency>
			<currency type="NCF">
				<displayName>Uuden-Kaledonian franc germinal</displayName>
				<symbol>NCF</symbol>
			</currency>
			<currency type="NGN">
				<displayName>Nigerian naira</displayName>
				<symbol>NGN</symbol>
			</currency>
			<currency type="NGP">
				<displayName>Nigerian punta</displayName>
				<symbol>NGP</symbol>
			</currency>
			<currency type="NHF">
				<displayName>Uusien-Hebridien CFP-frangi</displayName>
				<symbol>NHF</symbol>
			</currency>
			<currency type="NIC">
				<displayName>Nicaraguan cordoba</displayName>
				<symbol>NIC</symbol>
			</currency>
			<currency type="NIG">
				<displayName>Nicaraguan kultacordoba</displayName>
				<symbol>NIG</symbol>
			</currency>
			<currency type="NIO">
				<displayName>Nicaraguan cordoba oro</displayName>
				<symbol>NIO</symbol>
			</currency>
			<currency type="NLG">
				<displayName>Alankomaiden guldeni</displayName>
				<symbol>NLG</symbol>
			</currency>
			<currency type="NOK">
				<displayName>Norjan kruunu</displayName>
				<symbol>NKr</symbol>
			</currency>
			<currency type="NPR">
				<displayName>Nepalin rupia</displayName>
				<symbol>Nrs</symbol>
			</currency>
			<currency type="NZD">
				<displayName>Uuden-Seelannin dollari</displayName>
				<symbol>$NZ</symbol>
			</currency>
			<currency type="NZP">
				<displayName>Uuden-Seelannin punta</displayName>
				<symbol>NZP</symbol>
			</currency>
			<currency type="OMR">
				<displayName>Omanin rial</displayName>
				<symbol>RO</symbol>
			</currency>
			<currency type="OMS">
				<displayName>Omanin rial saidi</displayName>
				<symbol>OMS</symbol>
			</currency>
			<currency type="PAB">
				<displayName>Panaman balboa</displayName>
				<symbol>PAB</symbol>
			</currency>
			<currency type="PDK">
				<displayName>Transdniestrian kuponkirupla</displayName>
				<symbol>PDK</symbol>
			</currency>
			<currency type="PDN">
				<displayName>Transdniestrian uusi rupla</displayName>
				<symbol>PDN</symbol>
			</currency>
			<currency type="PDR">
				<displayName>Transdniestrian rupla</displayName>
				<symbol>PDR</symbol>
			</currency>
			<currency type="PEI">
				<displayName>Perun inti</displayName>
				<symbol>PEI</symbol>
			</currency>
			<currency type="PEN">
				<displayName>Perun uusi sol</displayName>
				<symbol>PEN</symbol>
			</currency>
			<currency type="PES">
				<displayName>Perun sol</displayName>
				<symbol>PES</symbol>
			</currency>
			<currency type="PGK">
				<displayName>Papua-Uuden-Guinean kina</displayName>
				<symbol>PGK</symbol>
			</currency>
			<currency type="PHP">
				<displayName>Filippiinien peso</displayName>
				<symbol>PHP</symbol>
			</currency>
			<currency type="PKR">
				<displayName>Pakistanin rupia</displayName>
				<symbol>Pra</symbol>
			</currency>
			<currency type="PLN">
				<displayName>Puolan zloty</displayName>
				<symbol>Zl</symbol>
			</currency>
			<currency type="PLX">
				<displayName>Puolan US-dollarin FEC</displayName>
				<symbol>PLX</symbol>
			</currency>
			<currency type="PLZ">
				<displayName>Puolan zloty (1950-1995)</displayName>
				<symbol>PLZ</symbol>
			</currency>
			<currency type="PSP">
				<displayName>Palestiinan punta</displayName>
				<symbol>PSP</symbol>
			</currency>
			<currency type="PTC">
				<displayName>Portugalin conto</displayName>
				<symbol>PTC</symbol>
			</currency>
			<currency type="PTE">
				<displayName>Portugalin escudo</displayName>
				<symbol>PTE</symbol>
			</currency>
			<currency type="PYG">
				<displayName>Paraguayn guarani</displayName>
				<symbol>PYG</symbol>
			</currency>
			<currency type="QAR">
				<displayName>Qatarin rial</displayName>
				<symbol>QR</symbol>
			</currency>
			<currency type="REF">
				<displayName>Reunionin frangi</displayName>
				<symbol>REF</symbol>
			</currency>
			<currency type="ROL">
				<displayName>Romanian lei</displayName>
				<symbol>leu</symbol>
			</currency>
			<currency type="RON">
				<displayName>Romanian uusi lei</displayName>
				<symbol>RON</symbol>
			</currency>
			<currency type="RUB">
				<displayName>Venäjän rupla</displayName>
				<symbol>RUB</symbol>
			</currency>
			<currency type="RUR">
				<displayName>Venäjän rupla (1991-1998)</displayName>
				<symbol>RUR</symbol>
			</currency>
			<currency type="RWF">
				<displayName>Ruandan frangi</displayName>
				<symbol>RWF</symbol>
			</currency>
			<currency type="SAR">
				<displayName>Saudi-Arabian rial</displayName>
				<symbol>SRl</symbol>
			</currency>
			<currency type="SAS">
				<displayName>Saudi-Arabian itsenäinen rial</displayName>
				<symbol>SAS</symbol>
			</currency>
			<currency type="SBD">
				<displayName>Salomonsaarten dollari</displayName>
				<symbol>SI$</symbol>
			</currency>
			<currency type="SCR">
				<displayName>Seychellien rupia</displayName>
				<symbol>SR</symbol>
			</currency>
			<currency type="SDD">
				<displayName>Sudanin dinaari</displayName>
				<symbol>SDD</symbol>
			</currency>
			<currency type="SDP">
				<displayName>Sudanin punta</displayName>
				<symbol>SDP</symbol>
			</currency>
			<currency type="SEK">
				<displayName>Ruotsin kruunu</displayName>
				<symbol>SKr</symbol>
			</currency>
			<currency type="SGD">
				<displayName>Singaporen dollari</displayName>
				<symbol>S$</symbol>
			</currency>
			<currency type="SHP">
				<displayName>Saint Helenan punta</displayName>
				<symbol>SHP</symbol>
			</currency>
			<currency type="SIB">
				<displayName>Slovenian tolar bons</displayName>
				<symbol>SIB</symbol>
			</currency>
			<currency type="SIT">
				<displayName>Slovenian tolar</displayName>
				<symbol>SIT</symbol>
			</currency>
			<currency type="SKK">
				<displayName>Slovakin koruna</displayName>
				<symbol>Sk</symbol>
			</currency>
			<currency type="SLL">
				<displayName>Sierra Leonen leone</displayName>
				<symbol>SLL</symbol>
			</currency>
			<currency type="SML">
				<displayName>San Marinon liira</displayName>
				<symbol>SML</symbol>
			</currency>
			<currency type="SOS">
				<displayName>Somalin shillinki</displayName>
				<symbol>So. Sh.</symbol>
			</currency>
			<currency type="SQS">
				<displayName>Somalimaan shillinki</displayName>
				<symbol>SQS</symbol>
			</currency>
			<currency type="SRG">
				<displayName>Surinamin guldeni</displayName>
				<symbol>Sf</symbol>
			</currency>
			<currency type="SSP">
				<displayName>Skotlannin punta</displayName>
				<symbol>SSP</symbol>
			</currency>
			<currency type="STD">
				<displayName>São Tomén ja Principén dobra</displayName>
				<symbol>Db</symbol>
			</currency>
			<currency type="STE">
				<displayName>São Tomén ja Principén escudo</displayName>
				<symbol>STE</symbol>
			</currency>
			<currency type="SUN">
				<displayName>Neuvostoliiton uusi rupla</displayName>
				<symbol>SUN</symbol>
			</currency>
			<currency type="SUR">
				<displayName>Neuvostoliiton rupla</displayName>
				<symbol>SUR</symbol>
			</currency>
			<currency type="SVC">
				<displayName>El Salvadorin colon</displayName>
				<symbol>SVC</symbol>
			</currency>
			<currency type="SYP">
				<displayName>Syyrian punta</displayName>
				<symbol>LS</symbol>
			</currency>
			<currency type="SZL">
				<displayName>Swazimaan lilangeni</displayName>
				<symbol>E</symbol>
			</currency>
			<currency type="TCC">
				<displayName>Turks- ja Caicossaarten crown</displayName>
				<symbol>TCC</symbol>
			</currency>
			<currency type="TDF">
				<displayName>Tšadin CFA-frangi</displayName>
				<symbol>TDF</symbol>
			</currency>
			<currency type="THB">
				<displayName>Thaimaan baht</displayName>
				<symbol>THB</symbol>
			</currency>
			<currency type="TJR">
				<displayName>Tadžikistanin rupla</displayName>
				<symbol>TJR</symbol>
			</currency>
			<currency type="TJS">
				<displayName>Tadžikistanin somoni</displayName>
				<symbol>TJS</symbol>
			</currency>
			<currency type="TMM">
				<displayName>Turkmenistanin manat</displayName>
				<symbol>TMM</symbol>
			</currency>
			<currency type="TND">
				<displayName>Tunisian dinaari</displayName>
				<symbol>TND</symbol>
			</currency>
			<currency type="TOP">
				<displayName>Tongan paʻanga</displayName>
				<symbol>T$</symbol>
			</currency>
			<currency type="TOS">
				<displayName>Tongan sterling-punta</displayName>
				<symbol>TOS</symbol>
			</currency>
			<currency type="TPE">
				<displayName>Timorin escudo</displayName>
				<symbol>TPE</symbol>
			</currency>
			<currency type="TPP">
				<displayName>Timorin pataca</displayName>
				<symbol>TPP</symbol>
			</currency>
			<currency type="TRL">
				<displayName>Turkin liira</displayName>
				<symbol>TL</symbol>
			</currency>
			<currency type="TTD">
				<displayName>Trinidadin ja Tobagon dollari</displayName>
				<symbol>TT$</symbol>
			</currency>
			<currency type="TTO">
				<displayName>Trinidadin ja Tobagon vanha dollari</displayName>
				<symbol>TTO</symbol>
			</currency>
			<currency type="TVD">
				<displayName>Tuvalun dollari</displayName>
				<symbol>TVD</symbol>
			</currency>
			<currency type="TWD">
				<displayName>Taiwanin uusi dollari</displayName>
				<symbol>NT$</symbol>
			</currency>
			<currency type="TZS">
				<displayName>Tansanian shillinki</displayName>
				<symbol>T Sh</symbol>
			</currency>
			<currency type="UAH">
				<displayName>Ukrainan hryvnia</displayName>
				<symbol>UAH</symbol>
			</currency>
			<currency type="UAK">
				<displayName>Ukrainan karbovanetz</displayName>
				<symbol>UAK</symbol>
			</currency>
			<currency type="UGS">
				<displayName>Ugandan shillinki (1966-1987)</displayName>
				<symbol>UGS</symbol>
			</currency>
			<currency type="UGX">
				<displayName>Ugandan shillinki</displayName>
				<symbol>U Sh</symbol>
			</currency>
			<currency type="USD">
				<displayName>Yhdysvaltain dollari</displayName>
				<symbol>US$</symbol>
			</currency>
			<currency type="USN">
				<displayName>Yhdysvaltain dollari (Seuraava päivä)</displayName>
				<symbol>USN</symbol>
			</currency>
			<currency type="USS">
				<displayName>Yhdysvaltain dollari (Sama päivä)</displayName>
				<symbol>USS</symbol>
			</currency>
			<currency type="UYF">
				<displayName>Uruguayn peso fuerte</displayName>
				<symbol>UYF</symbol>
			</currency>
			<currency type="UYP">
				<displayName>Uruguayn peso (1975-1993)</displayName>
				<symbol>UYP</symbol>
			</currency>
			<currency type="UYU">
				<displayName>Uruguayn peso uruguayo</displayName>
				<symbol>Ur$</symbol>
			</currency>
			<currency type="UZC">
				<displayName>Uzbekistanin kuponkisom</displayName>
				<symbol>UZC</symbol>
			</currency>
			<currency type="UZS">
				<displayName>Uzbekistanin som</displayName>
				<symbol>UZS</symbol>
			</currency>
			<currency type="VAL">
				<displayName>Vatikaanin kaupungin liira</displayName>
				<symbol>VAL</symbol>
			</currency>
			<currency type="VDD">
				<displayName>Pohjois-Vietnamin piastre dong viet</displayName>
				<symbol>VDD</symbol>
			</currency>
			<currency type="VDN">
				<displayName>Pohjois-Vietnamin uusi dong</displayName>
				<symbol>VDN</symbol>
			</currency>
			<currency type="VDP">
				<displayName>Pohjois-Vietnamin viet minh piastre dong viet</displayName>
				<symbol>VDP</symbol>
			</currency>
			<currency type="VEB">
				<displayName>Venezuelan bolivar</displayName>
				<symbol>Be</symbol>
			</currency>
			<currency type="VGD">
				<displayName>Brittiläisten Neitsytsaarten dollari</displayName>
				<symbol>VGD</symbol>
			</currency>
			<currency type="VND">
				<displayName>Vietnamin dong</displayName>
				<symbol>VND</symbol>
			</currency>
			<currency type="VNN">
				<displayName>Vietnamin uusi dong</displayName>
				<symbol>VNN</symbol>
			</currency>
			<currency type="VNR">
				<displayName>Vietnamin tasavallan dong</displayName>
				<symbol>VNR</symbol>
			</currency>
			<currency type="VNS">
				<displayName>Vietnamin kansallinen dong</displayName>
				<symbol>VNS</symbol>
			</currency>
			<currency type="VUV">
				<displayName>Vanuatun vatu</displayName>
				<symbol>VT</symbol>
			</currency>
			<currency type="WSP">
				<displayName>Länsi-Samoan punta</displayName>
				<symbol>WSP</symbol>
			</currency>
			<currency type="WST">
				<displayName>Länsi-Samoan tala</displayName>
				<symbol>WST</symbol>
			</currency>
			<currency type="XAD">
				<displayName>Aasian dinaarin UA</displayName>
				<symbol>XAD</symbol>
			</currency>
			<currency type="XAF">
				<displayName>CFA-frangi BEAC</displayName>
				<symbol>XAF</symbol>
			</currency>
			<currency type="XAM">
				<displayName>Aasian rahayksikkö (AMU)</displayName>
				<symbol>XAM</symbol>
			</currency>
			<currency type="XAU">
				<displayName>Kulta</displayName>
				<symbol>XAU</symbol>
			</currency>
			<currency type="XBA">
				<displayName>EURCO</displayName>
				<symbol>XBA</symbol>
			</currency>
			<currency type="XBB">
				<displayName>Euroopan rahayksikkö (EMU)</displayName>
				<symbol>XBB</symbol>
			</currency>
			<currency type="XBC">
				<displayName>EUA (XBC)</displayName>
				<symbol>XBC</symbol>
			</currency>
			<currency type="XBD">
				<displayName>EUA (XBD)</displayName>
				<symbol>XBD</symbol>
			</currency>
			<currency type="XCD">
				<displayName>Itä-Karibian dollari</displayName>
				<symbol>EC$</symbol>
			</currency>
			<currency type="XCF">
				<displayName>CFA uusi frangi</displayName>
				<symbol>XCF</symbol>
			</currency>
			<currency type="XDR">
				<displayName>Erityiset nosto-oikeudet</displayName>
				<symbol>XDR</symbol>
			</currency>
			<currency type="XEF">
				<displayName>CFA-frangi BCEAEC</displayName>
				<symbol>XEF</symbol>
			</currency>
			<currency type="XEU">
				<displayName>Euroopan valuuttayksikkö</displayName>
				<symbol>XEU</symbol>
			</currency>
			<currency type="XFO">
				<displayName>Ranskan kulta frangi</displayName>
				<symbol>XFO</symbol>
			</currency>
			<currency type="XFU">
				<displayName>Ranskan UIC-frangi</displayName>
				<symbol>XFU</symbol>
			</currency>
			<currency type="XID">
				<displayName>Islamin dinaari</displayName>
				<symbol>XID</symbol>
			</currency>
			<currency type="XMF">
				<displayName>Ranskan emämaan uusi frangi</displayName>
				<symbol>XMF</symbol>
			</currency>
			<currency type="XNF">
				<displayName>Ranskan Antillien CFA-frangi</displayName>
				<symbol>XNF</symbol>
			</currency>
			<currency type="XOF">
				<displayName>CFA-frangi BCEAO</displayName>
				<symbol>XOF</symbol>
			</currency>
			<currency type="XPF">
				<displayName>CFP-frangi</displayName>
				<symbol>CFPF</symbol>
			</currency>
			<currency type="XTR">
				<displayName>COMECONin siirrettävä rupla</displayName>
				<symbol>XTR</symbol>
			</currency>
			<currency type="YDD">
				<displayName>Jemenin dinaari</displayName>
				<symbol>YDD</symbol>
			</currency>
			<currency type="YEI">
				<displayName>Jemenin imadi rial</displayName>
				<symbol>YEI</symbol>
			</currency>
			<currency type="YER">
				<displayName>Jemenin rial</displayName>
				<symbol>YRl</symbol>
			</currency>
			<currency type="YUD">
				<displayName>Jugoslavian kova dinaari</displayName>
				<symbol>YUD</symbol>
			</currency>
			<currency type="YUF">
				<displayName>Jugoslavian liittovaltion dinaari</displayName>
				<symbol>YUF</symbol>
			</currency>
			<currency type="YUG">
				<displayName>Jugoslavian 1994 dinaari</displayName>
				<symbol>YUG</symbol>
			</currency>
			<currency type="YUM">
				<displayName>Jugoslavian uusi dinaari</displayName>
				<symbol>YUM</symbol>
			</currency>
			<currency type="YUN">
				<displayName>Jugoslavian vaihdettava dinaari</displayName>
				<symbol>YUN</symbol>
			</currency>
			<currency type="YUO">
				<displayName>Jugoslavian lokakuun dinaari</displayName>
				<symbol>YUO</symbol>
			</currency>
			<currency type="YUR">
				<displayName>Jugoslavian uudistettu dinaari</displayName>
				<symbol>YUR</symbol>
			</currency>
			<currency type="ZAL">
				<displayName>Etelä-Afrikan randi (rahoitus)</displayName>
				<symbol>ZAL</symbol>
			</currency>
			<currency type="ZAP">
				<displayName>Etelä-Afrikan punta</displayName>
				<symbol>ZAP</symbol>
			</currency>
			<currency type="ZAR">
				<displayName>Etelä-Afrikan randi</displayName>
				<symbol>R</symbol>
			</currency>
			<currency type="ZMK">
				<displayName>Zambian kwacha</displayName>
				<symbol>ZMK</symbol>
			</currency>
			<currency type="ZMP">
				<displayName>Zambian punta</displayName>
				<symbol>ZMP</symbol>
			</currency>
			<currency type="ZRN">
				<displayName>Zairen uusi zaire</displayName>
				<symbol>ZRN</symbol>
			</currency>
			<currency type="ZRZ">
				<displayName>Zairen zaire</displayName>
				<symbol>ZRZ</symbol>
			</currency>
			<currency type="ZWD">
				<displayName>Zimbabwen dollari</displayName>
				<symbol>Z$</symbol>
			</currency>
		</currencies>
	</numbers>
</ldml>
