<?xml version="1.0" encoding="UTF-8" ?>
<!DOCTYPE ldml SYSTEM "http://www.unicode.org/cldr/dtd/1.1/ldml.dtd">
<ldml>
	<identity>
		<version number="1.1"/>
		<generation date="2004-06-04" />
		<language type="hy" /> 
		<territory type="AM" /> 
	</identity>
	<dates>
		<calendars>
			<calendar type="gregorian">
				<eras>
					<eraAbbr>
						<era type="1">Ք․Ա․</era>
						<era type="2">Ք․Ե․</era>
					</eraAbbr>
				</eras>
			</calendar>
		</calendars>
	</dates>
</ldml>
