<?xml version="1.0" encoding="UTF-8" ?>
<!DOCTYPE ldml SYSTEM "http://www.unicode.org/cldr/dtd/1.1/ldml.dtd">
<ldml draft="true">
	<identity>
		<version number="1.1"/>
		<generation date="2004-06-04" />
		<language type="iu" /> 
	</identity>
	<localeDisplayNames>
		<languages>
			<language type="iu">ᐃᓄᒃᑎᑐᑦ ᑎᑎᕋᐅᓯᖅ</language>
		</languages>
	</localeDisplayNames>
	<characters>
		<exemplarCharacters>[ᐃ-ᐆᐊᐋᐱ-ᐴᐸᐹᑉᑎ-ᑑᑕᑖᑦᑭ-ᑰᑲᑳᒃᒋ-ᒎᒐ-ᒑᒡᒥ-ᒨᒪᒫᒻᓂ-ᓅᓇᓈᓐᓕ-ᓘᓚᓛᓪᓯ-ᓲᓴᓵᔅᔨ-ᔫᔭᔮᔾᕆ-ᕉᕋ-ᕌᕐᕕ-ᕚᕝᕿ-ᖃᖅᖏᖑ-ᖖᖠ-ᖦᙱ-ᙶ]</exemplarCharacters>
	</characters>
	<dates>
		<calendars>
			<calendar type="gregorian">
				<months>
					<monthContext type="format">
						<monthWidth type="abbreviated">
							<month type="1">ᔭᓐᓄᐊᓕ</month>
							<month type="2">ᕕᕝᕗᐊᓕ</month>
							<month type="3">ᒫᑦᓯ</month>
							<month type="4">ᐊᐃᑉᐳᓗ</month>
							<month type="5">ᒪᐃ</month>
							<month type="6">ᔫᓂ</month>
							<month type="7">ᔪᓚᐃ</month>
							<month type="8">ᐊᐅᒡᒍᓯ</month>
							<month type="9">ᓰᑦᑏᕝᕙ</month>
							<month type="10">ᐆᑦᑑᕝᕙ</month>
							<month type="11">ᓅᕙᐃᕝᕙ</month>
							<month type="12">ᑏᓰᕝᕙ</month>
						</monthWidth>
						<monthWidth type="wide">
							<month type="1">ᔭᓐᓄᐊᓕ</month>
							<month type="2">ᕕᕝᕗᐊᓕ</month>
							<month type="3">ᒫᑦᓯ</month>
							<month type="4">ᐊᐃᑉᐳᓗ</month>
							<month type="5">ᒪᐃ</month>
							<month type="6">ᔫᓂ</month>
							<month type="7">ᔪᓚᐃ</month>
							<month type="8">ᐊᐅᒡᒍᓯ</month>
							<month type="9">ᓰᑦᑏᕝᕙ</month>
							<month type="10">ᐆᑦᑑᕝᕙ</month>
							<month type="11">ᓅᕙᐃᕝᕙ</month>
							<month type="12">ᑏᓰᕝᕙ</month>
						</monthWidth>
					</monthContext>
				</months>
				<days>
					<dayContext type="format">
						<dayWidth type="abbreviated">
							<day type="sun">ᓈᑦᓰᖑᔭ</day>
							<day type="mon">ᓇᒡᒐᔾᔭᐅ</day>
							<day type="tue">ᓇᒡᒐᔾᔭᐅᓕᖅᑭ</day>
							<day type="wed">ᐱᖓᑦᓯᖅ</day>
							<day type="thu">ᓯᑕᒻᒥᖅ</day>
							<day type="fri">ᑕᓪᓕᕐᒥᖅ</day>
							<day type="sat">ᓈᑦᓰᖑᔭᓕᖅᕿ</day>
						</dayWidth>
						<dayWidth type="wide">
							<day type="sun">ᓈᑦᓰᖑᔭ</day>
							<day type="mon">ᓇᒡᒐᔾᔭᐅ</day>
							<day type="tue">ᓇᒡᒐᔾᔭᐅᓕᖅᑭ</day>
							<day type="wed">ᐱᖓᑦᓯᖅ</day>
							<day type="thu">ᓯᑕᒻᒥᖅ</day>
							<day type="fri">ᑕᓪᓕᕐᒥᖅ</day>
							<day type="sat">ᓈᑦᓰᖑᔭᓕᖅᕿ</day>
						</dayWidth>
					</dayContext>
				</days>
			</calendar>
		</calendars>
	</dates>
</ldml>
