<?xml version="1.0" encoding="UTF-8" ?>
<!DOCTYPE ldml SYSTEM "http://www.unicode.org/cldr/dtd/1.1/ldml.dtd">
<ldml draft="true">
	<identity>
		<version number="1.1"/>
		<generation date="2004-06-04" />
		<language type="ka" /> 
	</identity>
	<localeDisplayNames>
		<languages>
			<language type="ka">ქართული</language>
		</languages>
		<territories>
			<territory type="AD">ანდორა</territory>
			<territory type="AE">არაბეთის გაერთიანებული ემირატები</territory>
			<territory type="AF">ავღანეთი</territory>
			<territory type="AG">ანტიგუა და ბარბუდა</territory>
			<territory type="AL">ალბანეთი</territory>
			<territory type="AM">სასომხეთი</territory>
			<territory type="AO">ანგოლა</territory>
			<territory type="AR">არგენტინა</territory>
			<territory type="AT">ავსტრია</territory>
			<territory type="AU">ავსტრალია</territory>
			<territory type="AZ">აზერბაიჯანი</territory>
			<territory type="BA">ბოსნია და ჰერცეგოვინა</territory>
			<territory type="BB">ბარბადოსი</territory>
			<territory type="BD">ბანგლადეში</territory>
			<territory type="BE">ბელგია</territory>
			<territory type="BF">ბურკინა-ფასო</territory>
			<territory type="BG">ბულგარეთი</territory>
			<territory type="BH">ბაჰრეინი</territory>
			<territory type="BI">ბურუნდი</territory>
			<territory type="BJ">ბენინი</territory>
			<territory type="BN">ბრუნეი</territory>
			<territory type="BO">ბოლივია</territory>
			<territory type="BR">ბრაზილია</territory>
			<territory type="BS">ბაჰამის კუნძულები</territory>
			<territory type="BT">ბუტანი</territory>
			<territory type="BW">ბოტსვანა</territory>
			<territory type="BY">ბელორუსია</territory>
			<territory type="BZ">ბელიზი</territory>
			<territory type="CA">კანადა</territory>
			<territory type="CF">ცენტრალური აფრიკის რესპუბლიკა</territory>
			<territory type="CG">კონგო</territory>
			<territory type="CH">შვეიცარია</territory>
			<territory type="CI">სპილოს ძვლის სანაპირო</territory>
			<territory type="CL">ჩილი</territory>
			<territory type="CM">კამერუნი</territory>
			<territory type="CN">ჩინეთი</territory>
			<territory type="CO">კოლუმბია</territory>
			<territory type="CR">კოსტა-რიკა</territory>
			<territory type="CU">კუბა</territory>
			<territory type="CV">კაბო-ვერდე</territory>
			<territory type="CY">კვიპროსი</territory>
			<territory type="CZ">ჩეხეთის რესპუბლიკა</territory>
			<territory type="DE">გერმანია</territory>
			<territory type="DJ">ჯიბუტი</territory>
			<territory type="DK">დანია</territory>
			<territory type="DM">დომინიკა</territory>
			<territory type="DO">დომინიკანის რესპუბლიკა</territory>
			<territory type="DZ">ალჟირი</territory>
			<territory type="EC">ეკვადორი</territory>
			<territory type="EE">ესტონეთი</territory>
			<territory type="EG">ეგვიპტე</territory>
			<territory type="EH">დასავლეთი საჰარა</territory>
			<territory type="ER">ერიტრეა</territory>
			<territory type="ES">ესპანეთი</territory>
			<territory type="ET">ეთიოპია</territory>
			<territory type="FI">ფინეთი</territory>
			<territory type="FJ">ფიჯი</territory>
			<territory type="FM">მიკრონეზია</territory>
			<territory type="FR">საფრანგეთი</territory>
			<territory type="GA">გაბონი</territory>
			<territory type="GD">გრენადა</territory>
			<territory type="GE">საქართველო</territory>
			<territory type="GH">განა</territory>
			<territory type="GM">გამბია</territory>
			<territory type="GN">გვინეა</territory>
			<territory type="GQ">ეკვატორული გვინეა</territory>
			<territory type="GR">საბერძნეთი</territory>
			<territory type="GT">გვატემალა</territory>
			<territory type="GW">გვინეა-ბისაუ</territory>
			<territory type="GY">გაიანა</territory>
			<territory type="HN">ჰონდურასი</territory>
			<territory type="HR">ჰორვატია</territory>
			<territory type="HT">ჰაიტი</territory>
			<territory type="HU">უნგრეთი</territory>
			<territory type="ID">ინდონეზია</territory>
			<territory type="IE">ირლანდია</territory>
			<territory type="IL">ისრაელი</territory>
			<territory type="IN">ინდოეთი</territory>
			<territory type="IQ">ერაყი</territory>
			<territory type="IR">ირანი</territory>
			<territory type="IS">ისლანდია</territory>
			<territory type="IT">იტალია</territory>
			<territory type="JM">იამაიკა</territory>
			<territory type="JO">იორდანია</territory>
			<territory type="JP">იაპონია</territory>
			<territory type="KE">კენია</territory>
			<territory type="KG">ყირგიზეთი</territory>
			<territory type="KH">კამბოჯა</territory>
			<territory type="KI">კირიბატი</territory>
			<territory type="KM">კომორის კუნძულები</territory>
			<territory type="KN">სენტ-კიტსი და ნევისი</territory>
			<territory type="KP">ჩრდილოეთ კორეა</territory>
			<territory type="KR">სამხრეთ კორეა</territory>
			<territory type="KW">კუვეიტი</territory>
			<territory type="KZ">ყაზახეთი</territory>
			<territory type="LA">ლაოსი</territory>
			<territory type="LB">ლიბანი</territory>
			<territory type="LC">სენტ-ლუსია</territory>
			<territory type="LI">ლიხტენშტეინი</territory>
			<territory type="LK">შრი-ლანკა</territory>
			<territory type="LR">ლიბერია</territory>
			<territory type="LS">ლესოტო</territory>
			<territory type="LT">ლიტვა</territory>
			<territory type="LU">ლუქსემბურგი</territory>
			<territory type="LV">ლატვია</territory>
			<territory type="LY">ლიბია</territory>
			<territory type="MA">მაროკო</territory>
			<territory type="MC">მონაკო</territory>
			<territory type="MD">მოლდოვა</territory>
			<territory type="MG">მადაგასკარი</territory>
			<territory type="MH">მარშალის კუნძულები</territory>
			<territory type="MK">მაკედონია</territory>
			<territory type="ML">მალი</territory>
			<territory type="MM">მიანმარი</territory>
			<territory type="MN">მონღოლეთი</territory>
			<territory type="MR">მავრიტანია</territory>
			<territory type="MT">მალტა</territory>
			<territory type="MU">მავრიკია</territory>
			<territory type="MV">მალდივის კუნძულები</territory>
			<territory type="MW">მალავი</territory>
			<territory type="MX">მექსიკა</territory>
			<territory type="MY">მალაიზია</territory>
			<territory type="MZ">მოზამბიკი</territory>
			<territory type="NA">ნამიბია</territory>
			<territory type="NE">ნიგერი</territory>
			<territory type="NG">ნიგერია</territory>
			<territory type="NI">ნიკარაგუა</territory>
			<territory type="NL">ნიდერლანდები</territory>
			<territory type="NO">ნორვეგია</territory>
			<territory type="NP">ნეპალი</territory>
			<territory type="NR">ნაურუ</territory>
			<territory type="NZ">ახალი ზელანდია</territory>
			<territory type="OM">ომანი</territory>
			<territory type="PA">პანამა</territory>
			<territory type="PE">პერუ</territory>
			<territory type="PG">პაპუა-ახალი გვინეა</territory>
			<territory type="PH">ფილიპინები</territory>
			<territory type="PK">პაკისტანი</territory>
			<territory type="PL">პოლონეთი</territory>
			<territory type="PT">პორტუგალია</territory>
			<territory type="PW">პალაუ</territory>
			<territory type="PY">პარაგვაი</territory>
			<territory type="QA">კატარი</territory>
			<territory type="RO">რუმინეთი</territory>
			<territory type="RU">რუსეთი</territory>
			<territory type="RW">რუანდა</territory>
			<territory type="SA">საუდის არაბეთი</territory>
			<territory type="SB">სოლომონის კუნძულები</territory>
			<territory type="SC">სეიშელის კუნძულები</territory>
			<territory type="SD">სუდანი</territory>
			<territory type="SE">შვეცია</territory>
			<territory type="SG">სინგაპური</territory>
			<territory type="SI">სლოვენია</territory>
			<territory type="SK">სლოვაკეთი</territory>
			<territory type="SL">სიერა-ლეონე</territory>
			<territory type="SM">სან-მარინო</territory>
			<territory type="SN">სენეგალი</territory>
			<territory type="SO">სომალი</territory>
			<territory type="SP">სერბია</territory>
			<territory type="SR">სურინამი</territory>
			<territory type="ST">საო-ტომე და პრინსიპი</territory>
			<territory type="SV">სალვადორი</territory>
			<territory type="SY">სირია</territory>
			<territory type="SZ">სვაზილენდი</territory>
			<territory type="TD">ჩადი</territory>
			<territory type="TG">ტოგო</territory>
			<territory type="TH">ტაილანდი</territory>
			<territory type="TJ">ტაჯიკეთი</territory>
			<territory type="TM">თურქმენეთი</territory>
			<territory type="TN">ტუნისი</territory>
			<territory type="TO">ტონგა</territory>
			<territory type="TR">თურქეთი</territory>
			<territory type="TT">ტრინიდადი და ტობაგო</territory>
			<territory type="TV">ტუვალუ</territory>
			<territory type="TW">ტაივანი</territory>
			<territory type="TZ">ტანზანია</territory>
			<territory type="UA">უკრაინა</territory>
			<territory type="UG">უგანდა</territory>
			<territory type="US">ამერიკის შეერთებული შტატები</territory>
			<territory type="UY">ურუგვაი</territory>
			<territory type="UZ">უზბაკეთი</territory>
			<territory type="VA">ვატიკანი</territory>
			<territory type="VC">სენტ-ვინსენტი და გრენადინები</territory>
			<territory type="VE">ვენესუელა</territory>
			<territory type="VN">ვიეტნამი</territory>
			<territory type="VU">ვანუატუ</territory>
			<territory type="WS">სამოა</territory>
			<territory type="YE">იემენი</territory>
			<territory type="ZA">სამხრეთ აფრიკა</territory>
			<territory type="ZM">ზამბია</territory>
			<territory type="ZW">ზიმბაბვე</territory>
		</territories>
	</localeDisplayNames>
	<characters>
		<exemplarCharacters>[:Geor:]</exemplarCharacters>
	</characters>
	<numbers>
		<symbols>
			<decimal>,</decimal>
			<group> </group>
			<list>;</list>
			<percentSign>%</percentSign>
			<nativeZeroDigit>0</nativeZeroDigit>
			<patternDigit>#</patternDigit>
			<plusSign>+</plusSign>
			<minusSign>-</minusSign>
			<exponential>E</exponential>
			<perMille>‰</perMille>
			<infinity>∞</infinity>
			<nan>�</nan>
		</symbols>
		<currencies>
			<currency type="GEL">
				<displayName>GEL</displayName>
				<symbol>Lari</symbol>
			</currency>
		</currencies>
	</numbers>
</ldml>
