<?xml version="1.0" encoding="UTF-8" ?>
<!DOCTYPE ldml SYSTEM "http://www.unicode.org/cldr/dtd/1.1/ldml.dtd">
<ldml>
	<identity>
		<version number="1.1"/>
		<generation date="2004-06-04" />
		<language type="" /> 
	</identity>
	<localeDisplayNames>
		<languages>
			<language type="aa">aa</language>
			<language type="ab">ab</language>
			<language type="ace">ace</language>
			<language type="ach">ach</language>
			<language type="ada">ada</language>
			<language type="ady">ady</language>
			<language type="ae">ae</language>
			<language type="af">af</language>
			<language type="afa">afa</language>
			<language type="afh">afh</language>
			<language type="ak">ak</language>
			<language type="akk">akk</language>
			<language type="ale">ale</language>
			<language type="alg">alg</language>
			<language type="am">am</language>
			<language type="an">an</language>
			<language type="ang">ang</language>
			<language type="apa">apa</language>
			<language type="ar">ar</language>
			<language type="arc">arc</language>
			<language type="arn">arn</language>
			<language type="arp">arp</language>
			<language type="art">art</language>
			<language type="arw">arw</language>
			<language type="as">as</language>
			<language type="ast">ast</language>
			<language type="ath">ath</language>
			<language type="aus">aus</language>
			<language type="av">av</language>
			<language type="awa">awa</language>
			<language type="ay">ay</language>
			<language type="az">az</language>
			<language type="ba">ba</language>
			<language type="bad">bad</language>
			<language type="bai">bai</language>
			<language type="bal">bal</language>
			<language type="bam">bam</language>
			<language type="ban">ban</language>
			<language type="bas">bas</language>
			<language type="bat">bat</language>
			<language type="be">be</language>
			<language type="bej">bej</language>
			<language type="bem">bem</language>
			<language type="ber">ber</language>
			<language type="bg">bg</language>
			<language type="bh">bh</language>
			<language type="bho">bho</language>
			<language type="bi">bi</language>
			<language type="bik">bik</language>
			<language type="bin">bin</language>
			<language type="bla">bla</language>
			<language type="bm">bm</language>
			<language type="bn">bn</language>
			<language type="bnt">bnt</language>
			<language type="bo">bo</language>
			<language type="br">br</language>
			<language type="bra">bra</language>
			<language type="bs">bs</language>
			<language type="btk">btk</language>
			<language type="bua">bua</language>
			<language type="bug">bug</language>
			<language type="byn">byn</language>
			<language type="ca">ca</language>
			<language type="cad">cad</language>
			<language type="cai">cai</language>
			<language type="car">car</language>
			<language type="cau">cau</language>
			<language type="ce">ce</language>
			<language type="ceb">ceb</language>
			<language type="cel">cel</language>
			<language type="ch">ch</language>
			<language type="chb">chb</language>
			<language type="chg">chg</language>
			<language type="chk">chk</language>
			<language type="chm">chm</language>
			<language type="chn">chn</language>
			<language type="cho">cho</language>
			<language type="chp">chp</language>
			<language type="chr">chr</language>
			<language type="chy">chy</language>
			<language type="cmc">cmc</language>
			<language type="co">co</language>
			<language type="cop">cop</language>
			<language type="cpe">cpe</language>
			<language type="cpf">cpf</language>
			<language type="cpp">cpp</language>
			<language type="cr">cr</language>
			<language type="crh">crh</language>
			<language type="crp">crp</language>
			<language type="cs">cs</language>
			<language type="csb">csb</language>
			<language type="cu">cu</language>
			<language type="cus">cus</language>
			<language type="cv">cv</language>
			<language type="cy">cy</language>
			<language type="da">da</language>
			<language type="dak">dak</language>
			<language type="dar">dar</language>
			<language type="day">day</language>
			<language type="de">de</language>
			<language type="del">del</language>
			<language type="den">den</language>
			<language type="dgr">dgr</language>
			<language type="din">din</language>
			<language type="doi">doi</language>
			<language type="dra">dra</language>
			<language type="dsb">dsb</language>
			<language type="dua">dua</language>
			<language type="dum">dum</language>
			<language type="dv">dv</language>
			<language type="dyu">dyu</language>
			<language type="dz">dz</language>
			<language type="ee">ee</language>
			<language type="efi">efi</language>
			<language type="egy">egy</language>
			<language type="eka">eka</language>
			<language type="el">el</language>
			<language type="elx">elx</language>
			<language type="en">en</language>
			<language type="enm">enm</language>
			<language type="eo">eo</language>
			<language type="es">es</language>
			<language type="et">et</language>
			<language type="eu">eu</language>
			<language type="ewo">ewo</language>
			<language type="fa">fa</language>
			<language type="fan">fan</language>
			<language type="fat">fat</language>
			<language type="ff">ff</language>
			<language type="fi">fi</language>
			<language type="fiu">fiu</language>
			<language type="fj">fj</language>
			<language type="fo">fo</language>
			<language type="fon">fon</language>
			<language type="fr">fr</language>
			<language type="frm">frm</language>
			<language type="fro">fro</language>
			<language type="fur">fur</language>
			<language type="fy">fy</language>
			<language type="ga">ga</language>
			<language type="gaa">gaa</language>
			<language type="gay">gay</language>
			<language type="gba">gba</language>
			<language type="gd">gd</language>
			<language type="gem">gem</language>
			<language type="gez">gez</language>
			<language type="gil">gil</language>
			<language type="gl">gl</language>
			<language type="gmh">gmh</language>
			<language type="gn">gn</language>
			<language type="goh">goh</language>
			<language type="gon">gon</language>
			<language type="gor">gor</language>
			<language type="got">got</language>
			<language type="grb">grb</language>
			<language type="grc">grc</language>
			<language type="gu">gu</language>
			<language type="gv">gv</language>
			<language type="gwi">gwi</language>
			<language type="ha">ha</language>
			<language type="hai">hai</language>
			<language type="haw">haw</language>
			<language type="he">he</language>
			<language type="hi">hi</language>
			<language type="hil">hil</language>
			<language type="him">him</language>
			<language type="hit">hit</language>
			<language type="hmn">hmn</language>
			<language type="ho">ho</language>
			<language type="hr">hr</language>
			<language type="hsb">hsb</language>
			<language type="ht">ht</language>
			<language type="hu">hu</language>
			<language type="hup">hup</language>
			<language type="hy">hy</language>
			<language type="hz">hz</language>
			<language type="ia">ia</language>
			<language type="iba">iba</language>
			<language type="id">id</language>
			<language type="ie">ie</language>
			<language type="ig">ig</language>
			<language type="ii">ii</language>
			<language type="ijo">ijo</language>
			<language type="ik">ik</language>
			<language type="ilo">ilo</language>
			<language type="inc">inc</language>
			<language type="ine">ine</language>
			<language type="inh">inh</language>
			<language type="io">io</language>
			<language type="ira">ira</language>
			<language type="iro">iro</language>
			<language type="is">is</language>
			<language type="it">it</language>
			<language type="iu">iu</language>
			<language type="ja">ja</language>
			<language type="jbo">jbo</language>
			<language type="jpr">jpr</language>
			<language type="jrb">jrb</language>
			<language type="jv">jv</language>
			<language type="ka">ka</language>
			<language type="kaa">kaa</language>
			<language type="kab">kab</language>
			<language type="kac">kac</language>
			<language type="kam">kam</language>
			<language type="kar">kar</language>
			<language type="kaw">kaw</language>
			<language type="kbd">kbd</language>
			<language type="kg">kg</language>
			<language type="kha">kha</language>
			<language type="khi">khi</language>
			<language type="kho">kho</language>
			<language type="ki">ki</language>
			<language type="kj">kj</language>
			<language type="kk">kk</language>
			<language type="kl">kl</language>
			<language type="km">km</language>
			<language type="kmb">kmb</language>
			<language type="kn">kn</language>
			<language type="ko">ko</language>
			<language type="kok">kok</language>
			<language type="kos">kos</language>
			<language type="kpe">kpe</language>
			<language type="kr">kr</language>
			<language type="krc">krc</language>
			<language type="kro">kro</language>
			<language type="kru">kru</language>
			<language type="ks">ks</language>
			<language type="ku">ku</language>
			<language type="kum">kum</language>
			<language type="kut">kut</language>
			<language type="kv">kv</language>
			<language type="kw">kw</language>
			<language type="ky">ky</language>
			<language type="la">la</language>
			<language type="lad">lad</language>
			<language type="lah">lah</language>
			<language type="lam">lam</language>
			<language type="lb">lb</language>
			<language type="lez">lez</language>
			<language type="lg">lg</language>
			<language type="li">li</language>
			<language type="ln">ln</language>
			<language type="lo">lo</language>
			<language type="lol">lol</language>
			<language type="loz">loz</language>
			<language type="lt">lt</language>
			<language type="lu">lu</language>
			<language type="lua">lua</language>
			<language type="lui">lui</language>
			<language type="lun">lun</language>
			<language type="luo">luo</language>
			<language type="lus">lus</language>
			<language type="lv">lv</language>
			<language type="mad">mad</language>
			<language type="mag">mag</language>
			<language type="mai">mai</language>
			<language type="mak">mak</language>
			<language type="man">man</language>
			<language type="map">map</language>
			<language type="mas">mas</language>
			<language type="mdf">mdf</language>
			<language type="mdr">mdr</language>
			<language type="men">men</language>
			<language type="mg">mg</language>
			<language type="mga">mga</language>
			<language type="mh">mh</language>
			<language type="mi">mi</language>
			<language type="mic">mic</language>
			<language type="min">min</language>
			<language type="mis">mis</language>
			<language type="mk">mk</language>
			<language type="mkh">mkh</language>
			<language type="ml">ml</language>
			<language type="mn">mn</language>
			<language type="mnc">mnc</language>
			<language type="mni">mni</language>
			<language type="mno">mno</language>
			<language type="mo">mo</language>
			<language type="moh">moh</language>
			<language type="mos">mos</language>
			<language type="mr">mr</language>
			<language type="ms">ms</language>
			<language type="mt">mt</language>
			<language type="mul">mul</language>
			<language type="mun">mun</language>
			<language type="mus">mus</language>
			<language type="mwr">mwr</language>
			<language type="my">my</language>
			<language type="myn">myn</language>
			<language type="myv">myv</language>
			<language type="na">na</language>
			<language type="nah">nah</language>
			<language type="nai">nai</language>
			<language type="nap">nap</language>
			<language type="nb">nb</language>
			<language type="nd">nd</language>
			<language type="nds">nds</language>
			<language type="ne">ne</language>
			<language type="new">new</language>
			<language type="ng">ng</language>
			<language type="nia">nia</language>
			<language type="nic">nic</language>
			<language type="niu">niu</language>
			<language type="nl">nl</language>
			<language type="nn">nn</language>
			<language type="no">no</language>
			<language type="nog">nog</language>
			<language type="non">non</language>
			<language type="nr">nr</language>
			<language type="nso">nso</language>
			<language type="nub">nub</language>
			<language type="nv">nv</language>
			<language type="ny">ny</language>
			<language type="nym">nym</language>
			<language type="nyn">nyn</language>
			<language type="nyo">nyo</language>
			<language type="nzi">nzi</language>
			<language type="oc">oc</language>
			<language type="oj">oj</language>
			<language type="om">om</language>
			<language type="or">or</language>
			<language type="os">os</language>
			<language type="osa">osa</language>
			<language type="ota">ota</language>
			<language type="oto">oto</language>
			<language type="pa">pa</language>
			<language type="paa">paa</language>
			<language type="pag">pag</language>
			<language type="pal">pal</language>
			<language type="pam">pam</language>
			<language type="pap">pap</language>
			<language type="pau">pau</language>
			<language type="peo">peo</language>
			<language type="phi">phi</language>
			<language type="phn">phn</language>
			<language type="pi">pi</language>
			<language type="pl">pl</language>
			<language type="pon">pon</language>
			<language type="pra">pra</language>
			<language type="pro">pro</language>
			<language type="ps">ps</language>
			<language type="pt">pt</language>
			<language type="qu">qu</language>
			<language type="raj">raj</language>
			<language type="rap">rap</language>
			<language type="rar">rar</language>
			<language type="rm">rm</language>
			<language type="rn">rn</language>
			<language type="ro">ro</language>
			<language type="roa">roa</language>
			<language type="rom">rom</language>
			<language type="root">root</language>
			<language type="ru">ru</language>
			<language type="rw">rw</language>
			<language type="sa">sa</language>
			<language type="sad">sad</language>
			<language type="sah">sah</language>
			<language type="sai">sai</language>
			<language type="sal">sal</language>
			<language type="sam">sam</language>
			<language type="sas">sas</language>
			<language type="sat">sat</language>
			<language type="sc">sc</language>
			<language type="sco">sco</language>
			<language type="sd">sd</language>
			<language type="se">se</language>
			<language type="sel">sel</language>
			<language type="sem">sem</language>
			<language type="sg">sg</language>
			<language type="sga">sga</language>
			<language type="sgn">sgn</language>
			<language type="sh">sh</language>
			<language type="shn">shn</language>
			<language type="si">si</language>
			<language type="sid">sid</language>
			<language type="sio">sio</language>
			<language type="sit">sit</language>
			<language type="sk">sk</language>
			<language type="sl">sl</language>
			<language type="sla">sla</language>
			<language type="sm">sm</language>
			<language type="sma">sma</language>
			<language type="smi">smi</language>
			<language type="smj">smj</language>
			<language type="smn">smn</language>
			<language type="sms">sms</language>
			<language type="sn">sn</language>
			<language type="snk">snk</language>
			<language type="so">so</language>
			<language type="sog">sog</language>
			<language type="son">son</language>
			<language type="sq">sq</language>
			<language type="sr">sr</language>
			<language type="srr">srr</language>
			<language type="ss">ss</language>
			<language type="ssa">ssa</language>
			<language type="st">st</language>
			<language type="su">su</language>
			<language type="suk">suk</language>
			<language type="sus">sus</language>
			<language type="sux">sux</language>
			<language type="sv">sv</language>
			<language type="sw">sw</language>
			<language type="syr">syr</language>
			<language type="ta">ta</language>
			<language type="tai">tai</language>
			<language type="te">te</language>
			<language type="tem">tem</language>
			<language type="ter">ter</language>
			<language type="tet">tet</language>
			<language type="tg">tg</language>
			<language type="th">th</language>
			<language type="ti">ti</language>
			<language type="tig">tig</language>
			<language type="tiv">tiv</language>
			<language type="tk">tk</language>
			<language type="tkl">tkl</language>
			<language type="tl">tl</language>
			<language type="tli">tli</language>
			<language type="tmh">tmh</language>
			<language type="tn">tn</language>
			<language type="to">to</language>
			<language type="tog">tog</language>
			<language type="tpi">tpi</language>
			<language type="tr">tr</language>
			<language type="ts">ts</language>
			<language type="tsi">tsi</language>
			<language type="tt">tt</language>
			<language type="tum">tum</language>
			<language type="tup">tup</language>
			<language type="tut">tut</language>
			<language type="tvl">tvl</language>
			<language type="tw">tw</language>
			<language type="ty">ty</language>
			<language type="tyv">tyv</language>
			<language type="udm">udm</language>
			<language type="ug">ug</language>
			<language type="uga">uga</language>
			<language type="uk">uk</language>
			<language type="umb">umb</language>
			<language type="und">und</language>
			<language type="ur">ur</language>
			<language type="uz">uz</language>
			<language type="vai">vai</language>
			<language type="ve">ve</language>
			<language type="vi">vi</language>
			<language type="vo">vo</language>
			<language type="vot">vot</language>
			<language type="wa">wa</language>
			<language type="wak">wak</language>
			<language type="wal">wal</language>
			<language type="war">war</language>
			<language type="was">was</language>
			<language type="wen">wen</language>
			<language type="wo">wo</language>
			<language type="xal">xal</language>
			<language type="xh">xh</language>
			<language type="yao">yao</language>
			<language type="yap">yap</language>
			<language type="yi">yi</language>
			<language type="yo">yo</language>
			<language type="ypk">ypk</language>
			<language type="za">za</language>
			<language type="zap">zap</language>
			<language type="zen">zen</language>
			<language type="zh">zh</language>
			<language type="znd">znd</language>
			<language type="zu">zu</language>
			<language type="zun">zun</language>
		</languages>
		<scripts>
			<script type="Arab">Arab</script>
			<script type="Armn">Armn</script>
			<script type="Beng">Beng</script>
			<script type="Bopo">Bopo</script>
			<script type="Brai">Brai</script>
			<script type="Buhd">Buhd</script>
			<script type="Cans">Cans</script>
			<script type="Cher">Cher</script>
			<script type="Cprt">Cprt</script>
			<script type="Cyrl">Cyrl</script>
			<script type="Deva">Deva</script>
			<script type="Dsrt">Dsrt</script>
			<script type="Ethi">Ethi</script>
			<script type="Geor">Geor</script>
			<script type="Goth">Goth</script>
			<script type="Grek">Grek</script>
			<script type="Gujr">Gujr</script>
			<script type="Guru">Guru</script>
			<script type="Hang">Hang</script>
			<script type="Hani">Hani</script>
			<script type="Hano">Hano</script>
			<script type="Hans">Hans</script>
			<script type="Hant">Hant</script>
			<script type="Hebr">Hebr</script>
			<script type="Hira">Hira</script>
			<script type="Hrkt">Hrkt</script>
			<script type="Ital">Ital</script>
			<script type="Kana">Kana</script>
			<script type="Khmr">Khmr</script>
			<script type="Knda">Knda</script>
			<script type="Laoo">Laoo</script>
			<script type="Latn">Latn</script>
			<script type="Limb">Limb</script>
			<script type="Linb">Linb</script>
			<script type="Mlym">Mlym</script>
			<script type="Mong">Mong</script>
			<script type="Mymr">Mymr</script>
			<script type="Ogam">Ogam</script>
			<script type="Orya">Orya</script>
			<script type="Osma">Osma</script>
			<script type="Qaac">Qaac</script>
			<script type="Qaai">Qaai</script>
			<script type="Runr">Runr</script>
			<script type="Shaw">Shaw</script>
			<script type="Sinh">Sinh</script>
			<script type="Syrc">Syrc</script>
			<script type="Tagb">Tagb</script>
			<script type="Tale">Tale</script>
			<script type="Taml">Taml</script>
			<script type="Telu">Telu</script>
			<script type="Tglg">Tglg</script>
			<script type="Thaa">Thaa</script>
			<script type="Thai">Thai</script>
			<script type="Tibt">Tibt</script>
			<script type="Ugar">Ugar</script>
			<script type="Yiii">Yiii</script>
			<script type="Zyyy">Zyyy</script>
		</scripts>
		<territories>
			<territory type="AD">AD</territory>
			<territory type="AE">AE</territory>
			<territory type="AF">AF</territory>
			<territory type="AG">AG</territory>
			<territory type="AI">AI</territory>
			<territory type="AL">AL</territory>
			<territory type="AM">AM</territory>
			<territory type="AN">AN</territory>
			<territory type="AO">AO</territory>
			<territory type="AQ">AQ</territory>
			<territory type="AR">AR</territory>
			<territory type="AS">AS</territory>
			<territory type="AT">AT</territory>
			<territory type="AU">AU</territory>
			<territory type="AW">AW</territory>
			<territory type="AZ">AZ</territory>
			<territory type="BA">BA</territory>
			<territory type="BB">BB</territory>
			<territory type="BD">BD</territory>
			<territory type="BE">BE</territory>
			<territory type="BF">BF</territory>
			<territory type="BG">BG</territory>
			<territory type="BH">BH</territory>
			<territory type="BI">BI</territory>
			<territory type="BJ">BJ</territory>
			<territory type="BM">BM</territory>
			<territory type="BN">BN</territory>
			<territory type="BO">BO</territory>
			<territory type="BR">BR</territory>
			<territory type="BS">BS</territory>
			<territory type="BT">BT</territory>
			<territory type="BV">BV</territory>
			<territory type="BW">BW</territory>
			<territory type="BY">BY</territory>
			<territory type="BZ">BZ</territory>
			<territory type="CA">CA</territory>
			<territory type="CC">CC</territory>
			<territory type="CD">CD</territory>
			<territory type="CF">CF</territory>
			<territory type="CG">CG</territory>
			<territory type="CH">CH</territory>
			<territory type="CI">CI</territory>
			<territory type="CK">CK</territory>
			<territory type="CL">CL</territory>
			<territory type="CM">CM</territory>
			<territory type="CN">CN</territory>
			<territory type="CO">CO</territory>
			<territory type="CR">CR</territory>
			<territory type="CU">CU</territory>
			<territory type="CV">CV</territory>
			<territory type="CX">CX</territory>
			<territory type="CY">CY</territory>
			<territory type="CZ">CZ</territory>
			<territory type="DE">DE</territory>
			<territory type="DJ">DJ</territory>
			<territory type="DK">DK</territory>
			<territory type="DM">DM</territory>
			<territory type="DO">DO</territory>
			<territory type="DZ">DZ</territory>
			<territory type="EC">EC</territory>
			<territory type="EE">EE</territory>
			<territory type="EG">EG</territory>
			<territory type="EH">EH</territory>
			<territory type="ER">ER</territory>
			<territory type="ES">ES</territory>
			<territory type="ET">ET</territory>
			<territory type="FI">FI</territory>
			<territory type="FJ">FJ</territory>
			<territory type="FK">FK</territory>
			<territory type="FM">FM</territory>
			<territory type="FO">FO</territory>
			<territory type="FR">FR</territory>
			<territory type="GA">GA</territory>
			<territory type="GB">GB</territory>
			<territory type="GD">GD</territory>
			<territory type="GE">GE</territory>
			<territory type="GF">GF</territory>
			<territory type="GH">GH</territory>
			<territory type="GI">GI</territory>
			<territory type="GL">GL</territory>
			<territory type="GM">GM</territory>
			<territory type="GN">GN</territory>
			<territory type="GP">GP</territory>
			<territory type="GQ">GQ</territory>
			<territory type="GR">GR</territory>
			<territory type="GS">GS</territory>
			<territory type="GT">GT</territory>
			<territory type="GU">GU</territory>
			<territory type="GW">GW</territory>
			<territory type="GY">GY</territory>
			<territory type="HK">HK</territory>
			<territory type="HM">HM</territory>
			<territory type="HN">HN</territory>
			<territory type="HR">HR</territory>
			<territory type="HT">HT</territory>
			<territory type="HU">HU</territory>
			<territory type="ID">ID</territory>
			<territory type="IE">IE</territory>
			<territory type="IL">IL</territory>
			<territory type="IN">IN</territory>
			<territory type="IO">IO</territory>
			<territory type="IQ">IQ</territory>
			<territory type="IR">IR</territory>
			<territory type="IS">IS</territory>
			<territory type="IT">IT</territory>
			<territory type="JM">JM</territory>
			<territory type="JO">JO</territory>
			<territory type="JP">JP</territory>
			<territory type="KE">KE</territory>
			<territory type="KG">KG</territory>
			<territory type="KH">KH</territory>
			<territory type="KI">KI</territory>
			<territory type="KM">KM</territory>
			<territory type="KN">KN</territory>
			<territory type="KP">KP</territory>
			<territory type="KR">KR</territory>
			<territory type="KW">KW</territory>
			<territory type="KY">KY</territory>
			<territory type="KZ">KZ</territory>
			<territory type="LA">LA</territory>
			<territory type="LB">LB</territory>
			<territory type="LC">LC</territory>
			<territory type="LI">LI</territory>
			<territory type="LK">LK</territory>
			<territory type="LR">LR</territory>
			<territory type="LS">LS</territory>
			<territory type="LT">LT</territory>
			<territory type="LU">LU</territory>
			<territory type="LV">LV</territory>
			<territory type="LY">LY</territory>
			<territory type="MA">MA</territory>
			<territory type="MC">MC</territory>
			<territory type="MD">MD</territory>
			<territory type="MG">MG</territory>
			<territory type="MH">MH</territory>
			<territory type="MK">MK</territory>
			<territory type="ML">ML</territory>
			<territory type="MM">MM</territory>
			<territory type="MN">MN</territory>
			<territory type="MO">MO</territory>
			<territory type="MP">MP</territory>
			<territory type="MQ">MQ</territory>
			<territory type="MR">MR</territory>
			<territory type="MS">MS</territory>
			<territory type="MT">MT</territory>
			<territory type="MU">MU</territory>
			<territory type="MV">MV</territory>
			<territory type="MW">MW</territory>
			<territory type="MX">MX</territory>
			<territory type="MY">MY</territory>
			<territory type="MZ">MZ</territory>
			<territory type="NA">NA</territory>
			<territory type="NC">NC</territory>
			<territory type="NE">NE</territory>
			<territory type="NF">NF</territory>
			<territory type="NG">NG</territory>
			<territory type="NI">NI</territory>
			<territory type="NL">NL</territory>
			<territory type="NO">NO</territory>
			<territory type="NP">NP</territory>
			<territory type="NR">NR</territory>
			<territory type="NU">NU</territory>
			<territory type="NZ">NZ</territory>
			<territory type="OM">OM</territory>
			<territory type="PA">PA</territory>
			<territory type="PE">PE</territory>
			<territory type="PF">PF</territory>
			<territory type="PG">PG</territory>
			<territory type="PH">PH</territory>
			<territory type="PK">PK</territory>
			<territory type="PL">PL</territory>
			<territory type="PM">PM</territory>
			<territory type="PN">PN</territory>
			<territory type="PR">PR</territory>
			<territory type="PS">PS</territory>
			<territory type="PT">PT</territory>
			<territory type="PW">PW</territory>
			<territory type="PY">PY</territory>
			<territory type="QA">QA</territory>
			<territory type="RE">RE</territory>
			<territory type="RO">RO</territory>
			<territory type="RU">RU</territory>
			<territory type="RW">RW</territory>
			<territory type="SA">SA</territory>
			<territory type="SB">SB</territory>
			<territory type="SC">SC</territory>
			<territory type="SD">SD</territory>
			<territory type="SE">SE</territory>
			<territory type="SG">SG</territory>
			<territory type="SH">SH</territory>
			<territory type="SI">SI</territory>
			<territory type="SJ">SJ</territory>
			<territory type="SK">SK</territory>
			<territory type="SL">SL</territory>
			<territory type="SM">SM</territory>
			<territory type="SN">SN</territory>
			<territory type="SO">SO</territory>
			<territory type="SP">SP</territory>
			<territory type="SR">SR</territory>
			<territory type="ST">ST</territory>
			<territory type="SV">SV</territory>
			<territory type="SY">SY</territory>
			<territory type="SZ">SZ</territory>
			<territory type="TC">TC</territory>
			<territory type="TD">TD</territory>
			<territory type="TF">TF</territory>
			<territory type="TG">TG</territory>
			<territory type="TH">TH</territory>
			<territory type="TJ">TJ</territory>
			<territory type="TK">TK</territory>
			<territory type="TL">TL</territory>
			<territory type="TM">TM</territory>
			<territory type="TN">TN</territory>
			<territory type="TO">TO</territory>
			<territory type="TR">TR</territory>
			<territory type="TT">TT</territory>
			<territory type="TV">TV</territory>
			<territory type="TW">TW</territory>
			<territory type="TZ">TZ</territory>
			<territory type="UA">UA</territory>
			<territory type="UG">UG</territory>
			<territory type="UM">UM</territory>
			<territory type="US">US</territory>
			<territory type="UY">UY</territory>
			<territory type="UZ">UZ</territory>
			<territory type="VA">VA</territory>
			<territory type="VC">VC</territory>
			<territory type="VE">VE</territory>
			<territory type="VG">VG</territory>
			<territory type="VI">VI</territory>
			<territory type="VN">VN</territory>
			<territory type="VU">VU</territory>
			<territory type="WF">WF</territory>
			<territory type="WS">WS</territory>
			<territory type="YE">YE</territory>
			<territory type="YT">YT</territory>
			<territory type="YU">YU</territory>
			<territory type="ZA">ZA</territory>
			<territory type="ZM">ZM</territory>
			<territory type="ZW">ZW</territory>
		</territories>
		<variants>
			<variant type="POSIX">POSIX</variant>
			<variant type="REVISED">REVISED</variant>
		</variants>
		<keys>
			<key type="calendar">CALENDAR</key>
			<key type="collation">COLLATION</key>
			<key type="currency">CURRENCY</key>
		</keys>
		<types>
			<type type="buddhist" key="calendar">BUDDHIST</type>
			<type type="chinese" key="calendar">CHINESE</type>
			<type type="gregorian" key="calendar">GREGORIAN</type>
			<type type="hebrew" key="calendar">HEBREW</type>
			<type type="islamic" key="calendar">ISLAMIC</type>
			<type type="islamic-civil" key="calendar">ISLAMIC-CIVIL</type>
			<type type="japanese" key="calendar">JAPANESE</type>
			<type type="direct" key="collation">DIRECT</type>
			<type type="phonebook" key="collation">PHONEBOOK</type>
			<type type="pinyin" key="collation">PINYIN</type>
			<type type="stroke" key="collation">STROKE</type>
			<type type="traditional" key="collation">TRADITIONAL</type>
		</types>
	</localeDisplayNames>
	<layout>
		<orientation lines="top-to-bottom" characters="left-to-right" />
	</layout>
	<characters>
		<exemplarCharacters>[]</exemplarCharacters>
	</characters>
	<measurement>
		<measurementSystem type="metric"/>
		<paperSize>
			<height>297</height>
			<width>210</width>
		</paperSize>
	</measurement>
	<dates>
		<localizedPatternChars>GyMdkHmsSEDFwWahKzYeugAZ</localizedPatternChars>
		<calendars>
			<calendar type="buddhist">
				<eras>
					<eraAbbr>
						<era type="1">BE</era>
					</eraAbbr>
				</eras>
				<dateFormats>
					<default type="medium"/>
					<dateFormatLength type="full">
						<dateFormat >
							<pattern>EEEE, MMMM d, yyyy G</pattern>
						</dateFormat>
					</dateFormatLength >
					<dateFormatLength type="long">
						<dateFormat >
							<pattern>MMMM d, yyyy G</pattern>
						</dateFormat>
					</dateFormatLength >
					<dateFormatLength type="medium">
						<dateFormat >
							<pattern>MMM d, yyyy G</pattern>
						</dateFormat>
					</dateFormatLength >
					<dateFormatLength type="short">
						<dateFormat >
							<pattern>M/d/yyyy</pattern>
						</dateFormat>
					</dateFormatLength >
				</dateFormats>
				<timeFormats>
					<default type="medium"/>
					<timeFormatLength type="full">
						<timeFormat >
							<pattern>h:mm:ss a z</pattern>
						</timeFormat>
					</timeFormatLength >
					<timeFormatLength type="long">
						<timeFormat >
							<pattern>h:mm:ss a z</pattern>
						</timeFormat>
					</timeFormatLength >
					<timeFormatLength type="medium">
						<timeFormat >
							<pattern>h:mm:ss a</pattern>
						</timeFormat>
					</timeFormatLength >
					<timeFormatLength type="short">
						<timeFormat >
							<pattern>h:mm a</pattern>
						</timeFormat>
					</timeFormatLength >
				</timeFormats>
				<dateTimeFormats>
					<dateTimeFormatLength >
						<dateTimeFormat>
							<pattern>{1} {0}</pattern>
						</dateTimeFormat>
					</dateTimeFormatLength >
				</dateTimeFormats>
			</calendar>
			<calendar type="chinese">
				<dateFormats>
					<default type="medium"/>
					<dateFormatLength type="full">
						<dateFormat >
							<pattern>EEEE y'x'G-Ml-d</pattern>
						</dateFormat>
					</dateFormatLength >
					<dateFormatLength type="long">
						<dateFormat >
							<pattern>y'x'G-Ml-d</pattern>
						</dateFormat>
					</dateFormatLength >
					<dateFormatLength type="medium">
						<dateFormat >
							<pattern>y'x'G-Ml-d</pattern>
						</dateFormat>
					</dateFormatLength >
					<dateFormatLength type="short">
						<dateFormat >
							<pattern>y'x'G-Ml-d</pattern>
						</dateFormat>
					</dateFormatLength >
				</dateFormats>
				<timeFormats>
					<default type="medium"/>
					<timeFormatLength type="full">
						<timeFormat >
							<pattern>h:mm:ss a z</pattern>
						</timeFormat>
					</timeFormatLength >
					<timeFormatLength type="long">
						<timeFormat >
							<pattern>h:mm:ss a z</pattern>
						</timeFormat>
					</timeFormatLength >
					<timeFormatLength type="medium">
						<timeFormat >
							<pattern>h:mm:ss a</pattern>
						</timeFormat>
					</timeFormatLength >
					<timeFormatLength type="short">
						<timeFormat >
							<pattern>h:mm a</pattern>
						</timeFormat>
					</timeFormatLength >
				</timeFormats>
				<dateTimeFormats>
					<dateTimeFormatLength >
						<dateTimeFormat>
							<pattern>{1} {0}</pattern>
						</dateTimeFormat>
					</dateTimeFormatLength >
				</dateTimeFormats>
			</calendar>
			<calendar type="gregorian">
				<months>
					<default type="format"/>
					<monthContext type="format">
						<default type="wide"/>
						<monthWidth type="abbreviated">
							<month type="1">1</month>
							<month type="2">2</month>
							<month type="3">3</month>
							<month type="4">4</month>
							<month type="5">5</month>
							<month type="6">6</month>
							<month type="7">7</month>
							<month type="8">8</month>
							<month type="9">9</month>
							<month type="10">10</month>
							<month type="11">11</month>
							<month type="12">12</month>
						</monthWidth>
						<monthWidth type="narrow">
							<month type="1">1</month>
							<month type="2">2</month>
							<month type="3">3</month>
							<month type="4">4</month>
							<month type="5">5</month>
							<month type="6">6</month>
							<month type="7">7</month>
							<month type="8">8</month>
							<month type="9">9</month>
							<month type="10">10</month>
							<month type="11">11</month>
							<month type="12">12</month>
						</monthWidth>
						<monthWidth type="wide">
							<month type="1">1</month>
							<month type="2">2</month>
							<month type="3">3</month>
							<month type="4">4</month>
							<month type="5">5</month>
							<month type="6">6</month>
							<month type="7">7</month>
							<month type="8">8</month>
							<month type="9">9</month>
							<month type="10">10</month>
							<month type="11">11</month>
							<month type="12">12</month>
						</monthWidth>
					</monthContext>
					<monthContext type="stand-alone">
						<default type="wide"/>
						<monthWidth type="abbreviated">
							<month type="1">1</month>
							<month type="2">2</month>
							<month type="3">3</month>
							<month type="4">4</month>
							<month type="5">5</month>
							<month type="6">6</month>
							<month type="7">7</month>
							<month type="8">8</month>
							<month type="9">9</month>
							<month type="10">10</month>
							<month type="11">11</month>
							<month type="12">12</month>
						</monthWidth>
						<monthWidth type="narrow">
							<month type="1">1</month>
							<month type="2">2</month>
							<month type="3">3</month>
							<month type="4">4</month>
							<month type="5">5</month>
							<month type="6">6</month>
							<month type="7">7</month>
							<month type="8">8</month>
							<month type="9">9</month>
							<month type="10">10</month>
							<month type="11">11</month>
							<month type="12">12</month>
						</monthWidth>
						<monthWidth type="wide">
							<month type="1">1</month>
							<month type="2">2</month>
							<month type="3">3</month>
							<month type="4">4</month>
							<month type="5">5</month>
							<month type="6">6</month>
							<month type="7">7</month>
							<month type="8">8</month>
							<month type="9">9</month>
							<month type="10">10</month>
							<month type="11">11</month>
							<month type="12">12</month>
						</monthWidth>
					</monthContext>
				</months>
				<days>
					<default type="format"/>
					<dayContext type="format">
						<default type="wide"/>
						<dayWidth type="abbreviated">
							<day type="sun">1</day>
							<day type="mon">2</day>
							<day type="tue">3</day>
							<day type="wed">4</day>
							<day type="thu">5</day>
							<day type="fri">6</day>
							<day type="sat">7</day>
						</dayWidth>
						<dayWidth type="narrow">
							<day type="sun">1</day>
							<day type="mon">2</day>
							<day type="tue">3</day>
							<day type="wed">4</day>
							<day type="thu">5</day>
							<day type="fri">6</day>
							<day type="sat">7</day>
						</dayWidth>
						<dayWidth type="wide">
							<day type="sun">1</day>
							<day type="mon">2</day>
							<day type="tue">3</day>
							<day type="wed">4</day>
							<day type="thu">5</day>
							<day type="fri">6</day>
							<day type="sat">7</day>
						</dayWidth>
					</dayContext>
					<dayContext type="stand-alone">
						<default type="wide"/>
						<dayWidth type="abbreviated">
							<day type="sun">1</day>
							<day type="mon">2</day>
							<day type="tue">3</day>
							<day type="wed">4</day>
							<day type="thu">5</day>
							<day type="fri">6</day>
							<day type="sat">7</day>
						</dayWidth>
						<dayWidth type="narrow">
							<day type="sun">1</day>
							<day type="mon">2</day>
							<day type="tue">3</day>
							<day type="wed">4</day>
							<day type="thu">5</day>
							<day type="fri">6</day>
							<day type="sat">7</day>
						</dayWidth>
						<dayWidth type="wide">
							<day type="sun">1</day>
							<day type="mon">2</day>
							<day type="tue">3</day>
							<day type="wed">4</day>
							<day type="thu">5</day>
							<day type="fri">6</day>
							<day type="sat">7</day>
						</dayWidth>
					</dayContext>
				</days>
				<week>
					<minDays count="1"/>
					<firstDay day="sun"/>
				</week>
				<am>AM</am>
				<pm>PM</pm>
				<eras>
					<eraAbbr>
						<era type="1">BCE</era>
						<era type="2">CE</era>
					</eraAbbr>
				</eras>
				<dateFormats>
					<default type="medium"/>
					<dateFormatLength type="full">
						<dateFormat >
							<pattern>EEEE, yyyy MMMM dd </pattern>
						</dateFormat>
					</dateFormatLength >
					<dateFormatLength type="long">
						<dateFormat >
							<pattern>yyyy MMMM d </pattern>
						</dateFormat>
					</dateFormatLength >
					<dateFormatLength type="medium">
						<dateFormat >
							<pattern>yyyy MMM d </pattern>
						</dateFormat>
					</dateFormatLength >
					<dateFormatLength type="short">
						<dateFormat >
							<pattern>yy/MM/dd</pattern>
						</dateFormat>
					</dateFormatLength >
				</dateFormats>
				<timeFormats>
					<default type="medium"/>
					<timeFormatLength type="full">
						<timeFormat >
							<pattern>HH:mm:ss z</pattern>
						</timeFormat>
					</timeFormatLength >
					<timeFormatLength type="long">
						<timeFormat >
							<pattern>HH:mm:ss z</pattern>
						</timeFormat>
					</timeFormatLength >
					<timeFormatLength type="medium">
						<timeFormat >
							<pattern>HH:mm:ss </pattern>
						</timeFormat>
					</timeFormatLength >
					<timeFormatLength type="short">
						<timeFormat >
							<pattern>HH:mm</pattern>
						</timeFormat>
					</timeFormatLength >
				</timeFormats>
				<dateTimeFormats>
					<dateTimeFormatLength >
						<dateTimeFormat>
							<pattern>{1} {0}</pattern>
						</dateTimeFormat>
					</dateTimeFormatLength >
				</dateTimeFormats>
			</calendar>
			<calendar type="hebrew">
				<months>
					<default type="format"/>
					<monthContext type="format">
						<default type="wide"/>
						<monthWidth type="abbreviated">
							<month type="1">Tishri</month>
							<month type="2">Heshvan</month>
							<month type="3">Kislev</month>
							<month type="4">Tevet</month>
							<month type="5">Shevat</month>
							<month type="6">Adar I</month>
							<month type="7">Adar</month>
							<month type="8">Nisan</month>
							<month type="9">Iyar</month>
							<month type="10">Sivan</month>
							<month type="11">Tamuz</month>
							<month type="12">Av</month>
							<month type="13">Elul</month>
						</monthWidth>
						<monthWidth type="wide">
							<month type="1">Tishri</month>
							<month type="2">Heshvan</month>
							<month type="3">Kislev</month>
							<month type="4">Tevet</month>
							<month type="5">Shevat</month>
							<month type="6">Adar I</month>
							<month type="7">Adar</month>
							<month type="8">Nisan</month>
							<month type="9">Iyar</month>
							<month type="10">Sivan</month>
							<month type="11">Tamuz</month>
							<month type="12">Av</month>
							<month type="13">Elul</month>
						</monthWidth>
					</monthContext>
				</months>
				<eras>
					<eraAbbr>
						<era type="1">AM</era>
					</eraAbbr>
				</eras>
			</calendar>
			<calendar type="islamic">
				<months>
					<default type="format"/>
					<monthContext type="format">
						<default type="wide"/>
						<monthWidth type="abbreviated">
							<month type="1">Muharram</month>
							<month type="2">Safar</month>
							<month type="3">Rabiʻ I</month>
							<month type="4">Rabiʻ II</month>
							<month type="5">Jumada I</month>
							<month type="6">Jumada II</month>
							<month type="7">Rajab</month>
							<month type="8">Shaʻban</month>
							<month type="9">Ramadan</month>
							<month type="10">Shawwal</month>
							<month type="11">Dhuʻl-Qiʻdah</month>
							<month type="12">Dhuʻl-Hijjah</month>
						</monthWidth>
						<monthWidth type="wide">
							<month type="1">Muharram</month>
							<month type="2">Safar</month>
							<month type="3">Rabiʻ I</month>
							<month type="4">Rabiʻ II</month>
							<month type="5">Jumada I</month>
							<month type="6">Jumada II</month>
							<month type="7">Rajab</month>
							<month type="8">Shaʻban</month>
							<month type="9">Ramadan</month>
							<month type="10">Shawwal</month>
							<month type="11">Dhuʻl-Qiʻdah</month>
							<month type="12">Dhuʻl-Hijjah</month>
						</monthWidth>
					</monthContext>
				</months>
				<eras>
					<eraAbbr>
						<era type="1">AH</era>
					</eraAbbr>
				</eras>
			</calendar>
			<calendar type="islamic-civil">
				<months>
					<default type="format"/>
					<monthContext type="format">
						<default type="wide"/>
						<monthWidth type="abbreviated">
							<month type="1">Muharram</month>
							<month type="2">Safar</month>
							<month type="3">Rabiʻ I</month>
							<month type="4">Rabiʻ II</month>
							<month type="5">Jumada I</month>
							<month type="6">Jumada II</month>
							<month type="7">Rajab</month>
							<month type="8">Shaʻban</month>
							<month type="9">Ramadan</month>
							<month type="10">Shawwal</month>
							<month type="11">Dhuʻl-Qiʻdah</month>
							<month type="12">Dhuʻl-Hijjah</month>
						</monthWidth>
						<monthWidth type="wide">
							<month type="1">Muharram</month>
							<month type="2">Safar</month>
							<month type="3">Rabiʻ I</month>
							<month type="4">Rabiʻ II</month>
							<month type="5">Jumada I</month>
							<month type="6">Jumada II</month>
							<month type="7">Rajab</month>
							<month type="8">Shaʻban</month>
							<month type="9">Ramadan</month>
							<month type="10">Shawwal</month>
							<month type="11">Dhuʻl-Qiʻdah</month>
							<month type="12">Dhuʻl-Hijjah</month>
						</monthWidth>
					</monthContext>
				</months>
				<eras>
					<eraAbbr>
						<era type="1">AH</era>
					</eraAbbr>
				</eras>
			</calendar>
			<calendar type="japanese">
				<eras>
					<eraAbbr>
						<era type="1">Taika</era>
						<era type="2">Hakuchi</era>
						<era type="3">Hakuhō</era>
						<era type="4">Shuchō</era>
						<era type="5">Taihō</era>
						<era type="6">Keiun</era>
						<era type="7">Wadō</era>
						<era type="8">Reiki</era>
						<era type="9">Yōrō</era>
						<era type="10">Jinki</era>
						<era type="11">Tempyō</era>
						<era type="12">Tempyō-kampō</era>
						<era type="13">Tempyō-shōhō</era>
						<era type="14">Tempyō-hōji</era>
						<era type="15">Temphō-jingo</era>
						<era type="16">Jingo-keiun</era>
						<era type="17">Hōki</era>
						<era type="18">Ten-ō</era>
						<era type="19">Enryaku</era>
						<era type="20">Daidō</era>
						<era type="21">Kōnin</era>
						<era type="22">Tenchō</era>
						<era type="23">Shōwa</era>
						<era type="24">Kajō</era>
						<era type="25">Ninju</era>
						<era type="26">Saiko</era>
						<era type="27">Tennan</era>
						<era type="28">Jōgan</era>
						<era type="29">Genkei</era>
						<era type="30">Ninna</era>
						<era type="31">Kampyō</era>
						<era type="32">Shōtai</era>
						<era type="33">Engi</era>
						<era type="34">Enchō</era>
						<era type="35">Shōhei</era>
						<era type="36">Tengyō</era>
						<era type="37">Tenryaku</era>
						<era type="38">Tentoku</era>
						<era type="39">Ōwa</era>
						<era type="40">Kōhō</era>
						<era type="41">Anna</era>
						<era type="42">Tenroku</era>
						<era type="43">Ten-en</era>
						<era type="44">Jōgen</era>
						<era type="45">Tengen</era>
						<era type="46">Eikan</era>
						<era type="47">Kanna</era>
						<era type="48">Ei-en</era>
						<era type="49">Eiso</era>
						<era type="50">Shōryaku</era>
						<era type="51">Chōtoku</era>
						<era type="52">Chōhō</era>
						<era type="53">Kankō</era>
						<era type="54">Chōwa</era>
						<era type="55">Kannin</era>
						<era type="56">Jian</era>
						<era type="57">Manju</era>
						<era type="58">Chōgen</era>
						<era type="59">Chōryaku</era>
						<era type="60">Chōkyū</era>
						<era type="61">Kantoku</era>
						<era type="62">Eishō</era>
						<era type="63">Tengi</era>
						<era type="64">Kōhei</era>
						<era type="65">Jiryaku</era>
						<era type="66">Enkyū</era>
						<era type="67">Shōho</era>
						<era type="68">Shōryaku</era>
						<era type="69">Eiho</era>
						<era type="70">Ōtoku</era>
						<era type="71">Kanji</era>
						<era type="72">Kaho</era>
						<era type="73">Eichō</era>
						<era type="74">Shōtoku</era>
						<era type="75">Kōwa</era>
						<era type="76">Chōji</era>
						<era type="77">Kashō</era>
						<era type="78">Tennin</era>
						<era type="79">Ten-ei</era>
						<era type="80">Eikyū</era>
						<era type="81">Gen-ei</era>
						<era type="82">Hoan</era>
						<era type="83">Tenji</era>
						<era type="84">Daiji</era>
						<era type="85">Tenshō</era>
						<era type="86">Chōshō</era>
						<era type="87">Hoen</era>
						<era type="88">Eiji</era>
						<era type="89">Kōji</era>
						<era type="90">Tenyō</era>
						<era type="91">Kyūan</era>
						<era type="92">Ninpei</era>
						<era type="93">Kyūju</era>
						<era type="94">Hogen</era>
						<era type="95">Heiji</era>
						<era type="96">Eiryaku</era>
						<era type="97">Ōho</era>
						<era type="98">Chōkan</era>
						<era type="99">Eiman</era>
						<era type="100">Nin-an</era>
						<era type="101">Kaō</era>
						<era type="102">Shōan</era>
						<era type="103">Angen</era>
						<era type="104">Jishō</era>
						<era type="105">Yōwa</era>
						<era type="106">Juei</era>
						<era type="107">Genryuku</era>
						<era type="108">Bunji</era>
						<era type="109">Kenkyū</era>
						<era type="110">Shōji</era>
						<era type="111">Kennin</era>
						<era type="112">Genkyū</era>
						<era type="113">Ken-ei</era>
						<era type="114">Shōgen</era>
						<era type="115">Kenryaku</era>
						<era type="116">Kenpō</era>
						<era type="117">Shōkyū</era>
						<era type="118">Jōō</era>
						<era type="119">Gennin</era>
						<era type="120">Karoku</era>
						<era type="121">Antei</era>
						<era type="122">Kanki</era>
						<era type="123">Jōei</era>
						<era type="124">Tempuku</era>
						<era type="125">Bunryaku</era>
						<era type="126">Katei</era>
						<era type="127">Ryakunin</era>
						<era type="128">En-ō</era>
						<era type="129">Ninji</era>
						<era type="130">Kangen</era>
						<era type="131">Hōji</era>
						<era type="132">Kenchō</era>
						<era type="133">Kōgen</era>
						<era type="134">Shōka</era>
						<era type="135">Shōgen</era>
						<era type="136">Bun-ō</era>
						<era type="137">Kōchō</era>
						<era type="138">Bun-ei</era>
						<era type="139">Kenji</era>
						<era type="140">Kōan</era>
						<era type="141">Shōō</era>
						<era type="142">Einin</era>
						<era type="143">Shōan</era>
						<era type="144">Kengen</era>
						<era type="145">Kagen</era>
						<era type="146">Tokuji</era>
						<era type="147">Enkei</era>
						<era type="148">Ōchō</era>
						<era type="149">Shōwa</era>
						<era type="150">Bunpō</era>
						<era type="151">Genō</era>
						<era type="152">Genkyō</era>
						<era type="153">Shōchū</era>
						<era type="154">Kareki</era>
						<era type="155">Gentoku</era>
						<era type="156">Genkō</era>
						<era type="157">Kemmu</era>
						<era type="158">Engen</era>
						<era type="159">Kōkoku</era>
						<era type="160">Shōhei</era>
						<era type="161">Kentoku</era>
						<era type="162">Bunchũ</era>
						<era type="163">Tenju</era>
						<era type="164">Kōryaku</era>
						<era type="165">Kōwa</era>
						<era type="166">Genchũ</era>
						<era type="167">Meitoku</era>
						<era type="168">Kakei</era>
						<era type="169">Kōō</era>
						<era type="170">Meitoku</era>
						<era type="171">Ōei</era>
						<era type="172">Shōchō</era>
						<era type="173">Eikyō</era>
						<era type="174">Kakitsu</era>
						<era type="175">Bun-an</era>
						<era type="176">Hōtoku</era>
						<era type="177">Kyōtoku</era>
						<era type="178">Kōshō</era>
						<era type="179">Chōroku</era>
						<era type="180">Kanshō</era>
						<era type="181">Bunshō</era>
						<era type="182">Ōnin</era>
						<era type="183">Bunmei</era>
						<era type="184">Chōkyō</era>
						<era type="185">Entoku</era>
						<era type="186">Meiō</era>
						<era type="187">Bunki</era>
						<era type="188">Eishō</era>
						<era type="189">Taiei</era>
						<era type="190">Kyōroku</era>
						<era type="191">Tenmon</era>
						<era type="192">Kōji</era>
						<era type="193">Eiroku</era>
						<era type="194">Genki</era>
						<era type="195">Tenshō</era>
						<era type="196">Bunroku</era>
						<era type="197">Keichō</era>
						<era type="198">Genwa</era>
						<era type="199">Kan-ei</era>
						<era type="200">Shōho</era>
						<era type="201">Keian</era>
						<era type="202">Shōō</era>
						<era type="203">Meiryaku</era>
						<era type="204">Manji</era>
						<era type="205">Kanbun</era>
						<era type="206">Enpō</era>
						<era type="207">Tenwa</era>
						<era type="208">Jōkyō</era>
						<era type="209">Genroku</era>
						<era type="210">Hōei</era>
						<era type="211">Shōtoku</era>
						<era type="212">Kyōhō</era>
						<era type="213">Genbun</era>
						<era type="214">Kanpō</era>
						<era type="215">Enkyō</era>
						<era type="216">Kan-en</era>
						<era type="217">Hōryaku</era>
						<era type="218">Meiwa</era>
						<era type="219">An-ei</era>
						<era type="220">Tenmei</era>
						<era type="221">Kansei</era>
						<era type="222">Kyōwa</era>
						<era type="223">Bunka</era>
						<era type="224">Bunsei</era>
						<era type="225">Tenpō</era>
						<era type="226">Kōka</era>
						<era type="227">Kaei</era>
						<era type="228">Ansei</era>
						<era type="229">Man-en</era>
						<era type="230">Bunkyū</era>
						<era type="231">Genji</era>
						<era type="232">Keiō</era>
						<era type="233">Meiji</era>
						<era type="234">Taishō</era>
						<era type="235">Shōwa</era>
						<era type="236">Heisei</era>
					</eraAbbr>
				</eras>
				<dateFormats>
					<default type="medium"/>
					<dateFormatLength type="full">
						<dateFormat >
							<pattern>EEEE, MMMM d, y G</pattern>
						</dateFormat>
					</dateFormatLength >
					<dateFormatLength type="long">
						<dateFormat >
							<pattern>MMMM d, y G</pattern>
						</dateFormat>
					</dateFormatLength >
					<dateFormatLength type="medium">
						<dateFormat >
							<pattern>MMM d, y G</pattern>
						</dateFormat>
					</dateFormatLength >
					<dateFormatLength type="short">
						<dateFormat >
							<pattern>M/d/yy</pattern>
						</dateFormat>
					</dateFormatLength >
				</dateFormats>
				<timeFormats>
					<default type="medium"/>
					<timeFormatLength type="full">
						<timeFormat >
							<pattern>h:mm:ss a z</pattern>
						</timeFormat>
					</timeFormatLength >
					<timeFormatLength type="long">
						<timeFormat >
							<pattern>h:mm:ss a z</pattern>
						</timeFormat>
					</timeFormatLength >
					<timeFormatLength type="medium">
						<timeFormat >
							<pattern>h:mm:ss a</pattern>
						</timeFormat>
					</timeFormatLength >
					<timeFormatLength type="short">
						<timeFormat >
							<pattern>h:mm a</pattern>
						</timeFormat>
					</timeFormatLength >
				</timeFormats>
				<dateTimeFormats>
					<dateTimeFormatLength >
						<dateTimeFormat>
							<pattern>{1} {0}</pattern>
						</dateTimeFormat>
					</dateTimeFormatLength >
				</dateTimeFormats>
			</calendar>
		</calendars>
		<timeZoneNames>
			<zone type="">
				<long>
				<standard></standard>
				<daylight></daylight>
				</long>
				<short>
					<standard></standard>
					<daylight></daylight>
				</short>
				<exemplarCity></exemplarCity>
			</zone>
		</timeZoneNames>
	</dates>
	<numbers>
		<symbols>
			<decimal>.</decimal>
			<group>,</group>
			<list>;</list>
			<percentSign>%</percentSign>
			<nativeZeroDigit>0</nativeZeroDigit>
			<patternDigit>#</patternDigit>
			<plusSign>+</plusSign>
			<minusSign>-</minusSign>
			<exponential>E</exponential>
			<perMille>‰</perMille>
			<infinity>∞</infinity>
			<nan>�</nan>
		</symbols>
		<decimalFormats>
			<decimalFormatLength >
				<decimalFormat >
					<pattern>#,##0.###;-#,##0.###</pattern>
				</decimalFormat>
			</decimalFormatLength >
		</decimalFormats>
		<scientificFormats>
			<scientificFormatLength >
				<scientificFormat >
					<pattern>#E0</pattern>
				</scientificFormat>
			</scientificFormatLength >
		</scientificFormats>
		<percentFormats>
			<percentFormatLength >
				<percentFormat >
					<pattern>#,##0%</pattern>
				</percentFormat>
			</percentFormatLength >
		</percentFormats>
		<currencyFormats>
			<currencyFormatLength >
				<currencyFormat >
					<pattern>¤ #,##0.00;-¤ #,##0.00</pattern>
				</currencyFormat>
			</currencyFormatLength >
		</currencyFormats>
		<currencies>
			<currency type="EUR">
				<displayName>EUR</displayName>
				<symbol>€</symbol>
			</currency>
			<currency type="GBP">
				<displayName>GBP</displayName>
				<symbol>£</symbol>
			</currency>
			<currency type="INR">
				<displayName>INR</displayName>
				<symbol>=0#Rs.|1#Re.|1&lt;Rs.</symbol>
			</currency>
			<currency type="ITL">
				<displayName>ITL</displayName>
				<symbol>₤</symbol>
			</currency>
			<currency type="JPY">
				<displayName>JPY</displayName>
				<symbol>¥</symbol>
			</currency>
			<currency type="USD">
				<displayName>USD</displayName>
				<symbol>$</symbol>
			</currency>
		</currencies>
	</numbers>
</ldml>
