<?xml version="1.0" encoding="UTF-8" ?>
<!DOCTYPE ldml SYSTEM "http://www.unicode.org/cldr/dtd/1.1/ldml.dtd">
<ldml>
	<identity>
		<version number="1.1"/>
		<generation date="2004-06-04" />
		<language type="sh" /> 
	</identity>
	<localeDisplayNames>
		<languages>
			<language type="af">Afrikanerski</language>
			<language type="ar">Arapski</language>
			<language type="be">Beloruski</language>
			<language type="bg">Bugarski</language>
			<language type="br">Bretonski</language>
			<language type="ca">Katalonski</language>
			<language type="co">Korzikanski</language>
			<language type="cs">Češki</language>
			<language type="da">Danski</language>
			<language type="de">Nemački</language>
			<language type="el">Grčki</language>
			<language type="en">Engleski</language>
			<language type="es">Španski</language>
			<language type="et">Estonski</language>
			<language type="eu">Baskijski</language>
			<language type="fa">Persijski</language>
			<language type="fi">Finski</language>
			<language type="fr">Francuski</language>
			<language type="ga">Irski</language>
			<language type="he">Hebrejski</language>
			<language type="hr">Hrvatski</language>
			<language type="hu">Mađarski</language>
			<language type="hy">Armenski</language>
			<language type="id">Indonezijski</language>
			<language type="is">Islandski</language>
			<language type="it">Italijanski</language>
			<language type="ja">Japanski</language>
			<language type="ka">Gruzijski</language>
			<language type="km">Kambodžanski</language>
			<language type="ko">Korejski</language>
			<language type="ku">Kurdski</language>
			<language type="ky">Kirgiski</language>
			<language type="la">Latinski</language>
			<language type="lt">Litvanski</language>
			<language type="lv">Letonski</language>
			<language type="mk">Makedonski</language>
			<language type="mn">Mongolski</language>
			<language type="mo">Moldavski</language>
			<language type="my">Burmanski</language>
			<language type="nl">Holandski</language>
			<language type="no">Norveški</language>
			<language type="pl">Poljski</language>
			<language type="pt">Portugalski</language>
			<language type="rm">Reto-Romanski</language>
			<language type="ro">Rumunski</language>
			<language type="ru">Ruski</language>
			<language type="sh">Srpsko-Hrvatski</language>
			<language type="sk">Slovački</language>
			<language type="sl">Slovenački</language>
			<language type="sq">Albanski</language>
			<language type="sr">Srpski</language>
			<language type="sv">Švedski</language>
			<language type="sw">Svahili</language>
			<language type="tr">Turski</language>
			<language type="uk">Ukrajnski</language>
			<language type="vi">Vijetnamski</language>
			<language type="yi">Jidiš</language>
			<language type="zh">Kineski</language>
		</languages>
		<territories>
			<territory type="AD">Andora</territory>
			<territory type="AE">Ujedinjeni Arapski Emirati</territory>
			<territory type="AF">Avganistan</territory>
			<territory type="AG">Antigua and Barbuda</territory>
			<territory type="AI">Anguilla</territory>
			<territory type="AL">Albanija</territory>
			<territory type="AM">Armenija</territory>
			<territory type="AN">Holandski Antili</territory>
			<territory type="AO">Angola</territory>
			<territory type="AQ">Antarctica</territory>
			<territory type="AR">Argentina</territory>
			<territory type="AS">American Samoa</territory>
			<territory type="AT">Austrija</territory>
			<territory type="AU">Australija</territory>
			<territory type="AW">Aruba</territory>
			<territory type="AZ">Azerbejdžan</territory>
			<territory type="BA">Bosna i Hercegovina</territory>
			<territory type="BB">Barbados</territory>
			<territory type="BD">Bangladeš</territory>
			<territory type="BE">Belgija</territory>
			<territory type="BF">Burkina Faso</territory>
			<territory type="BG">Bugarska</territory>
			<territory type="BH">Bahrein</territory>
			<territory type="BI">Burundi</territory>
			<territory type="BJ">Benin</territory>
			<territory type="BM">Bermuda</territory>
			<territory type="BN">Brunej</territory>
			<territory type="BO">Bolivija</territory>
			<territory type="BR">Brazil</territory>
			<territory type="BS">Bahami</territory>
			<territory type="BT">Butan</territory>
			<territory type="BV">Bouvet Island</territory>
			<territory type="BW">Bocvana</territory>
			<territory type="BY">Belorusija</territory>
			<territory type="BZ">Belise</territory>
			<territory type="CA">Kanada</territory>
			<territory type="CC">Cocos (Keeling) Islands</territory>
			<territory type="CD">Democratic Republic of the Congo</territory>
			<territory type="CF">Centralno Afrička Republika</territory>
			<territory type="CG">Kongo</territory>
			<territory type="CH">Švajcarska</territory>
			<territory type="CI">Obala Slonovače</territory>
			<territory type="CK">Cook Islands</territory>
			<territory type="CL">Čile</territory>
			<territory type="CM">Kamerun</territory>
			<territory type="CN">Kina</territory>
			<territory type="CO">Kolumbija</territory>
			<territory type="CR">Kostarika</territory>
			<territory type="CU">Kuba</territory>
			<territory type="CV">Cape Verde</territory>
			<territory type="CX">Christmas Island</territory>
			<territory type="CY">Kipar</territory>
			<territory type="CZ">Češka</territory>
			<territory type="DE">Nemačka</territory>
			<territory type="DJ">Džibuti</territory>
			<territory type="DK">Danska</territory>
			<territory type="DM">Dominika</territory>
			<territory type="DO">Dominikanska Republika</territory>
			<territory type="DZ">Alžir</territory>
			<territory type="EC">Ekvador</territory>
			<territory type="EE">Estonija</territory>
			<territory type="EG">Egipat</territory>
			<territory type="EH">Zapadna Sahara</territory>
			<territory type="ER">Eritreja</territory>
			<territory type="ES">Španija</territory>
			<territory type="ET">Etiopija</territory>
			<territory type="FI">Finska</territory>
			<territory type="FJ">Fidži</territory>
			<territory type="FK">Falkland Islands</territory>
			<territory type="FM">Mikronezija</territory>
			<territory type="FO">Faroe Islands</territory>
			<territory type="FR">Francuska</territory>
			<territory type="Fallback">en</territory>
			<territory type="GA">Gabon</territory>
			<territory type="GB">Velika Britanija</territory>
			<territory type="GD">Grenada</territory>
			<territory type="GE">Gruzija</territory>
			<territory type="GF">Francuska Gvajana</territory>
			<territory type="GH">Gana</territory>
			<territory type="GI">Gibraltar</territory>
			<territory type="GL">Greenland</territory>
			<territory type="GM">Gambija</territory>
			<territory type="GN">Gvineja</territory>
			<territory type="GP">Gvadelupe</territory>
			<territory type="GQ">Ekvatorijalna Gvineja</territory>
			<territory type="GR">Grčka</territory>
			<territory type="GS">South Georgia and the South Sandwich Islands</territory>
			<territory type="GT">Gvatemala</territory>
			<territory type="GU">Guam</territory>
			<territory type="GW">Gvineja-Bisao</territory>
			<territory type="GY">Gvajana</territory>
			<territory type="HK">Hong Kong S.A.R., China</territory>
			<territory type="HM">Heard Island and McDonald Islands</territory>
			<territory type="HN">Honduras</territory>
			<territory type="HR">Hrvatska</territory>
			<territory type="HT">Haiti</territory>
			<territory type="HU">Mađarska</territory>
			<territory type="ID">Indonezija</territory>
			<territory type="IE">Irska</territory>
			<territory type="IL">Izrael</territory>
			<territory type="IN">Indija</territory>
			<territory type="IO">British Indian Ocean Territory</territory>
			<territory type="IQ">Irak</territory>
			<territory type="IR">Iran</territory>
			<territory type="IS">Island</territory>
			<territory type="IT">Italija</territory>
			<territory type="JM">Jamajka</territory>
			<territory type="JO">Jordan</territory>
			<territory type="JP">Japan</territory>
			<territory type="KE">Kenija</territory>
			<territory type="KG">Kirgistan</territory>
			<territory type="KH">Kambodža</territory>
			<territory type="KI">Kiribati</territory>
			<territory type="KM">Comoros</territory>
			<territory type="KN">Saint Kitts and Nevis</territory>
			<territory type="KP">Severna Koreja</territory>
			<territory type="KR">Južna Koreja</territory>
			<territory type="KW">Kuvajt</territory>
			<territory type="KY">Cayman Islands</territory>
			<territory type="KZ">Kazahstan</territory>
			<territory type="LA">Laos</territory>
			<territory type="LB">Liban</territory>
			<territory type="LC">Saint Lucia</territory>
			<territory type="LI">Lihenštajn</territory>
			<territory type="LK">Šrilanka</territory>
			<territory type="LR">Liberija</territory>
			<territory type="LS">Lesoto</territory>
			<territory type="LT">Litvanija</territory>
			<territory type="LU">Luksemburg</territory>
			<territory type="LV">Letonija</territory>
			<territory type="LY">Libija</territory>
			<territory type="MA">Maroko</territory>
			<territory type="MC">Monako</territory>
			<territory type="MD">Moldavija</territory>
			<territory type="MG">Madagaskar</territory>
			<territory type="MH">Marshall Islands</territory>
			<territory type="MK">Makedonija</territory>
			<territory type="ML">Mali</territory>
			<territory type="MM">Mijnamar</territory>
			<territory type="MN">Mongolija</territory>
			<territory type="MO">Macao S.A.R., China</territory>
			<territory type="MP">Northern Mariana Islands</territory>
			<territory type="MQ">Martinik</territory>
			<territory type="MR">Mauritanija</territory>
			<territory type="MS">Montserrat</territory>
			<territory type="MT">Malta</territory>
			<territory type="MU">Mauricius</territory>
			<territory type="MV">Maldives</territory>
			<territory type="MW">Malawi</territory>
			<territory type="MX">Meksiko</territory>
			<territory type="MY">Malezija</territory>
			<territory type="MZ">Mozambik</territory>
			<territory type="NA">Namibija</territory>
			<territory type="NC">Nova Kaledonija</territory>
			<territory type="NE">Niger</territory>
			<territory type="NF">Norfolk Island</territory>
			<territory type="NG">Nigerija</territory>
			<territory type="NI">Nikaragva</territory>
			<territory type="NL">Holandija</territory>
			<territory type="NO">Norveška</territory>
			<territory type="NP">Nepal</territory>
			<territory type="NR">Nauru</territory>
			<territory type="NU">Niue</territory>
			<territory type="NZ">Novi Zeland</territory>
			<territory type="OM">Oman</territory>
			<territory type="PA">Panama</territory>
			<territory type="PE">Peru</territory>
			<territory type="PF">Francuska Polinezija</territory>
			<territory type="PG">Papua Nova Gvineja</territory>
			<territory type="PH">Filipini</territory>
			<territory type="PK">Pakistan</territory>
			<territory type="PL">Poljska</territory>
			<territory type="PM">Saint Pierre and Miquelon</territory>
			<territory type="PN">Pitcairn</territory>
			<territory type="PR">Porto Riko</territory>
			<territory type="PS">Palestinian Territory</territory>
			<territory type="PT">Portugal</territory>
			<territory type="PW">Palau</territory>
			<territory type="PY">Paragvaj</territory>
			<territory type="QA">Katar</territory>
			<territory type="RE">Réunion</territory>
			<territory type="RO">Rumunija</territory>
			<territory type="RU">Rusija</territory>
			<territory type="RW">Ruanda</territory>
			<territory type="SA">Saudijska Arabija</territory>
			<territory type="SB">Solomon Islands</territory>
			<territory type="SC">Sejšeli</territory>
			<territory type="SD">Sudan</territory>
			<territory type="SE">Švedska</territory>
			<territory type="SG">Singapur</territory>
			<territory type="SH">Saint Helena</territory>
			<territory type="SI">Slovenija</territory>
			<territory type="SJ">Svalbard and Jan Mayen</territory>
			<territory type="SK">Slovačka</territory>
			<territory type="SL">Sijera Leone</territory>
			<territory type="SM">San Marino</territory>
			<territory type="SN">Senegal</territory>
			<territory type="SO">Somalija</territory>
			<territory type="SP">Srbija</territory>
			<territory type="SR">Surinam</territory>
			<territory type="ST">Sao Tome and Principe</territory>
			<territory type="SV">Salvador</territory>
			<territory type="SY">Sirija</territory>
			<territory type="SZ">Svazilend</territory>
			<territory type="TC">Turks and Caicos Islands</territory>
			<territory type="TD">Čad</territory>
			<territory type="TF">Francuske Južne Teritorije</territory>
			<territory type="TG">Togo</territory>
			<territory type="TH">Tajland</territory>
			<territory type="TJ">Tadžikistan</territory>
			<territory type="TK">Tokelau</territory>
			<territory type="TL">Timor-Leste</territory>
			<territory type="TM">Turkmenistan</territory>
			<territory type="TN">Tunis</territory>
			<territory type="TO">Tonga</territory>
			<territory type="TR">Turska</territory>
			<territory type="TT">Trinidad i Tobago</territory>
			<territory type="TV">Tuvalu</territory>
			<territory type="TW">Tajvan</territory>
			<territory type="TZ">Tanzanija</territory>
			<territory type="UA">Ukrajina</territory>
			<territory type="UG">Uganda</territory>
			<territory type="UM">United States Minor Outlying Islands</territory>
			<territory type="US">Sjedinjene Američke Države</territory>
			<territory type="UY">Urugvaj</territory>
			<territory type="UZ">Uzbekistan</territory>
			<territory type="VA">Vatikan</territory>
			<territory type="VC">Saint Vincent and the Grenadines</territory>
			<territory type="VE">Venecuela</territory>
			<territory type="VG">Britanska Devičanska Ostrva</territory>
			<territory type="VI">S.A.D. Devičanska Ostrva</territory>
			<territory type="VN">Vijetnam</territory>
			<territory type="VU">Vanuatu</territory>
			<territory type="WF">Wallis and Futuna</territory>
			<territory type="WS">Samoa</territory>
			<territory type="YE">Jemen</territory>
			<territory type="YT">Mayotte</territory>
			<territory type="YU">Jugoslavija</territory>
			<territory type="ZA">Južna Afrika</territory>
			<territory type="ZM">Zambija</territory>
			<territory type="ZW">Zimbabve</territory>
		</territories>
	</localeDisplayNames>
	<characters>
		<exemplarCharacters>[a-p r-v z đ ć č ž š {lj} {nj} {dž}]</exemplarCharacters>
	</characters>
	<dates>
		<localizedPatternChars>GanjkHmsSEDFwWxhKzAeugXZ</localizedPatternChars>
		<calendars>
			<calendar type="gregorian">
				<months>
					<monthContext type="format">
						<monthWidth type="abbreviated">
							<month type="1">jan</month>
							<month type="2">feb</month>
							<month type="3">mar</month>
							<month type="4">apr</month>
							<month type="5">maj</month>
							<month type="6">jun</month>
							<month type="7">jul</month>
							<month type="8">avg</month>
							<month type="9">sep</month>
							<month type="10">okt</month>
							<month type="11">nov</month>
							<month type="12">dec</month>
						</monthWidth>
						<monthWidth type="wide">
							<month type="1">januar</month>
							<month type="2">februar</month>
							<month type="3">mart</month>
							<month type="4">april</month>
							<month type="5">maj</month>
							<month type="6">juni</month>
							<month type="7">juli</month>
							<month type="8">avgust</month>
							<month type="9">septembar</month>
							<month type="10">oktobar</month>
							<month type="11">novembar</month>
							<month type="12">decembar</month>
						</monthWidth>
					</monthContext>
				</months>
				<days>
					<dayContext type="format">
						<dayWidth type="abbreviated">
							<day type="sun">ned</day>
							<day type="mon">pon</day>
							<day type="tue">uto</day>
							<day type="wed">sre</day>
							<day type="thu">čet</day>
							<day type="fri">pet</day>
							<day type="sat">sub</day>
						</dayWidth>
						<dayWidth type="wide">
							<day type="sun">nedelja</day>
							<day type="mon">ponedeljak</day>
							<day type="tue">utorak</day>
							<day type="wed">sreda</day>
							<day type="thu">četvrtak</day>
							<day type="fri">petak</day>
							<day type="sat">subota</day>
						</dayWidth>
					</dayContext>
				</days>
				<week>
					<minDays count="1"/>
					<firstDay day="mon"/>
				</week>
				<eras>
					<eraAbbr>
						<era type="1">p. n. e.</era>
						<era type="2">n. e.</era>
					</eraAbbr>
				</eras>
				<dateFormats>
					<default type="medium"/>
					<dateFormatLength type="full">
						<dateFormat >
							<pattern>EEEE, dd. MMMM yyyy.</pattern>
						</dateFormat>
					</dateFormatLength >
					<dateFormatLength type="long">
						<dateFormat >
							<pattern>EEEE, d.MM.yyyy.</pattern>
						</dateFormat>
					</dateFormatLength >
					<dateFormatLength type="medium">
						<dateFormat >
							<pattern>dd.MM.yyyy.</pattern>
						</dateFormat>
					</dateFormatLength >
					<dateFormatLength type="short">
						<dateFormat >
							<pattern>d.M.yy.</pattern>
						</dateFormat>
					</dateFormatLength >
				</dateFormats>
				<timeFormats>
					<default type="medium"/>
					<timeFormatLength type="full">
						<timeFormat >
							<pattern>HH.mm.ss z</pattern>
						</timeFormat>
					</timeFormatLength >
					<timeFormatLength type="long">
						<timeFormat >
							<pattern>HH.mm.ss z</pattern>
						</timeFormat>
					</timeFormatLength >
					<timeFormatLength type="medium">
						<timeFormat >
							<pattern>HH.mm.ss</pattern>
						</timeFormat>
					</timeFormatLength >
					<timeFormatLength type="short">
						<timeFormat >
							<pattern>HH.mm</pattern>
						</timeFormat>
					</timeFormatLength >
				</timeFormats>
				<dateTimeFormats>
					<dateTimeFormatLength >
						<dateTimeFormat>
							<pattern>{1} {0}</pattern>
						</dateTimeFormat>
					</dateTimeFormatLength >
				</dateTimeFormats>
			</calendar>
		</calendars>
		<timeZoneNames>
			<zone type="Europe/Belgrade">
				<long>
				<standard>Centralno Evropsko Vreme</standard>
				<daylight>Centralno Evropsko Letnje Vreme</daylight>
				</long>
				<short>
					<standard>CET</standard>
					<daylight>CET</daylight>
				</short>
			</zone>
		</timeZoneNames>
	</dates>
	<numbers>
		<symbols>
			<decimal>,</decimal>
			<group>.</group>
			<list>;</list>
			<percentSign>%</percentSign>
			<nativeZeroDigit>0</nativeZeroDigit>
			<patternDigit>#</patternDigit>
			<plusSign>+</plusSign>
			<minusSign>-</minusSign>
			<exponential>E</exponential>
			<perMille>‰</perMille>
			<infinity>∞</infinity>
			<nan>�</nan>
		</symbols>
		<currencies>
			<currency type="YUN">
				<displayName>YUN</displayName>
				<symbol>Din</symbol>
			</currency>
		</currencies>
	</numbers>
</ldml>
