<?xml version="1.0" encoding="UTF-8" ?>
<!DOCTYPE ldml SYSTEM "http://www.unicode.org/cldr/dtd/1.1/ldml.dtd">
<ldml draft="true">
	<identity>
		<version number="1.1"/>
		<generation date="2004-06-04" />
		<language type="sid" /> 
	</identity>
	<localeDisplayNames>
		<languages>
			<language type="sid">Sidaamu Afo</language>
		</languages>
		<territories>
			<territory type="ET">Itiyoophiya</territory>
		</territories>
	</localeDisplayNames>
	<characters>
		<exemplarCharacters>[a-z]</exemplarCharacters>
	</characters>
	<dates>
		<calendars>
			<calendar type="gregorian">
				<months>
					<monthContext type="format">
						<monthWidth type="abbreviated">
							<month type="1">Jan</month>
							<month type="2">Feb</month>
							<month type="3">Mar</month>
							<month type="4">Apr</month>
							<month type="5">May</month>
							<month type="6">Jun</month>
							<month type="7">Jul</month>
							<month type="8">Aug</month>
							<month type="9">Sep</month>
							<month type="10">Oct</month>
							<month type="11">Nov</month>
							<month type="12">Dec</month>
						</monthWidth>
						<monthWidth type="wide">
							<month type="1">January</month>
							<month type="2">February</month>
							<month type="3">March</month>
							<month type="4">April</month>
							<month type="5">May</month>
							<month type="6">June</month>
							<month type="7">July</month>
							<month type="8">August</month>
							<month type="9">September</month>
							<month type="10">October</month>
							<month type="11">November</month>
							<month type="12">December</month>
						</monthWidth>
					</monthContext>
				</months>
				<days>
					<dayContext type="format">
						<dayWidth type="abbreviated">
							<day type="sun">Sam</day>
							<day type="mon">San</day>
							<day type="tue">Mak</day>
							<day type="wed">Row</day>
							<day type="thu">Ham</day>
							<day type="fri">Arb</day>
							<day type="sat">Qid</day>
						</dayWidth>
						<dayWidth type="wide">
							<day type="sun">Sambata</day>
							<day type="mon">Sanyo</day>
							<day type="tue">Maakisanyo</day>
							<day type="wed">Roowe</day>
							<day type="thu">Hamuse</day>
							<day type="fri">Arbe</day>
							<day type="sat">Qidaame</day>
						</dayWidth>
					</dayContext>
				</days>
				<week>
					<minDays count="1"/>
					<firstDay day="sat"/>
				</week>
				<am>soodo</am>
				<pm>hawwaro</pm>
				<eras>
					<eraAbbr>
						<era type="1">YIA</era>
						<era type="2">YIG</era>
					</eraAbbr>
				</eras>
				<dateFormats>
					<default type="medium"/>
					<dateFormatLength type="full">
						<dateFormat >
							<pattern>EEEE, MMMM dd, yyyy</pattern>
						</dateFormat>
					</dateFormatLength >
					<dateFormatLength type="long">
						<dateFormat >
							<pattern>dd MMMM yyyy</pattern>
						</dateFormat>
					</dateFormatLength >
					<dateFormatLength type="medium">
						<dateFormat >
							<pattern>dd-MMM-yyyy</pattern>
						</dateFormat>
					</dateFormatLength >
					<dateFormatLength type="short">
						<dateFormat >
							<pattern>dd/MM/yy</pattern>
						</dateFormat>
					</dateFormatLength >
				</dateFormats>
				<timeFormats>
					<default type="medium"/>
					<timeFormatLength type="full">
						<timeFormat >
							<pattern>h:mm:ss a</pattern>
						</timeFormat>
					</timeFormatLength >
					<timeFormatLength type="long">
						<timeFormat >
							<pattern>h:mm:ss a</pattern>
						</timeFormat>
					</timeFormatLength >
					<timeFormatLength type="medium">
						<timeFormat >
							<pattern>h:mm:ss a</pattern>
						</timeFormat>
					</timeFormatLength >
					<timeFormatLength type="short">
						<timeFormat >
							<pattern>h:mm a</pattern>
						</timeFormat>
					</timeFormatLength >
				</timeFormats>
				<dateTimeFormats>
					<dateTimeFormatLength >
						<dateTimeFormat>
							<pattern>{1} {0}</pattern>
						</dateTimeFormat>
					</dateTimeFormatLength >
				</dateTimeFormats>
			</calendar>
		</calendars>
	</dates>
	<numbers>
		<currencies>
			<currency type="ETB">
				<displayName>ETB</displayName>
				<symbol>$</symbol>
			</currency>
		</currencies>
	</numbers>
</ldml>
