<?xml version="1.0" encoding="UTF-8" ?>
<!DOCTYPE ldml SYSTEM "http://www.unicode.org/cldr/dtd/1.1/ldml.dtd">
<ldml>
	<identity>
		<version number="1.1"/>
		<generation date="2004-06-04" />
		<language type="sr" /> 
	</identity>
	<localeDisplayNames>
		<languages>
			<language type="af">Африканерски</language>
			<language type="ar">Арапски</language>
			<language type="be">Белоруски</language>
			<language type="bg">Бугарски</language>
			<language type="br">Бретонски</language>
			<language type="ca">Каталонски</language>
			<language type="co">Корзикански</language>
			<language type="cs">Чешки</language>
			<language type="da">Дански</language>
			<language type="de">Немачки</language>
			<language type="el">Грчки</language>
			<language type="en">Енглески</language>
			<language type="eo">Есперанто</language>
			<language type="es">Шпански</language>
			<language type="et">Естонски</language>
			<language type="eu">Баскијски</language>
			<language type="fa">Персијски</language>
			<language type="fi">Фински</language>
			<language type="fr">Француски</language>
			<language type="ga">Ирски</language>
			<language type="he">Хебрејски</language>
			<language type="hr">Хрватски</language>
			<language type="hu">Мађарски</language>
			<language type="hy">Арменски</language>
			<language type="id">Индонезијски</language>
			<language type="is">Исландски</language>
			<language type="it">Италијански</language>
			<language type="ja">Јапански</language>
			<language type="ka">Грузијски</language>
			<language type="km">Камбоџански</language>
			<language type="ko">Корејски</language>
			<language type="ku">Курдски</language>
			<language type="ky">Киргиски</language>
			<language type="la">Латински</language>
			<language type="lt">Литвански</language>
			<language type="lv">Летонски</language>
			<language type="mk">Македонски</language>
			<language type="mn">Монголски</language>
			<language type="mo">Молдавски</language>
			<language type="my">Бурмански</language>
			<language type="nl">Холандски</language>
			<language type="no">Норвешки</language>
			<language type="pl">Пољски</language>
			<language type="pt">Португалски</language>
			<language type="rm">Рето-Романски</language>
			<language type="ro">Румунски</language>
			<language type="ru">Руски</language>
			<language type="sa">Санскрит</language>
			<language type="sh">Српско-Хрватски</language>
			<language type="sk">Словачки</language>
			<language type="sl">Словеначки</language>
			<language type="sq">Албански</language>
			<language type="sr">Српски</language>
			<language type="sv">Шведски</language>
			<language type="sw">Свахили</language>
			<language type="tr">Турски</language>
			<language type="uk">Украјински</language>
			<language type="vi">Вијетнамски</language>
			<language type="yi">Јидиш</language>
			<language type="zh">Кинески</language>
		</languages>
		<territories>
			<territory type="AD">Андора</territory>
			<territory type="AE">Уједињени Арапски Емирати</territory>
			<territory type="AF">Авганистан</territory>
			<territory type="AL">Албанија</territory>
			<territory type="AM">Арменија</territory>
			<territory type="AN">Холандски Антили</territory>
			<territory type="AO">Ангола</territory>
			<territory type="AR">Аргентина</territory>
			<territory type="AT">Аустрија</territory>
			<territory type="AU">Аустралија</territory>
			<territory type="AW">Аруба</territory>
			<territory type="AZ">Азербејџан</territory>
			<territory type="BA">Босна и Херцеговина</territory>
			<territory type="BB">Барбадос</territory>
			<territory type="BD">Бангладеш</territory>
			<territory type="BE">Белгија</territory>
			<territory type="BF">Буркина Фасо</territory>
			<territory type="BG">Бугарска</territory>
			<territory type="BH">Бахреин</territory>
			<territory type="BI">Бурунди</territory>
			<territory type="BJ">Бенин</territory>
			<territory type="BM">Бермуда</territory>
			<territory type="BN">Брунеј</territory>
			<territory type="BO">Боливија</territory>
			<territory type="BR">Браѕил</territory>
			<territory type="BS">Бахами</territory>
			<territory type="BT">Бутан</territory>
			<territory type="BW">Боцвана</territory>
			<territory type="BY">Белорусија</territory>
			<territory type="BZ">Белисе</territory>
			<territory type="CA">Канада</territory>
			<territory type="CF">Централно Афричка Република</territory>
			<territory type="CG">Конго</territory>
			<territory type="CH">Швајцарска</territory>
			<territory type="CI">Обала Слоноваче</territory>
			<territory type="CL">Чиле</territory>
			<territory type="CM">Камерун</territory>
			<territory type="CN">Кина</territory>
			<territory type="CO">Колумбија</territory>
			<territory type="CR">Костарика</territory>
			<territory type="CU">Куба</territory>
			<territory type="CY">Кипар</territory>
			<territory type="CZ">Чешка</territory>
			<territory type="DE">Немачка</territory>
			<territory type="DJ">Џибути</territory>
			<territory type="DK">Данска</territory>
			<territory type="DM">Доминика</territory>
			<territory type="DO">Доминиканска Република</territory>
			<territory type="DZ">Алжир</territory>
			<territory type="EC">Еквадор</territory>
			<territory type="EE">Естонија</territory>
			<territory type="EG">Египат</territory>
			<territory type="EH">Западна Сахара</territory>
			<territory type="ER">Еритреја</territory>
			<territory type="ES">Шпанија</territory>
			<territory type="ET">Етиопија</territory>
			<territory type="FI">Финска</territory>
			<territory type="FJ">Фиџи</territory>
			<territory type="FM">Микронезија</territory>
			<territory type="FR">Француска</territory>
			<territory type="GA">Габон</territory>
			<territory type="GB">Велика Британија</territory>
			<territory type="GE">Грузија</territory>
			<territory type="GF">Француска Гвајана</territory>
			<territory type="GH">Гана</territory>
			<territory type="GM">Гамбија</territory>
			<territory type="GN">Гвинеја</territory>
			<territory type="GP">Гваделупе</territory>
			<territory type="GQ">Екваторијална Гвинеја</territory>
			<territory type="GR">Грчка</territory>
			<territory type="GT">Гватемала</territory>
			<territory type="GW">Гвинеја-Бисао</territory>
			<territory type="GY">Гвајана</territory>
			<territory type="HN">Хондурас</territory>
			<territory type="HR">Хрватска</territory>
			<territory type="HT">Хаити</territory>
			<territory type="HU">Мађарска</territory>
			<territory type="ID">Индонезија</territory>
			<territory type="IE">Ирска</territory>
			<territory type="IL">Израел</territory>
			<territory type="IN">Индија</territory>
			<territory type="IQ">Ирак</territory>
			<territory type="IR">Иран</territory>
			<territory type="IS">Исланд</territory>
			<territory type="IT">Италија</territory>
			<territory type="JM">Јамајка</territory>
			<territory type="JO">Јордан</territory>
			<territory type="JP">Јапан</territory>
			<territory type="KE">Кенија</territory>
			<territory type="KG">Киргизстан</territory>
			<territory type="KH">Камбоџа</territory>
			<territory type="KP">Северна Кореја</territory>
			<territory type="KR">Јужна Кореја</territory>
			<territory type="KW">Кувајт</territory>
			<territory type="KZ">Казахстан</territory>
			<territory type="LA">Лаос</territory>
			<territory type="LB">Либан</territory>
			<territory type="LI">Лихенштајн</territory>
			<territory type="LK">Шри Ланка</territory>
			<territory type="LR">Либерија</territory>
			<territory type="LS">Лесото</territory>
			<territory type="LT">Литванија</territory>
			<territory type="LU">Луксембург</territory>
			<territory type="LV">Летонија</territory>
			<territory type="LY">Либија</territory>
			<territory type="MA">Мароко</territory>
			<territory type="MC">Монако</territory>
			<territory type="MD">Молдавија</territory>
			<territory type="MG">Мадагаскар</territory>
			<territory type="MK">Македонија</territory>
			<territory type="ML">Мали</territory>
			<territory type="MM">Мијнамар</territory>
			<territory type="MN">Монголија</territory>
			<territory type="MQ">Мартиник</territory>
			<territory type="MR">Мауританија</territory>
			<territory type="MT">Малта</territory>
			<territory type="MU">Маурицијус</territory>
			<territory type="MX">Мексико</territory>
			<territory type="MY">Малезија</territory>
			<territory type="MZ">Мозамбик</territory>
			<territory type="NA">Намибија</territory>
			<territory type="NC">Нова Каледонија</territory>
			<territory type="NE">Нигер</territory>
			<territory type="NG">Нигерија</territory>
			<territory type="NI">Никарагва</territory>
			<territory type="NL">Холандија</territory>
			<territory type="NO">Норвешка</territory>
			<territory type="NP">Непал</territory>
			<territory type="NZ">Нови Зеланд</territory>
			<territory type="OM">Оман</territory>
			<territory type="PA">Панама</territory>
			<territory type="PE">Перу</territory>
			<territory type="PF">Француска Полинезија</territory>
			<territory type="PG">Папуа Нова Гвинеја</territory>
			<territory type="PH">Филипини</territory>
			<territory type="PK">Пакистан</territory>
			<territory type="PL">Пољска</territory>
			<territory type="PR">Порто Рико</territory>
			<territory type="PT">Португал</territory>
			<territory type="PY">Парагвај</territory>
			<territory type="QA">Катар</territory>
			<territory type="RO">Румунија</territory>
			<territory type="RU">Русија</territory>
			<territory type="RW">Руанда</territory>
			<territory type="SA">Саудијска Арабија</territory>
			<territory type="SC">Сејшели</territory>
			<territory type="SD">Судан</territory>
			<territory type="SE">Шведска</territory>
			<territory type="SG">Сингапур</territory>
			<territory type="SI">Словенија</territory>
			<territory type="SK">Словачка</territory>
			<territory type="SL">Сијера Леоне</territory>
			<territory type="SN">Сенегал</territory>
			<territory type="SO">Сомалија</territory>
			<territory type="SP">Србија</territory>
			<territory type="SR">Суринам</territory>
			<territory type="SV">Салвадор</territory>
			<territory type="SY">Сирија</territory>
			<territory type="SZ">Свазиленд</territory>
			<territory type="TD">Чад</territory>
			<territory type="TF">Француске Јужне Територије</territory>
			<territory type="TG">Того</territory>
			<territory type="TH">Тајланд</territory>
			<territory type="TJ">Таџикистан</territory>
			<territory type="TM">Туркменистан</territory>
			<territory type="TN">Тунис</territory>
			<territory type="TR">Турска</territory>
			<territory type="TT">Тринидад и Тобаго</territory>
			<territory type="TW">Тајван</territory>
			<territory type="TZ">Танзанија</territory>
			<territory type="UA">Украјина</territory>
			<territory type="UG">Уганда</territory>
			<territory type="US">Сједињене Америчке Државе</territory>
			<territory type="UY">Уругвај</territory>
			<territory type="UZ">Узбекистан</territory>
			<territory type="VA">Ватикан</territory>
			<territory type="VE">Венецуела</territory>
			<territory type="VG">Британска Девичанска Острва</territory>
			<territory type="VI">С.А.Д. Девичанска Острва</territory>
			<territory type="VN">Вијетнам</territory>
			<territory type="YE">Јемен</territory>
			<territory type="YU">Југославија</territory>
			<territory type="ZA">Јужна Африка</territory>
			<territory type="ZM">Замбија</territory>
			<territory type="ZW">Зимбабве</territory>
		</territories>
	</localeDisplayNames>
	<characters>
		<exemplarCharacters>[а-и к-ш ђ ј љ њ ћ џ]</exemplarCharacters>
	</characters>
	<dates>
		<localizedPatternChars>GanjkHmsSEDFwWxhKzAeugXZ</localizedPatternChars>
		<calendars>
			<calendar type="gregorian">
				<months>
					<monthContext type="format">
						<monthWidth type="abbreviated">
							<month type="1">јан</month>
							<month type="2">феб</month>
							<month type="3">мар</month>
							<month type="4">апр</month>
							<month type="5">мај</month>
							<month type="6">јун</month>
							<month type="7">јул</month>
							<month type="8">абг</month>
							<month type="9">сеп</month>
							<month type="10">окт</month>
							<month type="11">ноб</month>
							<month type="12">дец</month>
						</monthWidth>
						<monthWidth type="narrow">
							<month type="1">ј</month>
							<month type="2">ф</month>
							<month type="3">м</month>
							<month type="4">а</month>
							<month type="5">м</month>
							<month type="6">ј</month>
							<month type="7">ј</month>
							<month type="8">а</month>
							<month type="9">с</month>
							<month type="10">о</month>
							<month type="11">н</month>
							<month type="12">д</month>
						</monthWidth>
						<monthWidth type="wide">
							<month type="1">јануара</month>
							<month type="2">фебруара</month>
							<month type="3">марта</month>
							<month type="4">априла</month>
							<month type="5">маја</month>
							<month type="6">јуна</month>
							<month type="7">јула</month>
							<month type="8">августа</month>
							<month type="9">септембра</month>
							<month type="10">октобра</month>
							<month type="11">новембра</month>
							<month type="12">децембра</month>
						</monthWidth>
					</monthContext>
					<monthContext type="stand-alone">
						<monthWidth type="abbreviated">
							<month type="1">јан</month>
							<month type="2">феб</month>
							<month type="3">мар</month>
							<month type="4">апр</month>
							<month type="5">мај</month>
							<month type="6">јун</month>
							<month type="7">јул</month>
							<month type="8">абг</month>
							<month type="9">сеп</month>
							<month type="10">окт</month>
							<month type="11">ноб</month>
							<month type="12">дец</month>
						</monthWidth>
						<monthWidth type="narrow">
							<month type="1">ј</month>
							<month type="2">ф</month>
							<month type="3">м</month>
							<month type="4">а</month>
							<month type="5">м</month>
							<month type="6">ј</month>
							<month type="7">ј</month>
							<month type="8">а</month>
							<month type="9">с</month>
							<month type="10">о</month>
							<month type="11">н</month>
							<month type="12">д</month>
						</monthWidth>
						<monthWidth type="wide">
							<month type="1">јануар</month>
							<month type="2">фебруар</month>
							<month type="3">март</month>
							<month type="4">април</month>
							<month type="5">мај</month>
							<month type="6">јун</month>
							<month type="7">јул</month>
							<month type="8">август</month>
							<month type="9">септембар</month>
							<month type="10">октобар</month>
							<month type="11">новембар</month>
							<month type="12">децембар</month>
						</monthWidth>
					</monthContext>
				</months>
				<days>
					<dayContext type="format">
						<dayWidth type="abbreviated">
							<day type="sun">нед</day>
							<day type="mon">пон</day>
							<day type="tue">уто</day>
							<day type="wed">сре</day>
							<day type="thu">чет</day>
							<day type="fri">пет</day>
							<day type="sat">суб</day>
						</dayWidth>
						<dayWidth type="wide">
							<day type="sun">недеља</day>
							<day type="mon">понедељак</day>
							<day type="tue">уторак</day>
							<day type="wed">среда</day>
							<day type="thu">четвртак</day>
							<day type="fri">петак</day>
							<day type="sat">субота</day>
						</dayWidth>
					</dayContext>
				</days>
				<week>
					<minDays count="1"/>
					<firstDay day="mon"/>
				</week>
				<eras>
					<eraAbbr>
						<era type="1">п. н. е.</era>
						<era type="2">н. е</era>
					</eraAbbr>
				</eras>
				<dateFormats>
					<default type="medium"/>
					<dateFormatLength type="full">
						<dateFormat >
							<pattern>EEEE, dd.MMMM.yyyy.</pattern>
						</dateFormat>
					</dateFormatLength >
					<dateFormatLength type="long">
						<dateFormat >
							<pattern>dd.MM.yyyy.</pattern>
						</dateFormat>
					</dateFormatLength >
					<dateFormatLength type="medium">
						<dateFormat >
							<pattern>dd.MM.yyyy.</pattern>
						</dateFormat>
					</dateFormatLength >
					<dateFormatLength type="short">
						<dateFormat >
							<pattern>d.M.yy.</pattern>
						</dateFormat>
					</dateFormatLength >
				</dateFormats>
				<timeFormats>
					<default type="medium"/>
					<timeFormatLength type="full">
						<timeFormat >
							<pattern>HH.mm.ss z</pattern>
						</timeFormat>
					</timeFormatLength >
					<timeFormatLength type="long">
						<timeFormat >
							<pattern>HH.mm.ss z</pattern>
						</timeFormat>
					</timeFormatLength >
					<timeFormatLength type="medium">
						<timeFormat >
							<pattern>HH.mm.ss</pattern>
						</timeFormat>
					</timeFormatLength >
					<timeFormatLength type="short">
						<timeFormat >
							<pattern>HH.mm</pattern>
						</timeFormat>
					</timeFormatLength >
				</timeFormats>
				<dateTimeFormats>
					<dateTimeFormatLength >
						<dateTimeFormat>
							<pattern>{1} {0}</pattern>
						</dateTimeFormat>
					</dateTimeFormatLength >
				</dateTimeFormats>
			</calendar>
		</calendars>
		<timeZoneNames>
			<zone type="Europe/Belgrade">
				<long>
				<standard>Централно Европско Време</standard>
				<daylight>Централно Европско Време</daylight>
				</long>
				<short>
					<standard>CET</standard>
					<daylight>CET</daylight>
				</short>
			</zone>
		</timeZoneNames>
	</dates>
	<numbers>
		<symbols>
			<decimal>,</decimal>
			<group>.</group>
			<list>;</list>
			<percentSign>%</percentSign>
			<nativeZeroDigit>0</nativeZeroDigit>
			<patternDigit>#</patternDigit>
			<plusSign>+</plusSign>
			<minusSign>-</minusSign>
			<exponential>E</exponential>
			<perMille>‰</perMille>
			<infinity>∞</infinity>
			<nan>�</nan>
		</symbols>
		<currencies>
			<currency type="YUN">
				<displayName>YUN</displayName>
				<symbol>Дин</symbol>
			</currency>
		</currencies>
	</numbers>
</ldml>
