<?xml version="1.0" encoding="UTF-8" ?>
<!DOCTYPE ldml SYSTEM "http://www.unicode.org/cldr/dtd/1.1/ldml.dtd">
<ldml>
	<identity>
		<version number="1.1"/>
		<generation date="2004-06-04" />
		<language type="ti" /> 
		<territory type="ER" /> 
	</identity>
	<dates>
		<calendars>
			<calendar type="gregorian">
				<months>
					<monthContext type="format">
						<monthWidth type="abbreviated">
							<month type="1">ጥሪ</month>
							<month type="2">ለካቲ</month>
							<month type="3">መጋቢ</month>
							<month type="4">ሚያዝ</month>
							<month type="5">ግንቦ</month>
							<month type="6">ሰነ</month>
							<month type="7">ሓምለ</month>
							<month type="8">ነሓሰ</month>
							<month type="9">መስከ</month>
							<month type="10">ጥቅም</month>
							<month type="11">ሕዳር</month>
							<month type="12">ታሕሳ</month>
						</monthWidth>
						<monthWidth type="wide">
							<month type="1">ጥሪ</month>
							<month type="2">ለካቲት</month>
							<month type="3">መጋቢት</month>
							<month type="4">ሚያዝያ</month>
							<month type="5">ግንቦት</month>
							<month type="6">ሰነ</month>
							<month type="7">ሓምለ</month>
							<month type="8">ነሓሰ</month>
							<month type="9">መስከረም</month>
							<month type="10">ጥቅምቲ</month>
							<month type="11">ሕዳር</month>
							<month type="12">ታሕሳስ</month>
						</monthWidth>
					</monthContext>
				</months>
				<days>
					<dayContext type="format">
						<dayWidth type="abbreviated">
							<day type="sun">ሰንበ</day>
							<day type="mon">ሰኑይ</day>
							<day type="tue">ሰሉስ</day>
							<day type="wed">ረቡዕ</day>
							<day type="thu">ሓሙስ</day>
							<day type="fri">ዓርቢ</day>
							<day type="sat">ቀዳም</day>
						</dayWidth>
						<dayWidth type="wide">
							<day type="sun">ሰንበት</day>
							<day type="mon">ሰኑይ</day>
							<day type="tue">ሰሉስ</day>
							<day type="wed">ረቡዕ</day>
							<day type="thu">ሓሙስ</day>
							<day type="fri">ዓርቢ</day>
							<day type="sat">ቀዳም</day>
						</dayWidth>
					</dayContext>
				</days>
				<dateFormats>
					<default type="medium"/>
					<dateFormatLength type="full">
						<dateFormat >
							<pattern>EEEE፡ dd MMMM መዓልቲ yyyy G</pattern>
						</dateFormat>
					</dateFormatLength >
					<dateFormatLength type="long">
						<dateFormat >
							<pattern>dd MMMM yyyy</pattern>
						</dateFormat>
					</dateFormatLength >
					<dateFormatLength type="medium">
						<dateFormat >
							<pattern>dd-MMM-yy</pattern>
						</dateFormat>
					</dateFormatLength >
					<dateFormatLength type="short">
						<dateFormat >
							<pattern>dd/MM/yy</pattern>
						</dateFormat>
					</dateFormatLength >
				</dateFormats>
				<timeFormats>
					<default type="medium"/>
					<timeFormatLength type="full">
						<timeFormat >
							<pattern>h:mm:ss a</pattern>
						</timeFormat>
					</timeFormatLength >
					<timeFormatLength type="long">
						<timeFormat >
							<pattern>h:mm:ss a</pattern>
						</timeFormat>
					</timeFormatLength >
					<timeFormatLength type="medium">
						<timeFormat >
							<pattern>h:mm:ss a</pattern>
						</timeFormat>
					</timeFormatLength >
					<timeFormatLength type="short">
						<timeFormat >
							<pattern>h:mm a</pattern>
						</timeFormat>
					</timeFormatLength >
				</timeFormats>
				<dateTimeFormats>
					<dateTimeFormatLength >
						<dateTimeFormat>
							<pattern>{1} {0}</pattern>
						</dateTimeFormat>
					</dateTimeFormatLength >
				</dateTimeFormats>
			</calendar>
		</calendars>
	</dates>
	<numbers>
		<decimalFormats>
			<decimalFormatLength >
				<decimalFormat >
					<pattern>#,##0.###;-#,##0.###</pattern>
				</decimalFormat>
			</decimalFormatLength >
		</decimalFormats>
		<scientificFormats>
			<scientificFormatLength >
				<scientificFormat >
					<pattern>#E0</pattern>
				</scientificFormat>
			</scientificFormatLength >
		</scientificFormats>
		<percentFormats>
			<percentFormatLength >
				<percentFormat >
					<pattern>#,##0%</pattern>
				</percentFormat>
			</percentFormatLength >
		</percentFormats>
		<currencyFormats>
			<currencyFormatLength >
				<currencyFormat >
					<pattern>¤#,##0.00;-¤#,##0.00</pattern>
				</currencyFormat>
			</currencyFormatLength >
		</currencyFormats>
		<currencies>
			<currency type="ERN">
				<displayName>ERN</displayName>
				<symbol>$</symbol>
			</currency>
		</currencies>
	</numbers>
</ldml>
