<?xml version="1.0" encoding="UTF-8" ?>
<!DOCTYPE ldml SYSTEM "http://www.unicode.org/cldr/dtd/1.1/ldml.dtd">
<ldml>
	<identity>
		<version number="1.1"/>
		<generation date="2004-06-04" />
		<language type="bg" /> 
	</identity>
	<localeDisplayNames>
		<languages>
			<language type="ar">Арабски</language>
			<language type="bg">Български</language>
			<language type="cs">Чешки</language>
			<language type="da">Датски</language>
			<language type="de">Немски</language>
			<language type="el">Гръцки</language>
			<language type="en">Английски</language>
			<language type="es">Испански</language>
			<language type="et">Естонски</language>
			<language type="fi">Фински</language>
			<language type="fr">Френски</language>
			<language type="he">Иврит</language>
			<language type="hr">Хърватски</language>
			<language type="hu">Унгарски</language>
			<language type="it">Италиански</language>
			<language type="ja">Японски</language>
			<language type="ko">Корейски</language>
			<language type="lt">Литовски</language>
			<language type="lv">Латвийски</language>
			<language type="nl">Холандски</language>
			<language type="no">Норвежки</language>
			<language type="pl">Полски</language>
			<language type="pt">Португалски</language>
			<language type="ro">Румънски</language>
			<language type="ru">Руски</language>
			<language type="sk">Словашки</language>
			<language type="sl">Словенски</language>
			<language type="sv">Шведски</language>
			<language type="tr">Турски</language>
			<language type="zh">Китайски</language>
		</languages>
		<territories>
			<territory type="AD">Андора</territory>
			<territory type="AE">Обединени Арабски Емирства</territory>
			<territory type="AF">Афганистан</territory>
			<territory type="AG">Антигуа и Барбуда</territory>
			<territory type="AI">Ангуила</territory>
			<territory type="AL">Албания</territory>
			<territory type="AM">Армения</territory>
			<territory type="AN">Холандски Антили</territory>
			<territory type="AO">Ангола</territory>
			<territory type="AQ">Антарктика</territory>
			<territory type="AR">Аржентина</territory>
			<territory type="AS">Американско Самоа</territory>
			<territory type="AT">Австрия</territory>
			<territory type="AU">Австралия</territory>
			<territory type="AW">Аруба</territory>
			<territory type="AZ">Азербайджан</territory>
			<territory type="BA">Босна и Херцеговина</territory>
			<territory type="BB">Барбадос</territory>
			<territory type="BD">Бангладеш</territory>
			<territory type="BE">Белгия</territory>
			<territory type="BF">Буркина Фасо</territory>
			<territory type="BG">България</territory>
			<territory type="BH">Бахрейн</territory>
			<territory type="BI">Бурунди</territory>
			<territory type="BJ">Бенин</territory>
			<territory type="BM">Бермуда</territory>
			<territory type="BN">Бруней Дарусалам</territory>
			<territory type="BO">Боливия</territory>
			<territory type="BR">Бразилия</territory>
			<territory type="BS">Бахами</territory>
			<territory type="BT">Бутан</territory>
			<territory type="BV">Остров Буве</territory>
			<territory type="BW">Ботсуана</territory>
			<territory type="BY">Беларус</territory>
			<territory type="BZ">Белиз</territory>
			<territory type="CA">Канада</territory>
			<territory type="CC">Кокосови (Кийлинг) острови</territory>
			<territory type="CD">Демократична Република Конго</territory>
			<territory type="CF">Централноафриканска Република</territory>
			<territory type="CG">Конго</territory>
			<territory type="CH">Швейцария</territory>
			<territory type="CI">Кот д’Ивоар</territory>
			<territory type="CK">Острови Кук</territory>
			<territory type="CL">Чили</territory>
			<territory type="CM">Камерун</territory>
			<territory type="CN">Китай</territory>
			<territory type="CO">Колумбия</territory>
			<territory type="CR">Коста Рика</territory>
			<territory type="CU">Куба</territory>
			<territory type="CV">Кабо Верде</territory>
			<territory type="CX">Остров Кристмас</territory>
			<territory type="CY">Кипър</territory>
			<territory type="CZ">Чешка Република</territory>
			<territory type="DE">Германия</territory>
			<territory type="DJ">Джибути</territory>
			<territory type="DK">Дания</territory>
			<territory type="DM">Доминика</territory>
			<territory type="DO">Доминиканска Република</territory>
			<territory type="DZ">Алжир</territory>
			<territory type="EC">Еквадор</territory>
			<territory type="EE">Естония</territory>
			<territory type="EG">Египет</territory>
			<territory type="EH">Западна Сахара</territory>
			<territory type="ER">Еритрея</territory>
			<territory type="ES">Испания</territory>
			<territory type="ET">Етиопия</territory>
			<territory type="FI">Финландия</territory>
			<territory type="FJ">Фиджи</territory>
			<territory type="FK">Фолклендски острови</territory>
			<territory type="FM">Микронезия, Обединени Щати</territory>
			<territory type="FO">Фарьорски острови</territory>
			<territory type="FR">Франция</territory>
			<territory type="GA">Габон</territory>
			<territory type="GB">Обединено кралство</territory>
			<territory type="GD">Гренада</territory>
			<territory type="GE">Грузия</territory>
			<territory type="GF">Френска Гвиана</territory>
			<territory type="GH">Гана</territory>
			<territory type="GI">Гибралтар</territory>
			<territory type="GL">Гренландия</territory>
			<territory type="GM">Гамбия</territory>
			<territory type="GN">Гвинея</territory>
			<territory type="GP">Гваделупа</territory>
			<territory type="GQ">Екваториална Гвинея</territory>
			<territory type="GR">Гърция</territory>
			<territory type="GS">Южна Джорджия и Южни Сандвичеви Острови</territory>
			<territory type="GT">Гватемала</territory>
			<territory type="GU">Гуам</territory>
			<territory type="GW">Гвинея-Бисау</territory>
			<territory type="GY">Гвиана</territory>
			<territory type="HK">Хонг-Конг О.А.Р. на Китай</territory>
			<territory type="HM">Остров Хърд и Острови Макдоналд</territory>
			<territory type="HN">Хондурас</territory>
			<territory type="HR">Хърватска</territory>
			<territory type="HT">Хаити</territory>
			<territory type="HU">Унгария</territory>
			<territory type="ID">Индонезия</territory>
			<territory type="IE">Ирландия</territory>
			<territory type="IL">Израел</territory>
			<territory type="IN">Индия</territory>
			<territory type="IO">Британски територии в Индийския океан</territory>
			<territory type="IQ">Ирак</territory>
			<territory type="IR">Иран, Ислямска република</territory>
			<territory type="IS">Исландия</territory>
			<territory type="IT">Италия</territory>
			<territory type="JM">Ямайка</territory>
			<territory type="JO">Йордания</territory>
			<territory type="JP">Япония</territory>
			<territory type="KE">Кения</territory>
			<territory type="KG">Киргизстан</territory>
			<territory type="KH">Камбоджа</territory>
			<territory type="KI">Кирибати</territory>
			<territory type="KM">Комори</territory>
			<territory type="KN">Сейнт Китс и Невис</territory>
			<territory type="KP">Корея, Северна</territory>
			<territory type="KR">Корея, Южна</territory>
			<territory type="KW">Кувейт</territory>
			<territory type="KY">Кайманови острови</territory>
			<territory type="KZ">Казахстан</territory>
			<territory type="LA">Народна Демократична Република Лаос</territory>
			<territory type="LB">Ливан</territory>
			<territory type="LC">Сейнт Лусия</territory>
			<territory type="LI">Лихтенщайн</territory>
			<territory type="LK">Шри Ланка</territory>
			<territory type="LR">Либерия</territory>
			<territory type="LS">Лесото</territory>
			<territory type="LT">Литва</territory>
			<territory type="LU">Люксембург</territory>
			<territory type="LV">Латвия</territory>
			<territory type="LY">Либийска Арабска Джамахирия</territory>
			<territory type="MA">Мароко</territory>
			<territory type="MC">Монако</territory>
			<territory type="MD">Молдова, Република</territory>
			<territory type="MG">Мадагаскар</territory>
			<territory type="MH">Маршалови Острови</territory>
			<territory type="MK">Македония, Република</territory>
			<territory type="ML">Мали</territory>
			<territory type="MM">Мианмар</territory>
			<territory type="MN">Монголия</territory>
			<territory type="MO">Макао О.А.Р. на Китай</territory>
			<territory type="MP">Северни Мариански Острови</territory>
			<territory type="MQ">Мартиника</territory>
			<territory type="MR">Мавритания</territory>
			<territory type="MS">Монсерат</territory>
			<territory type="MT">Малта</territory>
			<territory type="MU">Мавриций</territory>
			<territory type="MV">Малдиви</territory>
			<territory type="MW">Малави</territory>
			<territory type="MX">Мексико</territory>
			<territory type="MY">Малайзия</territory>
			<territory type="MZ">Мозамбик</territory>
			<territory type="NA">Намибия</territory>
			<territory type="NC">Нова Каледония</territory>
			<territory type="NE">Нигер</territory>
			<territory type="NF">Остров Норфолк</territory>
			<territory type="NG">Нигерия</territory>
			<territory type="NI">Никарагуа</territory>
			<territory type="NL">Холандия</territory>
			<territory type="NO">Норвегия</territory>
			<territory type="NP">Непал</territory>
			<territory type="NR">Науру</territory>
			<territory type="NU">Ниуе</territory>
			<territory type="NZ">Нова Зеландия</territory>
			<territory type="OM">Оман</territory>
			<territory type="PA">Панама</territory>
			<territory type="PE">Перу</territory>
			<territory type="PF">Френска Полинезия</territory>
			<territory type="PG">Папуа Нова Гвинея</territory>
			<territory type="PH">Филипини</territory>
			<territory type="PK">Пакистан</territory>
			<territory type="PL">Полша</territory>
			<territory type="PM">Сен Пиер и Мигелон</territory>
			<territory type="PN">Питкайрн</territory>
			<territory type="PR">Пуерто Рико</territory>
			<territory type="PS">Палестински територии</territory>
			<territory type="PT">Португалия</territory>
			<territory type="PW">Палау</territory>
			<territory type="PY">Парагвай</territory>
			<territory type="QA">Катар</territory>
			<territory type="RE">Реюниън</territory>
			<territory type="RO">Румъния</territory>
			<territory type="RU">Руска Федерация</territory>
			<territory type="RW">Руанда</territory>
			<territory type="SA">Саудитска Арабия</territory>
			<territory type="SB">Соломонови Острови</territory>
			<territory type="SC">Сейшели</territory>
			<territory type="SD">Судан</territory>
			<territory type="SE">Швеция</territory>
			<territory type="SG">Сингапур</territory>
			<territory type="SH">Света Елена</territory>
			<territory type="SI">Словения</territory>
			<territory type="SJ">Свалбард и Ян Майен</territory>
			<territory type="SK">Словакия</territory>
			<territory type="SL">Сиера Леоне</territory>
			<territory type="SM">Сан Марино</territory>
			<territory type="SN">Сенегал</territory>
			<territory type="SO">Сомалия</territory>
			<territory type="SR">Суринам</territory>
			<territory type="ST">Сао Томе и Принципе</territory>
			<territory type="SV">Ел Салвадор</territory>
			<territory type="SY">Сирийска Арабска Република</territory>
			<territory type="SZ">Суазиленд</territory>
			<territory type="TC">Острови Туркс и Кайкос</territory>
			<territory type="TD">Чад</territory>
			<territory type="TF">Френски Южни Територии</territory>
			<territory type="TG">Того</territory>
			<territory type="TH">Тайланд</territory>
			<territory type="TJ">Таджикистан</territory>
			<territory type="TK">Токелау</territory>
			<territory type="TL">Източен Тимор</territory>
			<territory type="TM">Туркменистан</territory>
			<territory type="TN">Тунис</territory>
			<territory type="TO">Тонга</territory>
			<territory type="TR">Турция</territory>
			<territory type="TT">Тринидад и Тобаго</territory>
			<territory type="TV">Тувалу</territory>
			<territory type="TW">Тайван, Провинция на Китай</territory>
			<territory type="TZ">Танзания</territory>
			<territory type="UA">Украйна</territory>
			<territory type="UG">Уганда</territory>
			<territory type="UM">САЩ - външни острови</territory>
			<territory type="US">САЩ</territory>
			<territory type="UY">Уругвай</territory>
			<territory type="UZ">Узбекистан</territory>
			<territory type="VA">Свещено море (Ватиканска държава)</territory>
			<territory type="VC">Сейнт Винсънт и Гренадини</territory>
			<territory type="VE">Венецуела</territory>
			<territory type="VG">Британски Вирджински Острови</territory>
			<territory type="VI">САЩ, Вирджински Острови</territory>
			<territory type="VN">Виетнам</territory>
			<territory type="VU">Вануату</territory>
			<territory type="WF">Уолис и Футуна</territory>
			<territory type="WS">Самоа</territory>
			<territory type="YE">Йемен</territory>
			<territory type="YT">Мейот</territory>
			<territory type="YU">Югославия</territory>
			<territory type="ZA">Южна Африка</territory>
			<territory type="ZM">Замбия</territory>
			<territory type="ZW">Зимбабве</territory>
		</territories>
	</localeDisplayNames>
	<characters>
		<exemplarCharacters>[а-ь юяѣѫ]</exemplarCharacters>
	</characters>
	<dates>
		<localizedPatternChars>GanjkHmsSEDFwWxhKzAeugXZ</localizedPatternChars>
		<calendars>
			<calendar type="gregorian">
				<months>
					<monthContext type="format">
						<monthWidth type="abbreviated">
							<month type="1">ян.</month>
							<month type="2">фев.</month>
							<month type="3">март</month>
							<month type="4">апр.</month>
							<month type="5">май</month>
							<month type="6">юни</month>
							<month type="7">юли</month>
							<month type="8">авг.</month>
							<month type="9">сеп.</month>
							<month type="10">окт.</month>
							<month type="11">ноем.</month>
							<month type="12">дек.</month>
						</monthWidth>
						<monthWidth type="wide">
							<month type="1">януари</month>
							<month type="2">февруари</month>
							<month type="3">март</month>
							<month type="4">април</month>
							<month type="5">май</month>
							<month type="6">юни</month>
							<month type="7">юли</month>
							<month type="8">август</month>
							<month type="9">септември</month>
							<month type="10">октомври</month>
							<month type="11">ноември</month>
							<month type="12">декември</month>
						</monthWidth>
					</monthContext>
				</months>
				<days>
					<dayContext type="format">
						<dayWidth type="abbreviated">
							<day type="sun">нед.</day>
							<day type="mon">пон.</day>
							<day type="tue">вт.</day>
							<day type="wed">ср.</day>
							<day type="thu">четв.</day>
							<day type="fri">пет.</day>
							<day type="sat">съб.</day>
						</dayWidth>
						<dayWidth type="wide">
							<day type="sun">неделя</day>
							<day type="mon">понеделник</day>
							<day type="tue">вторник</day>
							<day type="wed">сряда</day>
							<day type="thu">четвъртък</day>
							<day type="fri">петък</day>
							<day type="sat">събота</day>
						</dayWidth>
					</dayContext>
				</days>
				<week>
					<minDays count="1"/>
					<firstDay day="mon"/>
				</week>
				<eras>
					<eraAbbr>
						<era type="1">пр.н.е.</era>
						<era type="2">н.е.</era>
					</eraAbbr>
				</eras>
				<dateFormats>
					<default type="medium"/>
					<dateFormatLength type="full">
						<dateFormat >
							<pattern>dd MMMM yyyy, EEEE</pattern>
						</dateFormat>
					</dateFormatLength >
					<dateFormatLength type="long">
						<dateFormat >
							<pattern>dd MMMM yyyy</pattern>
						</dateFormat>
					</dateFormatLength >
					<dateFormatLength type="medium">
						<dateFormat >
							<pattern>dd.MM.yyyy</pattern>
						</dateFormat>
					</dateFormatLength >
					<dateFormatLength type="short">
						<dateFormat >
							<pattern>dd.MM.yy</pattern>
						</dateFormat>
					</dateFormatLength >
				</dateFormats>
				<timeFormats>
					<default type="medium"/>
					<timeFormatLength type="full">
						<timeFormat >
							<pattern>HH:mm:ss z</pattern>
						</timeFormat>
					</timeFormatLength >
					<timeFormatLength type="long">
						<timeFormat >
							<pattern>HH:mm:ss</pattern>
						</timeFormat>
					</timeFormatLength >
					<timeFormatLength type="medium">
						<timeFormat >
							<pattern>HH:mm:ss</pattern>
						</timeFormat>
					</timeFormatLength >
					<timeFormatLength type="short">
						<timeFormat >
							<pattern>HH:mm</pattern>
						</timeFormat>
					</timeFormatLength >
				</timeFormats>
				<dateTimeFormats>
					<dateTimeFormatLength >
						<dateTimeFormat>
							<pattern>{1} {0}</pattern>
						</dateTimeFormat>
					</dateTimeFormatLength >
				</dateTimeFormats>
			</calendar>
		</calendars>
	</dates>
	<numbers>
		<symbols>
			<decimal>,</decimal>
			<group> </group>
			<list>;</list>
			<percentSign>%</percentSign>
			<nativeZeroDigit>0</nativeZeroDigit>
			<patternDigit>#</patternDigit>
			<plusSign>+</plusSign>
			<minusSign>-</minusSign>
			<exponential>E</exponential>
			<perMille>‰</perMille>
			<infinity>∞</infinity>
			<nan>�</nan>
		</symbols>
		<currencies>
			<currency type="BGL">
				<displayName>BGL</displayName>
				<symbol>лв</symbol>
			</currency>
			<currency type="BGN">
				<displayName>BGN</displayName>
				<symbol>лв.</symbol>
			</currency>
		</currencies>
	</numbers>
</ldml>
