<?xml version="1.0" encoding="UTF-8" ?>
<!DOCTYPE ldml SYSTEM "http://www.unicode.org/cldr/dtd/1.1/ldml.dtd">
<ldml>
	<identity>
		<version number="1.1"/>
		<generation date="2004-06-04" />
		<language type="en" /> 
		<territory type="US" /> 
		<variant type="POSIX" /> 
	</identity>
	<numbers>
		<symbols>
			<decimal>.</decimal>
			<group>,</group>
			<list>;</list>
			<percentSign>%</percentSign>
			<nativeZeroDigit>0</nativeZeroDigit>
			<patternDigit>#</patternDigit>
			<plusSign>+</plusSign>
			<minusSign>-</minusSign>
			<exponential>E</exponential>
			<perMille>0/00</perMille>
			<infinity>INF</infinity>
			<nan>NaN</nan>
		</symbols>
		<decimalFormats>
			<decimalFormatLength >
				<decimalFormat >
					<pattern>###0.###;-###0.###</pattern>
				</decimalFormat>
			</decimalFormatLength >
		</decimalFormats>
		<scientificFormats>
			<scientificFormatLength >
				<scientificFormat >
					<pattern>0.000000E+000</pattern>
				</scientificFormat>
			</scientificFormatLength >
		</scientificFormats>
		<percentFormats>
			<percentFormatLength >
				<percentFormat >
					<pattern>###0%</pattern>
				</percentFormat>
			</percentFormatLength >
		</percentFormats>
		<currencyFormats>
			<currencyFormatLength >
				<currencyFormat >
					<pattern>¤ ###0.00;-¤ ###0.00</pattern>
				</currencyFormat>
			</currencyFormatLength >
		</currencyFormats>
	</numbers>
</ldml>
