<?xml version="1.0" encoding="UTF-8" ?>
<!DOCTYPE ldml SYSTEM "http://www.unicode.org/cldr/dtd/1.1/ldml.dtd">
<ldml>
	<identity>
		<version number="1.1"/>
		<generation date="2004-06-04" />
		<language type="en" /> 
		<territory type="US" /> 
	</identity>
	<measurement>
		<measurementSystem type="US"/>
		<paperSize>
			<height>279</height>
			<width>216</width>
		</paperSize>
	</measurement>
	<numbers>
		<decimalFormats>
			<decimalFormatLength >
				<decimalFormat >
					<pattern>#,##0.###;-#,##0.###</pattern>
				</decimalFormat>
			</decimalFormatLength >
		</decimalFormats>
		<scientificFormats>
			<scientificFormatLength >
				<scientificFormat >
					<pattern>#E0</pattern>
				</scientificFormat>
			</scientificFormatLength >
		</scientificFormats>
		<percentFormats>
			<percentFormatLength >
				<percentFormat >
					<pattern>#,##0%</pattern>
				</percentFormat>
			</percentFormatLength >
		</percentFormats>
		<currencyFormats>
			<currencyFormatLength >
				<currencyFormat >
					<pattern>¤#,##0.00;(¤#,##0.00)</pattern>
				</currencyFormat>
			</currencyFormatLength >
		</currencyFormats>
		<currencies>
			<currency type="USD">
				<displayName>US Dollar</displayName>
				<symbol>$</symbol>
			</currency>
		</currencies>
	</numbers>
</ldml>
