<?xml version="1.0" encoding="UTF-8" ?>
<!DOCTYPE ldml SYSTEM "http://www.unicode.org/cldr/dtd/1.1/ldml.dtd">
<ldml>
	<identity>
		<version number="1.1"/>
		<generation date="2004-06-04" />
		<language type="he" /> 
	</identity>
	<localeDisplayNames>
		<languages>
			<language type="ar">ערבית</language>
			<language type="bg">בולגרית</language>
			<language type="cs">צ׳כית</language>
			<language type="da">דנית</language>
			<language type="de">גרמנית</language>
			<language type="el">יוונית</language>
			<language type="en">אנגלית</language>
			<language type="es">ספרדית</language>
			<language type="et">אסטונית</language>
			<language type="fi">פינית</language>
			<language type="fr">צרפתית</language>
			<language type="he">עברית</language>
			<language type="hr">קרואטית</language>
			<language type="hu">הונגרית</language>
			<language type="it">איטלקית</language>
			<language type="ja">יפנית</language>
			<language type="ko">קוריאנית</language>
			<language type="lt">ליטאית</language>
			<language type="lv">לטבית</language>
			<language type="nl">הולנדית</language>
			<language type="no">נורווגית</language>
			<language type="pl">פולנית</language>
			<language type="pt">פורטוגזית</language>
			<language type="ro">רומנית</language>
			<language type="ru">רוסית</language>
			<language type="sk">סלובקית</language>
			<language type="sl">סלובנית</language>
			<language type="sv">שוודית</language>
			<language type="tr">טורקית</language>
			<language type="zh">סינית</language>
		</languages>
		<territories>
			<territory type="AD">אנדורה</territory>
			<territory type="AE">איחוד האמירויות הערביות</territory>
			<territory type="AF">אפגניסטן</territory>
			<territory type="AG">אנטיגואה וברבודה</territory>
			<territory type="AI">אנגילה</territory>
			<territory type="AL">אלבניה</territory>
			<territory type="AM">ארמניה</territory>
			<territory type="AN">האינטילים ההולנדיים</territory>
			<territory type="AO">אנגולה</territory>
			<territory type="AQ">אנטארקטיקה</territory>
			<territory type="AR">ארגנטינה</territory>
			<territory type="AS">סמואה האמריקנית</territory>
			<territory type="AT">אוסטריה</territory>
			<territory type="AU">אוסטרליה</territory>
			<territory type="AW">ארובה</territory>
			<territory type="AZ">אזרבייג׳ן</territory>
			<territory type="BA">בוסניה הרצגובינה</territory>
			<territory type="BB">ברבדוס</territory>
			<territory type="BD">בנגלדש</territory>
			<territory type="BE">בלגיה</territory>
			<territory type="BF">בורקינה פאסו</territory>
			<territory type="BG">בולגריה</territory>
			<territory type="BH">בחריין</territory>
			<territory type="BI">בורונדי</territory>
			<territory type="BJ">בנין</territory>
			<territory type="BM">ברמודה</territory>
			<territory type="BN">ברוניי דארסלאם</territory>
			<territory type="BO">בוליביה</territory>
			<territory type="BR">ברזיל</territory>
			<territory type="BS">בהאמה</territory>
			<territory type="BT">בוטאן</territory>
			<territory type="BV">האי בובה</territory>
			<territory type="BW">בוטסוואנה</territory>
			<territory type="BY">בלרוס</territory>
			<territory type="BZ">בליז</territory>
			<territory type="CA">קנדה</territory>
			<territory type="CC">איי קוקוס (קילינג)</territory>
			<territory type="CD">קונגו, הרפובליקה הדמוקרטית של</territory>
			<territory type="CF">הרפובליקה של מרכז אפריקה</territory>
			<territory type="CG">קונגו</territory>
			<territory type="CH">שווייץ</territory>
			<territory type="CI">חוף השנהב</territory>
			<territory type="CK">איי קוק</territory>
			<territory type="CL">צ׳ילה</territory>
			<territory type="CM">קמרון</territory>
			<territory type="CN">סין</territory>
			<territory type="CO">קולומביה</territory>
			<territory type="CR">קוסטה ריקה</territory>
			<territory type="CU">קובה</territory>
			<territory type="CV">קייפ ורדה</territory>
			<territory type="CX">איי כריסטמס</territory>
			<territory type="CY">קפריסין</territory>
			<territory type="CZ">הרפובליקה הצ׳כית</territory>
			<territory type="DE">גרמניה</territory>
			<territory type="DJ">ג׳יבוטי</territory>
			<territory type="DK">דנמרק</territory>
			<territory type="DM">דומיניקה</territory>
			<territory type="DO">הרפובליקה הדומיניקנית</territory>
			<territory type="DZ">אלג׳יריה</territory>
			<territory type="EC">אקוואדור</territory>
			<territory type="EE">אסטוניה</territory>
			<territory type="EG">מצרים</territory>
			<territory type="EH">סהרה המערבית</territory>
			<territory type="ER">אריתריאה</territory>
			<territory type="ES">ספרד</territory>
			<territory type="ET">אתיופיה</territory>
			<territory type="FI">פינלנד</territory>
			<territory type="FJ">פיג׳י</territory>
			<territory type="FK">איי פוקלנד</territory>
			<territory type="FM">מאוריציוס, המדינות המאוגדות של</territory>
			<territory type="FO">איי פארו</territory>
			<territory type="FR">צרפת</territory>
			<territory type="GA">גבון</territory>
			<territory type="GB">בריטניה</territory>
			<territory type="GD">גרנדה</territory>
			<territory type="GE">גרוזיה</territory>
			<territory type="GF">גיאנה הצרפתית</territory>
			<territory type="GH">גאנה</territory>
			<territory type="GI">גיברלטר</territory>
			<territory type="GL">גרינלנד</territory>
			<territory type="GM">גמביה</territory>
			<territory type="GN">גיניאה</territory>
			<territory type="GP">גוואדלופ</territory>
			<territory type="GQ">גיניאה המשוונית</territory>
			<territory type="GR">יוון</territory>
			<territory type="GS">האי ג׳ורג׳יה הדרומית ואיי סנדוויץ׳ הדרומיים</territory>
			<territory type="GT">גווטמאלה</territory>
			<territory type="GU">גואם</territory>
			<territory type="GW">גיניאה-ביסאו</territory>
			<territory type="GY">גיאנה</territory>
			<territory type="HK">הונג קונג S.A.R. של סין</territory>
			<territory type="HM">איי הרד ואיי מקדונלנד</territory>
			<territory type="HN">הונדורס</territory>
			<territory type="HR">קרואטיה</territory>
			<territory type="HT">האיטי</territory>
			<territory type="HU">הונגריה</territory>
			<territory type="ID">אינדונזיה</territory>
			<territory type="IE">אירלנד</territory>
			<territory type="IL">ישראל</territory>
			<territory type="IN">הודו</territory>
			<territory type="IO">הטריטוריה הבריטית באוקינוס ההודי</territory>
			<territory type="IQ">עירק</territory>
			<territory type="IR">איראן, הרפובליקה האיסלמית</territory>
			<territory type="IS">איסלנד</territory>
			<territory type="IT">איטליה</territory>
			<territory type="JM">ג׳מייקה</territory>
			<territory type="JO">ירדן</territory>
			<territory type="JP">יפן</territory>
			<territory type="KE">קניה</territory>
			<territory type="KG">קירגיזסטן</territory>
			<territory type="KH">קמבודיה</territory>
			<territory type="KI">קיריבאטי</territory>
			<territory type="KM">קומורוס</territory>
			<territory type="KN">סנט קיטס וניבס</territory>
			<territory type="KP">קוריאה, צפון</territory>
			<territory type="KR">קוריאה, דרום</territory>
			<territory type="KW">כווית</territory>
			<territory type="KY">איי קיימאן</territory>
			<territory type="KZ">קזחסטן</territory>
			<territory type="LA">לאוס, הרפובליקה הדמקורטית העממית</territory>
			<territory type="LB">לבנון</territory>
			<territory type="LC">סנט לושיה</territory>
			<territory type="LI">ליכטנשטיין</territory>
			<territory type="LK">סרי לנקה</territory>
			<territory type="LR">ליבריה</territory>
			<territory type="LS">לסוטו</territory>
			<territory type="LT">ליטא</territory>
			<territory type="LU">לוקסמבורג</territory>
			<territory type="LV">לטביה</territory>
			<territory type="LY">לוב</territory>
			<territory type="MA">מרוקו</territory>
			<territory type="MC">מונקו</territory>
			<territory type="MD">מולדובה, הרפובליקה</territory>
			<territory type="MG">מדגסקר</territory>
			<territory type="MH">איי מרשל</territory>
			<territory type="MK">מקדוניה, הרפובליקה של</territory>
			<territory type="ML">מאלי</territory>
			<territory type="MM">מינמאר</territory>
			<territory type="MN">מונגוליה</territory>
			<territory type="MO">מקאו S.A.R. של סין</territory>
			<territory type="MP">איי מריאנה הצפוניים</territory>
			<territory type="MQ">מרטיניק</territory>
			<territory type="MR">מאוריטניה</territory>
			<territory type="MS">מונטסראט</territory>
			<territory type="MT">מלטה</territory>
			<territory type="MU">מאוריציוס</territory>
			<territory type="MV">מלדיבאס</territory>
			<territory type="MW">מלאווי</territory>
			<territory type="MX">מכסיקו</territory>
			<territory type="MY">מלזיה</territory>
			<territory type="MZ">מוזמביק</territory>
			<territory type="NA">נמיביה</territory>
			<territory type="NC">קלדוניה החדשה</territory>
			<territory type="NE">ניז׳ר</territory>
			<territory type="NF">איי נורפק</territory>
			<territory type="NG">ניגריה</territory>
			<territory type="NI">ניקראגווה</territory>
			<territory type="NL">הולנד</territory>
			<territory type="NO">נורווגיה</territory>
			<territory type="NP">נפאל</territory>
			<territory type="NR">נאורו</territory>
			<territory type="NU">ניווה</territory>
			<territory type="NZ">ניו זילנד</territory>
			<territory type="OM">עומן</territory>
			<territory type="PA">פנמה</territory>
			<territory type="PE">פרו</territory>
			<territory type="PF">פולינזיה הצרפתית</territory>
			<territory type="PG">פפואה גיניאה החדשה</territory>
			<territory type="PH">פיליפינים</territory>
			<territory type="PK">פקיסטן</territory>
			<territory type="PL">פולין</territory>
			<territory type="PM">סנט פייר ומיקלון</territory>
			<territory type="PN">פיטקיירן</territory>
			<territory type="PR">פורטו ריקו</territory>
			<territory type="PS">הרשות הפלשתינית</territory>
			<territory type="PT">פורטוגל</territory>
			<territory type="PW">פלאו</territory>
			<territory type="PY">פראגוואי</territory>
			<territory type="QA">קטר</territory>
			<territory type="RE">ראוניון</territory>
			<territory type="RO">רומניה</territory>
			<territory type="RU">חבר המדינות הרוסיות</territory>
			<territory type="RW">רואנדה</territory>
			<territory type="SA">ערב הסעודית</territory>
			<territory type="SB">איי שלמה</territory>
			<territory type="SC">איי סיישל</territory>
			<territory type="SD">סודן</territory>
			<territory type="SE">שוודיה</territory>
			<territory type="SG">סינגפור</territory>
			<territory type="SH">סיינט הלנה</territory>
			<territory type="SI">סלובניה</territory>
			<territory type="SJ">סוולבארד וז׳אן מאיין</territory>
			<territory type="SK">סלובקיה</territory>
			<territory type="SL">סיירה לאונה</territory>
			<territory type="SM">סן מרינו</territory>
			<territory type="SN">סנגל</territory>
			<territory type="SO">סומליה</territory>
			<territory type="SR">סורינאם</territory>
			<territory type="ST">סן תומה ופרינסיפה</territory>
			<territory type="SV">אל סלבאדור</territory>
			<territory type="SY">הרפובליקה הערבית הסורית</territory>
			<territory type="SZ">סווזילנד</territory>
			<territory type="TC">איי טורקס וקאיקוס</territory>
			<territory type="TD">צ׳אד</territory>
			<territory type="TF">טריטוריות דרומיות של צרפת</territory>
			<territory type="TG">טוגו</territory>
			<territory type="TH">תאילנד</territory>
			<territory type="TJ">טג׳יקיסטן</territory>
			<territory type="TK">טוקלאו</territory>
			<territory type="TL">מזרח טימור</territory>
			<territory type="TM">טורקמניסטן</territory>
			<territory type="TN">טוניסיה</territory>
			<territory type="TO">טונגה</territory>
			<territory type="TR">טורקיה</territory>
			<territory type="TT">טרינידד וטובגו</territory>
			<territory type="TV">טובאלו</territory>
			<territory type="TW">טיוואן</territory>
			<territory type="TZ">טנזניה</territory>
			<territory type="UA">אוקראינה</territory>
			<territory type="UG">אוגנדה</territory>
			<territory type="UM">איים קטנים שלחוף ארצות הברית</territory>
			<territory type="US">ארצות הברית</territory>
			<territory type="UY">אורוגוואי</territory>
			<territory type="UZ">אוזבקיסטן</territory>
			<territory type="VA">הוותיקן</territory>
			<territory type="VC">סנט וינסנט והגרנדינים</territory>
			<territory type="VE">ונצואלה</territory>
			<territory type="VG">איי הבתולה הבריטיים</territory>
			<territory type="VI">איי הבתולה האמריקניים</territory>
			<territory type="VN">וייטנאם</territory>
			<territory type="VU">ואנואטו</territory>
			<territory type="WF">ואליס ופוטונה</territory>
			<territory type="WS">סמואה</territory>
			<territory type="YE">תימן</territory>
			<territory type="YT">מיוטה</territory>
			<territory type="YU">יוגוסלביה</territory>
			<territory type="ZA">דרום אפריקה</territory>
			<territory type="ZM">זמביה</territory>
			<territory type="ZW">זימבבווה</territory>
		</territories>
	</localeDisplayNames>
	<layout>
		<orientation lines="top-to-bottom" characters="right-to-left" />
	</layout>
	<characters>
		<exemplarCharacters>[[:Hebr:]‏‎]</exemplarCharacters>
	</characters>
	<dates>
		<localizedPatternChars>GanjkHmsSEDFwWxhKzAeugXZ</localizedPatternChars>
		<calendars>
			<calendar type="gregorian">
				<months>
					<monthContext type="format">
						<monthWidth type="abbreviated">
							<month type="1">ינו</month>
							<month type="2">פבר</month>
							<month type="3">מרץ</month>
							<month type="4">אפר</month>
							<month type="5">מאי</month>
							<month type="6">יונ</month>
							<month type="7">יול</month>
							<month type="8">אוג</month>
							<month type="9">ספט</month>
							<month type="10">אוק</month>
							<month type="11">נוב</month>
							<month type="12">דצמ</month>
						</monthWidth>
						<monthWidth type="wide">
							<month type="1">ינואר</month>
							<month type="2">פברואר</month>
							<month type="3">מרץ</month>
							<month type="4">אפריל</month>
							<month type="5">מאי</month>
							<month type="6">יוני</month>
							<month type="7">יולי</month>
							<month type="8">אוגוסט</month>
							<month type="9">ספטמבר</month>
							<month type="10">אוקטובר</month>
							<month type="11">נובמבר</month>
							<month type="12">דצמבר</month>
						</monthWidth>
					</monthContext>
				</months>
				<days>
					<dayContext type="format">
						<dayWidth type="abbreviated">
							<day type="sun">א</day>
							<day type="mon">ב</day>
							<day type="tue">ג</day>
							<day type="wed">ד</day>
							<day type="thu">ה</day>
							<day type="fri">ו</day>
							<day type="sat">ש</day>
						</dayWidth>
						<dayWidth type="wide">
							<day type="sun">יום ראשון</day>
							<day type="mon">יום שני</day>
							<day type="tue">יום שלישי</day>
							<day type="wed">יום רביעי</day>
							<day type="thu">יום חמישי</day>
							<day type="fri">יום שישי</day>
							<day type="sat">שבת</day>
						</dayWidth>
					</dayContext>
				</days>
				<eras>
					<eraAbbr>
						<era type="1">לפנה״ס</era>
						<era type="2">לסה״נ</era>
					</eraAbbr>
				</eras>
				<dateFormats>
					<default type="medium"/>
					<dateFormatLength type="full">
						<dateFormat >
							<pattern>EEEE d MMMM yyyy</pattern>
						</dateFormat>
					</dateFormatLength >
					<dateFormatLength type="long">
						<dateFormat >
							<pattern>d MMMM yyyy</pattern>
						</dateFormat>
					</dateFormatLength >
					<dateFormatLength type="medium">
						<dateFormat >
							<pattern>dd/MM/yyyy</pattern>
						</dateFormat>
					</dateFormatLength >
					<dateFormatLength type="short">
						<dateFormat >
							<pattern>dd/MM/yy</pattern>
						</dateFormat>
					</dateFormatLength >
				</dateFormats>
				<timeFormats>
					<default type="medium"/>
					<timeFormatLength type="full">
						<timeFormat >
							<pattern>HH:mm:ss z</pattern>
						</timeFormat>
					</timeFormatLength >
					<timeFormatLength type="long">
						<timeFormat >
							<pattern>HH:mm:ss z</pattern>
						</timeFormat>
					</timeFormatLength >
					<timeFormatLength type="medium">
						<timeFormat >
							<pattern>HH:mm:ss</pattern>
						</timeFormat>
					</timeFormatLength >
					<timeFormatLength type="short">
						<timeFormat >
							<pattern>HH:mm</pattern>
						</timeFormat>
					</timeFormatLength >
				</timeFormats>
				<dateTimeFormats>
					<dateTimeFormatLength >
						<dateTimeFormat>
							<pattern>{0} {1}</pattern>
						</dateTimeFormat>
					</dateTimeFormatLength >
				</dateTimeFormats>
			</calendar>
			<calendar type="hebrew">
				<months>
					<monthContext type="format">
						<monthWidth type="abbreviated">
							<month type="1">תשרי</month>
							<month type="2">חשון</month>
							<month type="3">כסלו</month>
							<month type="4">טבת</month>
							<month type="5">שבט</month>
							<month type="6">אדר ראשון</month>
							<month type="7">אדר שני</month>
							<month type="8">ניסן</month>
							<month type="9">אייר</month>
							<month type="10">סיון</month>
							<month type="11">תמוז</month>
							<month type="12">אב</month>
							<month type="13">אלול</month>
						</monthWidth>
						<monthWidth type="wide">
							<month type="1">תשרי</month>
							<month type="2">חשון</month>
							<month type="3">כסלו</month>
							<month type="4">טבת</month>
							<month type="5">שבט</month>
							<month type="6">אדר ראשון</month>
							<month type="7">אדר שני</month>
							<month type="8">ניסן</month>
							<month type="9">אייר</month>
							<month type="10">סיון</month>
							<month type="11">תמוז</month>
							<month type="12">אב</month>
							<month type="13">אלול</month>
						</monthWidth>
					</monthContext>
				</months>
				<eras>
					<eraAbbr>
						<era type="1">לבה"ע</era>
					</eraAbbr>
				</eras>
			</calendar>
			<calendar type="islamic">
				<months>
					<monthContext type="format">
						<monthWidth type="abbreviated">
							<month type="1">מוחרם</month>
							<month type="2">ספר</month>
							<month type="3">רביע אל-אוואל</month>
							<month type="4">רביע אל-תני</month>
							<month type="5">ג׳ומדה אל-אוואל</month>
							<month type="6">ג׳ומדה אל-תני</month>
							<month type="7">רג׳אב</month>
							<month type="8">שעבאן</month>
							<month type="9">ראמדן</month>
							<month type="10">שוואל</month>
							<month type="11">זו אל-QI'DAH</month>
							<month type="12">זו אל-חיג׳ה</month>
						</monthWidth>
						<monthWidth type="wide">
							<month type="1">מוחרם</month>
							<month type="2">ספר</month>
							<month type="3">רביע אל-אוואל</month>
							<month type="4">רביע אל-תני</month>
							<month type="5">ג׳ומדה אל-אוואל</month>
							<month type="6">ג׳ומדה אל-תני</month>
							<month type="7">רג׳אב</month>
							<month type="8">שעבאן</month>
							<month type="9">ראמדן</month>
							<month type="10">שוואל</month>
							<month type="11">זו אל-QI'DAH</month>
							<month type="12">זו אל-חיג׳ה</month>
						</monthWidth>
					</monthContext>
				</months>
				<eras>
					<eraAbbr>
						<era type="1">שנת היג׳רה</era>
					</eraAbbr>
				</eras>
			</calendar>
			<calendar type="islamic-civil">
				<months>
					<monthContext type="format">
						<monthWidth type="abbreviated">
							<month type="1">מוחרם</month>
							<month type="2">ספר</month>
							<month type="3">רביע אל-אוואל</month>
							<month type="4">רביע אל-תני</month>
							<month type="5">ג׳ומדה אל-אוואל</month>
							<month type="6">ג׳ומדה אל-תני</month>
							<month type="7">רג׳אב</month>
							<month type="8">שעבאן</month>
							<month type="9">ראמדן</month>
							<month type="10">שוואל</month>
							<month type="11">זו אל-QI'DAH</month>
							<month type="12">זו אל-חיג׳ה</month>
						</monthWidth>
						<monthWidth type="wide">
							<month type="1">מוחרם</month>
							<month type="2">ספר</month>
							<month type="3">רביע אל-אוואל</month>
							<month type="4">רביע אל-תני</month>
							<month type="5">ג׳ומדה אל-אוואל</month>
							<month type="6">ג׳ומדה אל-תני</month>
							<month type="7">רג׳אב</month>
							<month type="8">שעבאן</month>
							<month type="9">ראמדן</month>
							<month type="10">שוואל</month>
							<month type="11">זו אל-QI'DAH</month>
							<month type="12">זו אל-חיג׳ה</month>
						</monthWidth>
					</monthContext>
				</months>
				<eras>
					<eraAbbr>
						<era type="1">שנת היג׳רה</era>
					</eraAbbr>
				</eras>
			</calendar>
		</calendars>
	</dates>
	<numbers>
		<currencies>
			<currency type="ILS">
				<displayName>ש"ח</displayName>
				<symbol>₪</symbol>
			</currency>
		</currencies>
	</numbers>
</ldml>
