<?xml version="1.0" encoding="UTF-8" ?>
<!DOCTYPE ldml SYSTEM "http://www.unicode.org/cldr/dtd/1.1/ldml.dtd">
<ldml>
	<identity>
		<version number="1.1"/>
		<generation date="2004-06-04" />
		<language type="hr" /> 
	</identity>
	<localeDisplayNames>
		<languages>
			<language type="ar">arapski</language>
			<language type="bg">bugarski</language>
			<language type="cs">češki</language>
			<language type="da">danski</language>
			<language type="de">njemački</language>
			<language type="el">grčki</language>
			<language type="en">engleski</language>
			<language type="es">španjolski</language>
			<language type="et">estonijski</language>
			<language type="fi">finski</language>
			<language type="fr">francuski</language>
			<language type="he">hebrejski</language>
			<language type="hr">hrvatski</language>
			<language type="hu">mađarski</language>
			<language type="it">talijanski</language>
			<language type="ja">japanski</language>
			<language type="ko">korejski</language>
			<language type="lt">litvanski</language>
			<language type="lv">latvijski</language>
			<language type="nl">nizozemski</language>
			<language type="no">norveški</language>
			<language type="pl">poljski</language>
			<language type="pt">portugalski</language>
			<language type="ro">rumunjski</language>
			<language type="ru">ruski</language>
			<language type="sk">slovački</language>
			<language type="sl">slovenski</language>
			<language type="sv">švedski</language>
			<language type="tr">turski</language>
			<language type="zh">kineski</language>
		</languages>
		<territories>
			<territory type="AD">Andora</territory>
			<territory type="AE">Ujedinjeni Arapski Emirati</territory>
			<territory type="AF">Afganistan</territory>
			<territory type="AG">Antigua i Barbuda</territory>
			<territory type="AI">Anguila</territory>
			<territory type="AL">Albanija</territory>
			<territory type="AM">Armenija</territory>
			<territory type="AN">Nizozemski Antili</territory>
			<territory type="AO">Angola</territory>
			<territory type="AQ">Antarktik</territory>
			<territory type="AR">Argentina</territory>
			<territory type="AS">Američka Samoa</territory>
			<territory type="AT">Austrija</territory>
			<territory type="AU">Australija</territory>
			<territory type="AW">Aruba</territory>
			<territory type="AZ">Azerbajdžan</territory>
			<territory type="BA">Bosna i Hercegovina</territory>
			<territory type="BB">Barbados</territory>
			<territory type="BD">Bangladeš</territory>
			<territory type="BE">Belgija</territory>
			<territory type="BF">Burkina Faso</territory>
			<territory type="BG">Bugarska</territory>
			<territory type="BH">Bahrein</territory>
			<territory type="BI">Burundi</territory>
			<territory type="BJ">Benin</territory>
			<territory type="BM">Bermuda</territory>
			<territory type="BN">Brunei Darussalam</territory>
			<territory type="BO">Bolivija</territory>
			<territory type="BR">Brazil</territory>
			<territory type="BS">Bahami</territory>
			<territory type="BT">Butan</territory>
			<territory type="BV">Otok Bouvet</territory>
			<territory type="BW">Bocvana</territory>
			<territory type="BY">Bjelorusija</territory>
			<territory type="BZ">Belize</territory>
			<territory type="CA">Kanada</territory>
			<territory type="CC">Kokos (Keeling) Otoci</territory>
			<territory type="CD">Kongo, Demokratska Republika</territory>
			<territory type="CF">Srednjoafrička Republika</territory>
			<territory type="CG">Kongo</territory>
			<territory type="CH">Švicarska</territory>
			<territory type="CI">Obala Bjelokosti</territory>
			<territory type="CK">Kukovi Otoci</territory>
			<territory type="CL">Čile</territory>
			<territory type="CM">Kamerun</territory>
			<territory type="CN">Kina</territory>
			<territory type="CO">Kolumbija</territory>
			<territory type="CR">Kostarika</territory>
			<territory type="CU">Kuba</territory>
			<territory type="CV">Zeleni Rt</territory>
			<territory type="CX">Božićni Otoci</territory>
			<territory type="CY">Cipar</territory>
			<territory type="CZ">Češka Republika</territory>
			<territory type="DE">Njemačka</territory>
			<territory type="DJ">Džibuti</territory>
			<territory type="DK">Danska</territory>
			<territory type="DM">Dominika</territory>
			<territory type="DO">Dominikanska Republika</territory>
			<territory type="DZ">Alžir</territory>
			<territory type="EC">Ekvador</territory>
			<territory type="EE">Estonija</territory>
			<territory type="EG">Egipat</territory>
			<territory type="EH">Zapadna Sahara</territory>
			<territory type="ER">Eritreja</territory>
			<territory type="ES">Španjolska</territory>
			<territory type="ET">Etiopija</territory>
			<territory type="FI">Finska</territory>
			<territory type="FJ">Fidži</territory>
			<territory type="FK">Falklandski Otoci</territory>
			<territory type="FM">Mikronezija, Federalne Države</territory>
			<territory type="FO">Farski Otoci</territory>
			<territory type="FR">Francuska</territory>
			<territory type="Fallback">en</territory>
			<territory type="GA">Gabon</territory>
			<territory type="GB">Ujedinjena Kraljevina</territory>
			<territory type="GD">Grenada</territory>
			<territory type="GE">Gruzija</territory>
			<territory type="GF">Francuska Gvajana</territory>
			<territory type="GH">Gana</territory>
			<territory type="GI">Gibraltar</territory>
			<territory type="GL">Greenland</territory>
			<territory type="GM">Gambija</territory>
			<territory type="GN">Gvineja</territory>
			<territory type="GP">Guadeloupe</territory>
			<territory type="GQ">Ekvatorska Gvineja</territory>
			<territory type="GR">Grčka</territory>
			<territory type="GS">Južna Gruzija i Južni Sendvič Otoci</territory>
			<territory type="GT">Gvatemala</territory>
			<territory type="GU">Guam</territory>
			<territory type="GW">Gvineja Bisau</territory>
			<territory type="GY">Gvajana</territory>
			<territory type="HK">Hong Kong S.A.R. Kine</territory>
			<territory type="HM">Heard Otok i McDonald Otoci</territory>
			<territory type="HN">Honduras</territory>
			<territory type="HR">Hrvatska</territory>
			<territory type="HT">Haiti</territory>
			<territory type="HU">Mađarska</territory>
			<territory type="ID">Indonezija</territory>
			<territory type="IE">Irska</territory>
			<territory type="IL">Izrael</territory>
			<territory type="IN">Indija</territory>
			<territory type="IO">Britanski Teritorij Indijskog Oceana</territory>
			<territory type="IQ">Irak</territory>
			<territory type="IR">Iran, Islamska Republika</territory>
			<territory type="IS">Island</territory>
			<territory type="IT">Italija</territory>
			<territory type="JM">Jamajka</territory>
			<territory type="JO">Jordan</territory>
			<territory type="JP">Japan</territory>
			<territory type="KE">Kenija</territory>
			<territory type="KG">Kirgistan</territory>
			<territory type="KH">Kambodža</territory>
			<territory type="KI">Kiribati</territory>
			<territory type="KM">Komori</territory>
			<territory type="KN">Sveti Kristofor i Nevis</territory>
			<territory type="KP">Koreja, Sjeverna</territory>
			<territory type="KR">Koreja, Južna</territory>
			<territory type="KW">Kuvajt</territory>
			<territory type="KY">Kajmanski Otoci</territory>
			<territory type="KZ">Kazakstan</territory>
			<territory type="LA">Laoska Narodna Demokratska Republika</territory>
			<territory type="LB">Libanon</territory>
			<territory type="LC">Sveta Lucija</territory>
			<territory type="LI">Lihtenštajn</territory>
			<territory type="LK">Šri Lanka</territory>
			<territory type="LR">Liberija</territory>
			<territory type="LS">Lesoto</territory>
			<territory type="LT">Litva</territory>
			<territory type="LU">Luksemburg</territory>
			<territory type="LV">Latvija</territory>
			<territory type="LY">Libijska Arapska Džamahirija</territory>
			<territory type="MA">Maroko</territory>
			<territory type="MC">Monako</territory>
			<territory type="MD">Moldavija, Republika</territory>
			<territory type="MG">Madagaskar</territory>
			<territory type="MH">Maršalovi Otoci</territory>
			<territory type="MK">Makedonija, Republika</territory>
			<territory type="ML">Mali</territory>
			<territory type="MM">Mijanma</territory>
			<territory type="MN">Mongolija</territory>
			<territory type="MO">Makao S.A.R. Kine</territory>
			<territory type="MP">Sjeverni Marianski Otoci</territory>
			<territory type="MQ">Martinik</territory>
			<territory type="MR">Mauritanija</territory>
			<territory type="MS">Montserat</territory>
			<territory type="MT">Malta</territory>
			<territory type="MU">Mauricijus</territory>
			<territory type="MV">Maldivi</territory>
			<territory type="MW">Malavi</territory>
			<territory type="MX">Meksiko</territory>
			<territory type="MY">Malezija</territory>
			<territory type="MZ">Mozambik</territory>
			<territory type="NA">Namibija</territory>
			<territory type="NC">Nova Kaledonija</territory>
			<territory type="NE">Niger</territory>
			<territory type="NF">Norfolški Otoci</territory>
			<territory type="NG">Nigerija</territory>
			<territory type="NI">Nikaragva</territory>
			<territory type="NL">Nizozemska</territory>
			<territory type="NO">Norveška</territory>
			<territory type="NP">Nepal</territory>
			<territory type="NR">Nauru</territory>
			<territory type="NU">Niue</territory>
			<territory type="NZ">Novi Zeland</territory>
			<territory type="OM">Oman</territory>
			<territory type="PA">Panama</territory>
			<territory type="PE">Peru</territory>
			<territory type="PF">Francuska Polinezija</territory>
			<territory type="PG">Papua Nova Gvineja</territory>
			<territory type="PH">Filipini</territory>
			<territory type="PK">Pakistan</territory>
			<territory type="PL">Poljska</territory>
			<territory type="PM">Sveti Petar i Miguel</territory>
			<territory type="PN">Pitcairn</territory>
			<territory type="PR">Portoriko</territory>
			<territory type="PS">Palestinska Teritoija</territory>
			<territory type="PT">Portugal</territory>
			<territory type="PW">Palau</territory>
			<territory type="PY">Paragvaj</territory>
			<territory type="QA">Katar</territory>
			<territory type="RE">Reunion</territory>
			<territory type="RO">Rumunjska</territory>
			<territory type="RU">Ruska Federacija</territory>
			<territory type="RW">Ruanda</territory>
			<territory type="SA">Saudijska Arabija</territory>
			<territory type="SB">Salamunovi Otoci</territory>
			<territory type="SC">Sejšeli</territory>
			<territory type="SD">Sudan</territory>
			<territory type="SE">Švedska</territory>
			<territory type="SG">Singapur</territory>
			<territory type="SH">Sveta Helena</territory>
			<territory type="SI">Slovenija</territory>
			<territory type="SJ">Svalbard i Jan Mayen</territory>
			<territory type="SK">Slovačka</territory>
			<territory type="SL">Sijera Leone</territory>
			<territory type="SM">San Marino</territory>
			<territory type="SN">Senegal</territory>
			<territory type="SO">Somalija</territory>
			<territory type="SP">Serbia</territory>
			<territory type="SR">Surinam</territory>
			<territory type="ST">Sveti Toma i Prinsipe</territory>
			<territory type="SV">El Salvador</territory>
			<territory type="SY">Sirija</territory>
			<territory type="SZ">Svazi</territory>
			<territory type="TC">Turkski i Kaikos Otoci</territory>
			<territory type="TD">Čad</territory>
			<territory type="TF">Francuske Južne Teritorije</territory>
			<territory type="TG">Togo</territory>
			<territory type="TH">Tajland</territory>
			<territory type="TJ">Tadžikistan</territory>
			<territory type="TK">Tokelau</territory>
			<territory type="TL">Istočni Timor</territory>
			<territory type="TM">Turkmenistan</territory>
			<territory type="TN">Tunis</territory>
			<territory type="TO">Tonga</territory>
			<territory type="TR">Turska</territory>
			<territory type="TT">Trinidad i Tobago</territory>
			<territory type="TV">Tuvalu</territory>
			<territory type="TW">Tajvan, Kineska Pokrajina</territory>
			<territory type="TZ">Tanzanija</territory>
			<territory type="UA">Ukrajina</territory>
			<territory type="UG">Uganda</territory>
			<territory type="UM">Sjedinjene Države Manji Vanjski Otoci</territory>
			<territory type="US">Sjedinjene Države</territory>
			<territory type="UY">Urugvaj</territory>
			<territory type="UZ">Uzbekistan</territory>
			<territory type="VA">Sveta Stolica (Država Vatikanskog Grada)</territory>
			<territory type="VC">Sveti Vincent i Grenadini</territory>
			<territory type="VE">Venezuela</territory>
			<territory type="VG">Britanski Djevičanski Otoci</territory>
			<territory type="VI">U.S. Djevičanski Otoci</territory>
			<territory type="VN">Vijetnam</territory>
			<territory type="VU">Vanuatu</territory>
			<territory type="WF">Wallis i Futuna</territory>
			<territory type="WS">Samoa</territory>
			<territory type="YE">Jemen</territory>
			<territory type="YT">Majote</territory>
			<territory type="YU">Jugoslavija</territory>
			<territory type="ZA">Južna Afrika</territory>
			<territory type="ZM">Zambija</territory>
			<territory type="ZW">Zimbabve</territory>
		</territories>
	</localeDisplayNames>
	<characters>
		<exemplarCharacters>[a-p r-v z đ ć č ž š {lj} {nj} {dž}]</exemplarCharacters>
	</characters>
	<dates>
		<localizedPatternChars>GanjkHmsSEDFwWxhKzAeugXZ</localizedPatternChars>
		<calendars>
			<calendar type="gregorian">
				<months>
					<monthContext type="format">
						<monthWidth type="abbreviated">
							<month type="1">sij</month>
							<month type="2">vel</month>
							<month type="3">ožu</month>
							<month type="4">tra</month>
							<month type="5">svi</month>
							<month type="6">lip</month>
							<month type="7">srp</month>
							<month type="8">kol</month>
							<month type="9">ruj</month>
							<month type="10">lis</month>
							<month type="11">stu</month>
							<month type="12">pro</month>
						</monthWidth>
						<monthWidth type="narrow">
							<month type="1">s</month>
							<month type="2">v</month>
							<month type="3">o</month>
							<month type="4">t</month>
							<month type="5">s</month>
							<month type="6">l</month>
							<month type="7">s</month>
							<month type="8">k</month>
							<month type="9">r</month>
							<month type="10">l</month>
							<month type="11">s</month>
							<month type="12">p</month>
						</monthWidth>
						<monthWidth type="wide">
							<month type="1">siječnja</month>
							<month type="2">veljače</month>
							<month type="3">ožujka</month>
							<month type="4">travnja</month>
							<month type="5">svibnja</month>
							<month type="6">lipnja</month>
							<month type="7">srpnja</month>
							<month type="8">kolovoza</month>
							<month type="9">rujna</month>
							<month type="10">listopada</month>
							<month type="11">studenoga</month>
							<month type="12">prosinca</month>
						</monthWidth>
					</monthContext>
					<monthContext type="stand-alone">
						<monthWidth type="abbreviated">
							<month type="1">sij</month>
							<month type="2">vel</month>
							<month type="3">ožu</month>
							<month type="4">tra</month>
							<month type="5">svi</month>
							<month type="6">lip</month>
							<month type="7">srp</month>
							<month type="8">kol</month>
							<month type="9">ruj</month>
							<month type="10">lis</month>
							<month type="11">stu</month>
							<month type="12">pro</month>
						</monthWidth>
						<monthWidth type="narrow">
							<month type="1">s</month>
							<month type="2">v</month>
							<month type="3">o</month>
							<month type="4">t</month>
							<month type="5">s</month>
							<month type="6">l</month>
							<month type="7">s</month>
							<month type="8">k</month>
							<month type="9">r</month>
							<month type="10">l</month>
							<month type="11">s</month>
							<month type="12">p</month>
						</monthWidth>
						<monthWidth type="wide">
							<month type="1">siječanj</month>
							<month type="2">veljača</month>
							<month type="3">ožujak</month>
							<month type="4">travanj</month>
							<month type="5">svibanj</month>
							<month type="6">lipanj</month>
							<month type="7">srpanj</month>
							<month type="8">kolovoz</month>
							<month type="9">rujan</month>
							<month type="10">listopad</month>
							<month type="11">studeni</month>
							<month type="12">prosinac</month>
						</monthWidth>
					</monthContext>
				</months>
				<days>
					<dayContext type="format">
						<dayWidth type="abbreviated">
							<day type="sun">ned</day>
							<day type="mon">pon</day>
							<day type="tue">uto</day>
							<day type="wed">sri</day>
							<day type="thu">čet</day>
							<day type="fri">pet</day>
							<day type="sat">sub</day>
						</dayWidth>
						<dayWidth type="wide">
							<day type="sun">nedjelja</day>
							<day type="mon">ponedjeljak</day>
							<day type="tue">utorak</day>
							<day type="wed">srijeda</day>
							<day type="thu">četvrtak</day>
							<day type="fri">petak</day>
							<day type="sat">subota</day>
						</dayWidth>
					</dayContext>
				</days>
				<week>
					<minDays count="1"/>
					<firstDay day="mon"/>
				</week>
				<dateFormats>
					<default type="medium"/>
					<dateFormatLength type="full">
						<dateFormat >
							<pattern>yyyy. MMMM dd</pattern>
						</dateFormat>
					</dateFormatLength >
					<dateFormatLength type="long">
						<dateFormat >
							<pattern>yyyy. MMMM dd</pattern>
						</dateFormat>
					</dateFormatLength >
					<dateFormatLength type="medium">
						<dateFormat >
							<pattern>yyyy.MM.dd</pattern>
						</dateFormat>
					</dateFormatLength >
					<dateFormatLength type="short">
						<dateFormat >
							<pattern>yyyy.MM.dd</pattern>
						</dateFormat>
					</dateFormatLength >
				</dateFormats>
				<timeFormats>
					<default type="medium"/>
					<timeFormatLength type="full">
						<timeFormat >
							<pattern>HH:mm:ss z</pattern>
						</timeFormat>
					</timeFormatLength >
					<timeFormatLength type="long">
						<timeFormat >
							<pattern>HH:mm:ss z</pattern>
						</timeFormat>
					</timeFormatLength >
					<timeFormatLength type="medium">
						<timeFormat >
							<pattern>HH:mm:ss</pattern>
						</timeFormat>
					</timeFormatLength >
					<timeFormatLength type="short">
						<timeFormat >
							<pattern>HH:mm</pattern>
						</timeFormat>
					</timeFormatLength >
				</timeFormats>
				<dateTimeFormats>
					<dateTimeFormatLength >
						<dateTimeFormat>
							<pattern>{1} {0}</pattern>
						</dateTimeFormat>
					</dateTimeFormatLength >
				</dateTimeFormats>
			</calendar>
		</calendars>
	</dates>
	<numbers>
		<symbols>
			<decimal>,</decimal>
			<group>.</group>
			<list>;</list>
			<percentSign>%</percentSign>
			<nativeZeroDigit>0</nativeZeroDigit>
			<patternDigit>#</patternDigit>
			<plusSign>+</plusSign>
			<minusSign>-</minusSign>
			<exponential>E</exponential>
			<perMille>‰</perMille>
			<infinity>∞</infinity>
			<nan>�</nan>
		</symbols>
		<currencies>
			<currency type="HRK">
				<displayName>HRK</displayName>
				<symbol>Kn</symbol>
			</currency>
		</currencies>
	</numbers>
</ldml>
