<?xml version="1.0" encoding="UTF-8" ?>
<!DOCTYPE ldml SYSTEM "http://www.unicode.org/cldr/dtd/1.1/ldml.dtd">
<ldml>
	<identity>
		<version number="1.1"/>
		<generation date="2004-06-04" />
		<language type="hu" /> 
	</identity>
	<localeDisplayNames>
		<languages>
			<language type="aa">afar</language>
			<language type="ab">abház</language>
			<language type="af">afrikai</language>
			<language type="am">amhara</language>
			<language type="ar">arab</language>
			<language type="as">asszámi</language>
			<language type="ay">ajmara</language>
			<language type="az">azerbajdzsáni</language>
			<language type="ba">baskír</language>
			<language type="be">belorusz</language>
			<language type="bg">bolgár</language>
			<language type="bh">bihari</language>
			<language type="bi">bislama</language>
			<language type="bn">bengáli</language>
			<language type="bo">tibeti</language>
			<language type="br">breton</language>
			<language type="ca">katalán</language>
			<language type="co">korzikai</language>
			<language type="cs">cseh</language>
			<language type="cy">walesi</language>
			<language type="da">dán</language>
			<language type="de">német</language>
			<language type="dz">butáni</language>
			<language type="el">görög</language>
			<language type="en">angol</language>
			<language type="eo">eszperantó</language>
			<language type="es">spanyol</language>
			<language type="et">észt</language>
			<language type="eu">baszk</language>
			<language type="fa">perzsa</language>
			<language type="fi">finn</language>
			<language type="fj">fidzsi</language>
			<language type="fo">feröeri</language>
			<language type="fr">francia</language>
			<language type="fy">fríz</language>
			<language type="ga">ír</language>
			<language type="gd">skót (gael)</language>
			<language type="gl">galíciai</language>
			<language type="gn">guarani</language>
			<language type="gu">gudzsaráti</language>
			<language type="ha">hausza</language>
			<language type="he">héber</language>
			<language type="hi">hindi</language>
			<language type="hr">horvát</language>
			<language type="hu">magyar</language>
			<language type="hy">örmény</language>
			<language type="ia">interlingua</language>
			<language type="id">indonéz</language>
			<language type="ie">interlingue</language>
			<language type="ik">inupiak</language>
			<language type="is">izlandi</language>
			<language type="it">olasz</language>
			<language type="iu">inuktitut</language>
			<language type="ja">japán</language>
			<language type="jv">jávai</language>
			<language type="ka">grúz</language>
			<language type="kk">kazah</language>
			<language type="kl">grönlandi</language>
			<language type="km">kambodzsai</language>
			<language type="kn">kannada</language>
			<language type="ko">koreai</language>
			<language type="ks">kasmíri</language>
			<language type="ku">kurd</language>
			<language type="ky">kirgiz</language>
			<language type="la">latin</language>
			<language type="ln">lingala</language>
			<language type="lo">laoszi</language>
			<language type="lt">litván</language>
			<language type="lv">lett</language>
			<language type="mg">madagaszkári</language>
			<language type="mi">maori</language>
			<language type="mk">macedón</language>
			<language type="ml">malajalam</language>
			<language type="mn">mongol</language>
			<language type="mo">moldvai</language>
			<language type="mr">marati</language>
			<language type="ms">maláj</language>
			<language type="mt">máltai</language>
			<language type="my">burmai</language>
			<language type="na">naurui</language>
			<language type="ne">nepáli</language>
			<language type="nl">holland</language>
			<language type="no">norvég</language>
			<language type="oc">okszitán</language>
			<language type="om">oromói</language>
			<language type="or">orija</language>
			<language type="pa">pandzsábi</language>
			<language type="pl">lengyel</language>
			<language type="ps">pastu (afgán)</language>
			<language type="pt">portugál</language>
			<language type="qu">kecsua</language>
			<language type="rm">rétoromán</language>
			<language type="rn">kirundi</language>
			<language type="ro">román</language>
			<language type="ru">orosz</language>
			<language type="rw">kiruanda</language>
			<language type="sa">szanszkrit</language>
			<language type="sd">szindi</language>
			<language type="sg">sango</language>
			<language type="sh">szerb-horvát</language>
			<language type="si">szingaléz</language>
			<language type="sk">szlovák</language>
			<language type="sl">szlovén</language>
			<language type="sm">szamoai</language>
			<language type="sn">sona</language>
			<language type="so">szomáli</language>
			<language type="sq">albán</language>
			<language type="sr">szerb</language>
			<language type="ss">sziszuati</language>
			<language type="st">szeszotó</language>
			<language type="su">szundanéz</language>
			<language type="sv">svéd</language>
			<language type="sw">szuahéli</language>
			<language type="ta">tamil</language>
			<language type="te">telugu</language>
			<language type="tg">tadzsik</language>
			<language type="th">thai</language>
			<language type="ti">tigrinya</language>
			<language type="tk">türkmén</language>
			<language type="tl">tagalog</language>
			<language type="tn">szecsuáni</language>
			<language type="to">tonga</language>
			<language type="tr">török</language>
			<language type="ts">conga</language>
			<language type="tt">tatár</language>
			<language type="tw">tui</language>
			<language type="ug">ujgur</language>
			<language type="uk">ukrán</language>
			<language type="ur">urdu</language>
			<language type="uz">üzbég</language>
			<language type="vi">vietnámi</language>
			<language type="vo">volapük</language>
			<language type="wo">volof</language>
			<language type="xh">hosza</language>
			<language type="yi">zsidó</language>
			<language type="yo">joruba</language>
			<language type="za">zsuang</language>
			<language type="zh">kínai</language>
			<language type="zu">zulu</language>
		</languages>
		<territories>
			<territory type="AD">Andorra</territory>
			<territory type="AE">Egyesült Arab Emirátus</territory>
			<territory type="AF">Afganisztán</territory>
			<territory type="AG">Antigua és Barbuda</territory>
			<territory type="AI">Anguilla</territory>
			<territory type="AL">Albánia</territory>
			<territory type="AM">Örményország</territory>
			<territory type="AN">Holland Antillák</territory>
			<territory type="AO">Angola</territory>
			<territory type="AQ">Antarktisz</territory>
			<territory type="AR">Argentína</territory>
			<territory type="AS">Amerikai Szamoa</territory>
			<territory type="AT">Ausztria</territory>
			<territory type="AU">Ausztrália</territory>
			<territory type="AW">Aruba</territory>
			<territory type="AZ">Azerbajdzsán</territory>
			<territory type="BA">Bosznia-Hercegovina</territory>
			<territory type="BB">Barbados</territory>
			<territory type="BD">Banglades</territory>
			<territory type="BE">Belgium</territory>
			<territory type="BF">Burkina Faso</territory>
			<territory type="BG">Bulgária</territory>
			<territory type="BH">Bahrain</territory>
			<territory type="BI">Burundi</territory>
			<territory type="BJ">Benin</territory>
			<territory type="BM">Bermuda</territory>
			<territory type="BN">Brunei Darussalam</territory>
			<territory type="BO">Bolívia</territory>
			<territory type="BR">Brazília</territory>
			<territory type="BS">Bahamák</territory>
			<territory type="BT">Bhután</territory>
			<territory type="BV">Bouvet-sziget</territory>
			<territory type="BW">Botswana</territory>
			<territory type="BY">Fehéroroszország</territory>
			<territory type="BZ">Beliz</territory>
			<territory type="CA">Kanada</territory>
			<territory type="CC">Kókusz (Keeling)-szigetek</territory>
			<territory type="CD">Kongó, Demokratikus köztársaság</territory>
			<territory type="CF">Közép-afrikai Köztársaság</territory>
			<territory type="CG">Kongó</territory>
			<territory type="CH">Svájc</territory>
			<territory type="CI">Elefántcsontpart</territory>
			<territory type="CK">Cook-szigetek</territory>
			<territory type="CL">Chile</territory>
			<territory type="CM">Kamerun</territory>
			<territory type="CN">Kína</territory>
			<territory type="CO">Kolumbia</territory>
			<territory type="CR">Costa Rica</territory>
			<territory type="CU">Kuba</territory>
			<territory type="CV">Zöld-foki Köztársaság</territory>
			<territory type="CX">Karácsony-szigetek</territory>
			<territory type="CY">Ciprus</territory>
			<territory type="CZ">Cseh Köztársaság</territory>
			<territory type="DE">Németország</territory>
			<territory type="DJ">Dzsibuti</territory>
			<territory type="DK">Dánia</territory>
			<territory type="DM">Dominika</territory>
			<territory type="DO">Dominikai Köztársaság</territory>
			<territory type="DZ">Algéria</territory>
			<territory type="EC">Ecuador</territory>
			<territory type="EE">Észtország</territory>
			<territory type="EG">Egyiptom</territory>
			<territory type="EH">Nyugat Szahara</territory>
			<territory type="ER">Eritrea</territory>
			<territory type="ES">Spanyolország</territory>
			<territory type="ET">Etiópia</territory>
			<territory type="FI">Finnország</territory>
			<territory type="FJ">Fidzsi</territory>
			<territory type="FK">Falkland-szigetek</territory>
			<territory type="FM">Mikronézia, Szövetségi Államok</territory>
			<territory type="FO">Feröer-szigetek</territory>
			<territory type="FR">Franciaország</territory>
			<territory type="Fallback">en</territory>
			<territory type="GA">Gabon</territory>
			<territory type="GB">Egyesült Királyság</territory>
			<territory type="GD">Grenada</territory>
			<territory type="GE">Grúzia</territory>
			<territory type="GF">Francia Guyana</territory>
			<territory type="GH">Ghana</territory>
			<territory type="GI">Gibraltár</territory>
			<territory type="GL">Grönland</territory>
			<territory type="GM">Gambia</territory>
			<territory type="GN">Guinea</territory>
			<territory type="GP">Guadeloupe</territory>
			<territory type="GQ">Egyenlítďi Guinea</territory>
			<territory type="GR">Görögország</territory>
			<territory type="GS">Dél-Georgia és Dél-Sandwich Szigetek</territory>
			<territory type="GT">Guatemala</territory>
			<territory type="GU">Guam</territory>
			<territory type="GW">Guinea-Bissau</territory>
			<territory type="GY">Guyana</territory>
			<territory type="HK">Hong Kong S.A.R., China</territory>
			<territory type="HM">Heard és McDonald Szigetek</territory>
			<territory type="HN">Honduras</territory>
			<territory type="HR">Horvátország</territory>
			<territory type="HT">Haiti</territory>
			<territory type="HU">Magyarország</territory>
			<territory type="ID">Indonézia</territory>
			<territory type="IE">Írország</territory>
			<territory type="IL">Izrael</territory>
			<territory type="IN">India</territory>
			<territory type="IO">Brit Indiai Oceán</territory>
			<territory type="IQ">Irak</territory>
			<territory type="IR">Irán</territory>
			<territory type="IS">Izland</territory>
			<territory type="IT">Olaszország</territory>
			<territory type="JM">Jamaica</territory>
			<territory type="JO">Jordánia</territory>
			<territory type="JP">Japán</territory>
			<territory type="KE">Kenya</territory>
			<territory type="KG">Kirgizisztán</territory>
			<territory type="KH">Kambodzsa</territory>
			<territory type="KI">Kiribati</territory>
			<territory type="KM">Comore-szigetek</territory>
			<territory type="KN">Saint Kitts és Nevis</territory>
			<territory type="KP">Korea, Észak</territory>
			<territory type="KR">Korea, Dél</territory>
			<territory type="KW">Kuwait</territory>
			<territory type="KY">Kajmán-szigetek</territory>
			<territory type="KZ">Kazahsztán</territory>
			<territory type="LA">Laoszi Népi Demokratikus Köztársaság</territory>
			<territory type="LB">Libanon</territory>
			<territory type="LC">Saint Lucia</territory>
			<territory type="LI">Liechtenstein</territory>
			<territory type="LK">Sri Lanka</territory>
			<territory type="LR">Libéria</territory>
			<territory type="LS">Lesotho</territory>
			<territory type="LT">Litvánia</territory>
			<territory type="LU">Luxemburg</territory>
			<territory type="LV">Lettország</territory>
			<territory type="LY">Líbiai Arab Jamahiriya</territory>
			<territory type="MA">Marokkó</territory>
			<territory type="MC">Monaco</territory>
			<territory type="MD">Moldáv Köztársaság</territory>
			<territory type="MG">Madagaszkár</territory>
			<territory type="MH">Marshall-szigetek</territory>
			<territory type="MK">Macedónia, Köztársaság</territory>
			<territory type="ML">Mali</territory>
			<territory type="MM">Mianmar</territory>
			<territory type="MN">Mongólia</territory>
			<territory type="MO">Macao S.A.R., China</territory>
			<territory type="MP">Északi Mariana-szigetek</territory>
			<territory type="MQ">Martinique (francia)</territory>
			<territory type="MR">Mauritánia</territory>
			<territory type="MS">Montserrat</territory>
			<territory type="MT">Málta</territory>
			<territory type="MU">Mauritius</territory>
			<territory type="MV">Maldív-szigetek</territory>
			<territory type="MW">Malawi</territory>
			<territory type="MX">Mexikó</territory>
			<territory type="MY">Malajzia</territory>
			<territory type="MZ">Mozambik</territory>
			<territory type="NA">Namíbia</territory>
			<territory type="NC">Új Kaledónia (francia)</territory>
			<territory type="NE">Niger</territory>
			<territory type="NF">Norfolk-sziget</territory>
			<territory type="NG">Nigéria</territory>
			<territory type="NI">Nicaragua</territory>
			<territory type="NL">Hollandia</territory>
			<territory type="NO">Norvégia</territory>
			<territory type="NP">Nepál</territory>
			<territory type="NR">Nauru</territory>
			<territory type="NU">Niue</territory>
			<territory type="NZ">Új-Zéland</territory>
			<territory type="OM">Omán</territory>
			<territory type="PA">Panama</territory>
			<territory type="PE">Peru</territory>
			<territory type="PF">Polinézia (francia)</territory>
			<territory type="PG">Pápua Új-Guinea</territory>
			<territory type="PH">Fülöp-szigetek</territory>
			<territory type="PK">Pakisztán</territory>
			<territory type="PL">Lengyelország</territory>
			<territory type="PM">Saint Pierre és Miquelon</territory>
			<territory type="PN">Pitcairn-sziget</territory>
			<territory type="PR">Puerto Rico</territory>
			<territory type="PS">Palesztín Terület</territory>
			<territory type="PT">Portugália</territory>
			<territory type="PW">Palau</territory>
			<territory type="PY">Paraguay</territory>
			<territory type="QA">Katar</territory>
			<territory type="RE">Reunion (francia)</territory>
			<territory type="RO">Románia</territory>
			<territory type="RU">Orosz Köztársaság</territory>
			<territory type="RW">Ruanda</territory>
			<territory type="SA">Szaud-Arábia</territory>
			<territory type="SB">Salamon-szigetek</territory>
			<territory type="SC">Seychelles</territory>
			<territory type="SD">Szudán</territory>
			<territory type="SE">Svédország</territory>
			<territory type="SG">Szingapúr</territory>
			<territory type="SH">Saint Helena</territory>
			<territory type="SI">Szlovénia</territory>
			<territory type="SJ">Svalbard és Jan Mayen</territory>
			<territory type="SK">Szlovákia</territory>
			<territory type="SL">Sierra Leone</territory>
			<territory type="SM">San Marino</territory>
			<territory type="SN">Szenegál</territory>
			<territory type="SO">Szomália</territory>
			<territory type="SP">Serbia</territory>
			<territory type="SR">Suriname</territory>
			<territory type="ST">Saint Tome és Principe</territory>
			<territory type="SV">El Salvador</territory>
			<territory type="SY">Szíriai Arab Köztársaság</territory>
			<territory type="SZ">Szváziföld</territory>
			<territory type="TC">Török és Caicos Szigetek</territory>
			<territory type="TD">Csád</territory>
			<territory type="TF">Francia Déli Területek</territory>
			<territory type="TG">Togo</territory>
			<territory type="TH">Thaiföld</territory>
			<territory type="TJ">Tadzsikisztán</territory>
			<territory type="TK">Tokelau</territory>
			<territory type="TL">Kelet-Timor</territory>
			<territory type="TM">Türkmenisztán</territory>
			<territory type="TN">Tunézia</territory>
			<territory type="TO">Tonga</territory>
			<territory type="TR">Törökország</territory>
			<territory type="TT">Trinidad és Tobago</territory>
			<territory type="TV">Tuvalu</territory>
			<territory type="TW">Taiwan</territory>
			<territory type="TZ">Tanzánia</territory>
			<territory type="UA">Ukrajna</territory>
			<territory type="UG">Uganda</territory>
			<territory type="UM">United States Minor Outlying Islands</territory>
			<territory type="US">Egyesült Államok</territory>
			<territory type="UY">Uruguay</territory>
			<territory type="UZ">Üzbegisztán</territory>
			<territory type="VA">Vatikán</territory>
			<territory type="VC">Saint Vincent és Grenadines</territory>
			<territory type="VE">Venezuela</territory>
			<territory type="VG">Brit Virgin-szigetek</territory>
			<territory type="VI">U.S. Virgin-szigetek</territory>
			<territory type="VN">Vietnám</territory>
			<territory type="VU">Vanuatu</territory>
			<territory type="WF">Wallis és Futuna Szigetek</territory>
			<territory type="WS">Szamoa</territory>
			<territory type="YE">Jemen</territory>
			<territory type="YT">Mayotte</territory>
			<territory type="YU">Jugoszlávia</territory>
			<territory type="ZA">Dél-Afrika</territory>
			<territory type="ZM">Zambia</territory>
			<territory type="ZW">Zimbabwe</territory>
		</territories>
	</localeDisplayNames>
	<characters>
		<exemplarCharacters>[a-z á é í ó ú ö ü ő ű {cs} {dz} {dzs} {gy} {ly} {ny} {sz} {ty} {zs} {ccs} {ddz} {ddzs} {ggy} {lly} {nny} {ssz} {tty} {zzs}]</exemplarCharacters>
	</characters>
	<dates>
		<localizedPatternChars>GanjkHmsSEDFwWxhKzAeugXZ</localizedPatternChars>
		<calendars>
			<calendar type="buddhist">
				<eras>
					<eraAbbr>
						<era type="1">BK</era>
					</eraAbbr>
				</eras>
			</calendar>
			<calendar type="gregorian">
				<months>
					<monthContext type="format">
						<monthWidth type="abbreviated">
							<month type="1">jan.</month>
							<month type="2">febr.</month>
							<month type="3">márc.</month>
							<month type="4">ápr.</month>
							<month type="5">máj.</month>
							<month type="6">jún.</month>
							<month type="7">júl.</month>
							<month type="8">aug.</month>
							<month type="9">szept.</month>
							<month type="10">okt.</month>
							<month type="11">nov.</month>
							<month type="12">dec.</month>
						</monthWidth>
						<monthWidth type="wide">
							<month type="1">január</month>
							<month type="2">február</month>
							<month type="3">március</month>
							<month type="4">április</month>
							<month type="5">május</month>
							<month type="6">június</month>
							<month type="7">július</month>
							<month type="8">augusztus</month>
							<month type="9">szeptember</month>
							<month type="10">október</month>
							<month type="11">november</month>
							<month type="12">december</month>
						</monthWidth>
					</monthContext>
				</months>
				<days>
					<dayContext type="format">
						<dayWidth type="abbreviated">
							<day type="sun">V</day>
							<day type="mon">H</day>
							<day type="tue">K</day>
							<day type="wed">Sze</day>
							<day type="thu">Cs</day>
							<day type="fri">P</day>
							<day type="sat">Szo</day>
						</dayWidth>
						<dayWidth type="wide">
							<day type="sun">vasárnap</day>
							<day type="mon">hétfő</day>
							<day type="tue">kedd</day>
							<day type="wed">szerda</day>
							<day type="thu">csütörtök</day>
							<day type="fri">péntek</day>
							<day type="sat">szombat</day>
						</dayWidth>
					</dayContext>
				</days>
				<week>
					<minDays count="1"/>
					<firstDay day="mon"/>
				</week>
				<am>DE</am>
				<pm>DU</pm>
				<eras>
					<eraAbbr>
						<era type="1">i.e.</era>
						<era type="2">i.u.</era>
					</eraAbbr>
				</eras>
				<dateFormats>
					<default type="medium"/>
					<dateFormatLength type="full">
						<dateFormat >
							<pattern>yyyy. MMMM d.</pattern>
						</dateFormat>
					</dateFormatLength >
					<dateFormatLength type="long">
						<dateFormat >
							<pattern>yyyy. MMMM d.</pattern>
						</dateFormat>
					</dateFormatLength >
					<dateFormatLength type="medium">
						<dateFormat >
							<pattern>yyyy.MM.dd.</pattern>
						</dateFormat>
					</dateFormatLength >
					<dateFormatLength type="short">
						<dateFormat >
							<pattern>yyyy.MM.dd.</pattern>
						</dateFormat>
					</dateFormatLength >
				</dateFormats>
				<timeFormats>
					<default type="medium"/>
					<timeFormatLength type="full">
						<timeFormat >
							<pattern>H:mm:ss z</pattern>
						</timeFormat>
					</timeFormatLength >
					<timeFormatLength type="long">
						<timeFormat >
							<pattern>H:mm:ss z</pattern>
						</timeFormat>
					</timeFormatLength >
					<timeFormatLength type="medium">
						<timeFormat >
							<pattern>H:mm:ss</pattern>
						</timeFormat>
					</timeFormatLength >
					<timeFormatLength type="short">
						<timeFormat >
							<pattern>H:mm</pattern>
						</timeFormat>
					</timeFormatLength >
				</timeFormats>
				<dateTimeFormats>
					<dateTimeFormatLength >
						<dateTimeFormat>
							<pattern>{1} {0}</pattern>
						</dateTimeFormat>
					</dateTimeFormatLength >
				</dateTimeFormats>
			</calendar>
			<calendar type="hebrew">
				<months>
					<monthContext type="format">
						<monthWidth type="abbreviated">
							<month type="1">Tisri</month>
							<month type="2">Hesván</month>
							<month type="3">Kiszlév</month>
							<month type="4">Tévész</month>
							<month type="5">Svát</month>
							<month type="6">Ádár risón</month>
							<month type="7">Ádár séni</month>
							<month type="8">Niszán</month>
							<month type="9">Ijár</month>
							<month type="10">Sziván</month>
							<month type="11">Tamuz</month>
							<month type="12">Áv</month>
							<month type="13">Elul</month>
						</monthWidth>
						<monthWidth type="wide">
							<month type="1">Tisri</month>
							<month type="2">Hesván</month>
							<month type="3">Kiszlév</month>
							<month type="4">Tévész</month>
							<month type="5">Svát</month>
							<month type="6">Ádár risón</month>
							<month type="7">Ádár séni</month>
							<month type="8">Niszán</month>
							<month type="9">Ijár</month>
							<month type="10">Sziván</month>
							<month type="11">Tamuz</month>
							<month type="12">Áv</month>
							<month type="13">Elul</month>
						</monthWidth>
					</monthContext>
				</months>
				<eras>
					<eraAbbr>
						<era type="1">TÉ</era>
					</eraAbbr>
				</eras>
			</calendar>
			<calendar type="islamic">
				<months>
					<monthContext type="format">
						<monthWidth type="abbreviated">
							<month type="1">Moharrem</month>
							<month type="2">Safar</month>
							<month type="3">Rébi el avvel</month>
							<month type="4">Rébi el accher</month>
							<month type="5">Dsemádi el avvel</month>
							<month type="6">Dsemádi el accher</month>
							<month type="7">Redseb</month>
							<month type="8">Sabán</month>
							<month type="9">Ramadán</month>
							<month type="10">Sevvál</month>
							<month type="11">Dsül kade</month>
							<month type="12">Dsül hedse</month>
						</monthWidth>
						<monthWidth type="wide">
							<month type="1">Moharrem</month>
							<month type="2">Safar</month>
							<month type="3">Rébi el avvel</month>
							<month type="4">Rébi el accher</month>
							<month type="5">Dsemádi el avvel</month>
							<month type="6">Dsemádi el accher</month>
							<month type="7">Redseb</month>
							<month type="8">Sabán</month>
							<month type="9">Ramadán</month>
							<month type="10">Sevvál</month>
							<month type="11">Dsül kade</month>
							<month type="12">Dsül hedse</month>
						</monthWidth>
					</monthContext>
				</months>
				<eras>
					<eraAbbr>
						<era type="1">MF</era>
					</eraAbbr>
				</eras>
			</calendar>
			<calendar type="islamic-civil">
				<months>
					<monthContext type="format">
						<monthWidth type="abbreviated">
							<month type="1">Moharrem</month>
							<month type="2">Safar</month>
							<month type="3">Rébi el avvel</month>
							<month type="4">Rébi el accher</month>
							<month type="5">Dsemádi el avvel</month>
							<month type="6">Dsemádi el accher</month>
							<month type="7">Redseb</month>
							<month type="8">Sabán</month>
							<month type="9">Ramadán</month>
							<month type="10">Sevvál</month>
							<month type="11">Dsül kade</month>
							<month type="12">Dsül hedse</month>
						</monthWidth>
						<monthWidth type="wide">
							<month type="1">Moharrem</month>
							<month type="2">Safar</month>
							<month type="3">Rébi el avvel</month>
							<month type="4">Rébi el accher</month>
							<month type="5">Dsemádi el avvel</month>
							<month type="6">Dsemádi el accher</month>
							<month type="7">Redseb</month>
							<month type="8">Sabán</month>
							<month type="9">Ramadán</month>
							<month type="10">Sevvál</month>
							<month type="11">Dsül kade</month>
							<month type="12">Dsül hedse</month>
						</monthWidth>
					</monthContext>
				</months>
				<eras>
					<eraAbbr>
						<era type="1">MF</era>
					</eraAbbr>
				</eras>
			</calendar>
		</calendars>
	</dates>
	<numbers>
		<symbols>
			<decimal>,</decimal>
			<group> </group>
			<list>;</list>
			<percentSign>%</percentSign>
			<nativeZeroDigit>0</nativeZeroDigit>
			<patternDigit>#</patternDigit>
			<plusSign>+</plusSign>
			<minusSign>-</minusSign>
			<exponential>E</exponential>
			<perMille>‰</perMille>
			<infinity>∞</infinity>
			<nan>�</nan>
		</symbols>
		<currencies>
			<currency type="HUF">
				<displayName>HUF</displayName>
				<symbol>Ft</symbol>
			</currency>
		</currencies>
	</numbers>
</ldml>
