<?xml version="1.0" encoding="UTF-8" ?>
<!DOCTYPE ldml SYSTEM "http://www.unicode.org/cldr/dtd/1.1/ldml.dtd">
<ldml>
	<identity>
		<version number="1.1"/>
		<generation date="2004-06-04" />
		<language type="is" /> 
	</identity>
	<localeDisplayNames>
		<languages>
			<language type="is">íslenska</language>
		</languages>
		<territories>
			<territory type="AE">Sameinte arabísku fyrstadæmin</territory>
			<territory type="AF">Afganistan</territory>
			<territory type="AG">Antigua og Barbuda</territory>
			<territory type="AL">Albanía</territory>
			<territory type="AM">Armenía</territory>
			<territory type="AO">Angóla</territory>
			<territory type="AR">Argentína</territory>
			<territory type="AT">Austurríki</territory>
			<territory type="AU">Ástralía</territory>
			<territory type="BA">Bosnía-Hersegovína</territory>
			<territory type="BB">Belgía</territory>
			<territory type="BG">Búlgaría</territory>
			<territory type="BI">Búrúndí</territory>
			<territory type="BO">Bólivía</territory>
			<territory type="BR">Brasilía</territory>
			<territory type="BS">Bahama eyjar</territory>
			<territory type="BT">Bhútan</territory>
			<territory type="BY">Hvíta Rússland</territory>
			<territory type="CA">Kanada</territory>
			<territory type="CF">Mið-Afríku lyðveldið</territory>
			<territory type="CG">Kongó</territory>
			<territory type="CH">Sviss</territory>
			<territory type="CI">Fílabeinsströndin</territory>
			<territory type="CM">Kamerún</territory>
			<territory type="CN">Kína</territory>
			<territory type="CO">Kólumbía</territory>
			<territory type="CR">Kostaríka</territory>
			<territory type="CU">Kúba</territory>
			<territory type="CV">Grænhöfðaeyjar</territory>
			<territory type="CY">Kýpur</territory>
			<territory type="CZ">Tékkland</territory>
			<territory type="DE">Þýskaland</territory>
			<territory type="DK">Danmörk</territory>
			<territory type="DO">Dóminíska lýðveldið</territory>
			<territory type="DZ">Alsír</territory>
			<territory type="EC">Ekvador</territory>
			<territory type="EE">Eistland</territory>
			<territory type="EG">Egyptaland</territory>
			<territory type="EH">Vestur-Sahara</territory>
			<territory type="ER">Erítrea</territory>
			<territory type="ES">Spánn</territory>
			<territory type="ET">Eþíópía</territory>
			<territory type="FI">Finnland</territory>
			<territory type="FM">Mikrónesía</territory>
			<territory type="FR">Frakkland</territory>
			<territory type="GB">Stóra Bretland</territory>
			<territory type="GE">Georgía</territory>
			<territory type="GH">Gana</territory>
			<territory type="GN">Gínea</territory>
			<territory type="GQ">Miðbaugs Gínea</territory>
			<territory type="GR">Grikkland</territory>
			<territory type="GT">Gvatemala</territory>
			<territory type="GW">Gínea-Bissau</territory>
			<territory type="HN">Hondúras</territory>
			<territory type="HR">Króatía</territory>
			<territory type="HT">Haítí</territory>
			<territory type="HU">Ungverjaland</territory>
			<territory type="ID">Indónesía</territory>
			<territory type="IE">Írland</territory>
			<territory type="IL">Ísrael</territory>
			<territory type="IN">Indland</territory>
			<territory type="IQ">Írak</territory>
			<territory type="IR">Íran</territory>
			<territory type="IS">Ísland</territory>
			<territory type="IT">Ítalía</territory>
			<territory type="JM">Jamaíka</territory>
			<territory type="JO">Jórdanía</territory>
			<territory type="KE">Kenýa</territory>
			<territory type="KG">Kirgisistan</territory>
			<territory type="KH">Kambódía</territory>
			<territory type="KI">Kiribatí</territory>
			<territory type="KM">Comoro eyjar</territory>
			<territory type="KN">Saint Kitts og Nevis</territory>
			<territory type="KP">Norður-Kórea</territory>
			<territory type="KR">Suður-Kórea</territory>
			<territory type="KW">Kúveit</territory>
			<territory type="KZ">Kasakstan</territory>
			<territory type="LB">Líbanon</territory>
			<territory type="LC">Saint Lúsia</territory>
			<territory type="LR">Líbería</territory>
			<territory type="LS">Lesótó</territory>
			<territory type="LT">Litháen</territory>
			<territory type="LU">Lúxemborg</territory>
			<territory type="LV">Lettland</territory>
			<territory type="LY">Lýbía</territory>
			<territory type="MA">Marokkó</territory>
			<territory type="MC">Mónacó</territory>
			<territory type="MD">Moldovía</territory>
			<territory type="MG">Madagaskar</territory>
			<territory type="MH">Marshalleyjar</territory>
			<territory type="MK">Makedónía</territory>
			<territory type="MN">Mongólía</territory>
			<territory type="MR">Máritanía</territory>
			<territory type="MU">Máritíus</territory>
			<territory type="MV">Maldíveyjar</territory>
			<territory type="MX">Mexíkó</territory>
			<territory type="MY">Malasía</territory>
			<territory type="MZ">Mósambík</territory>
			<territory type="NA">Namibía</territory>
			<territory type="NE">Níger</territory>
			<territory type="NG">Nígería</territory>
			<territory type="NI">Níkaragúa</territory>
			<territory type="NL">Niðurlönd</territory>
			<territory type="NO">Noregur</territory>
			<territory type="NZ">Nýja-Sjáland</territory>
			<territory type="OM">Óman</territory>
			<territory type="PE">Perú</territory>
			<territory type="PG">Papúa Nýja Gínea</territory>
			<territory type="PH">Filipseyjar</territory>
			<territory type="PL">Pólland</territory>
			<territory type="PT">Portúgal</territory>
			<territory type="PW">Palaueyjar</territory>
			<territory type="PY">Paragvæ</territory>
			<territory type="QA">Katar</territory>
			<territory type="RO">Rúmenía</territory>
			<territory type="RU">Rússland</territory>
			<territory type="RW">Rúanda</territory>
			<territory type="SA">Sádi Arabía</territory>
			<territory type="SB">Salómons eyjar</territory>
			<territory type="SC">Seychelle eyjar</territory>
			<territory type="SD">Súdan</territory>
			<territory type="SE">Svíþjoð</territory>
			<territory type="SI">Slóvenía</territory>
			<territory type="SK">Slóvakía</territory>
			<territory type="SO">Sómalía</territory>
			<territory type="SP">Serbía</territory>
			<territory type="SR">Súrinam</territory>
			<territory type="ST">Sao Tome og Prinsípe</territory>
			<territory type="SY">Sýrland</territory>
			<territory type="SZ">Svasiland</territory>
			<territory type="TH">Tæland</territory>
			<territory type="TJ">Tadjikistan</territory>
			<territory type="TM">Túrkmenistan</territory>
			<territory type="TN">Túnis</territory>
			<territory type="TR">Tyrkland</territory>
			<territory type="TT">Trinidad og Tobago</territory>
			<territory type="TV">Túvalú</territory>
			<territory type="TW">Tævan</territory>
			<territory type="TZ">Tansanía</territory>
			<territory type="UA">Úkraína</territory>
			<territory type="UG">Úganda</territory>
			<territory type="US">Bandaríki Norður-Ameríku</territory>
			<territory type="UY">Úrúgvæ</territory>
			<territory type="UZ">Úsbekistan</territory>
			<territory type="VA">Vatíkanið</territory>
			<territory type="VC">Saint Vinsent og Grenadíneyjar</territory>
			<territory type="VE">Venesúela</territory>
			<territory type="WS">Samóa</territory>
			<territory type="YE">Jemen</territory>
			<territory type="ZA">Suður-Afríka</territory>
		</territories>
	</localeDisplayNames>
	<characters>
		<exemplarCharacters>[a-záéíóúýöæðþ]</exemplarCharacters>
	</characters>
	<dates>
		<calendars>
			<calendar type="gregorian">
				<months>
					<monthContext type="format">
						<monthWidth type="abbreviated">
							<month type="1">jan</month>
							<month type="2">feb</month>
							<month type="3">mar</month>
							<month type="4">apr</month>
							<month type="5">maí</month>
							<month type="6">jún</month>
							<month type="7">júl</month>
							<month type="8">ágú</month>
							<month type="9">sep</month>
							<month type="10">okt</month>
							<month type="11">nóv</month>
							<month type="12">des</month>
						</monthWidth>
						<monthWidth type="wide">
							<month type="1">janúar</month>
							<month type="2">febrúar</month>
							<month type="3">mars</month>
							<month type="4">apríl</month>
							<month type="5">maí</month>
							<month type="6">júní</month>
							<month type="7">júlí</month>
							<month type="8">ágúst</month>
							<month type="9">september</month>
							<month type="10">október</month>
							<month type="11">nóvember</month>
							<month type="12">desember</month>
						</monthWidth>
					</monthContext>
				</months>
				<days>
					<dayContext type="format">
						<dayWidth type="abbreviated">
							<day type="sun">sun</day>
							<day type="mon">mán</day>
							<day type="tue">þri</day>
							<day type="wed">mið</day>
							<day type="thu">fim</day>
							<day type="fri">fös</day>
							<day type="sat">lau</day>
						</dayWidth>
						<dayWidth type="wide">
							<day type="sun">sunnudagur</day>
							<day type="mon">mánudagur</day>
							<day type="tue">þriðjudagur</day>
							<day type="wed">miðvikudagur</day>
							<day type="thu">fimmtudagur</day>
							<day type="fri">föstudagur</day>
							<day type="sat">laugardagur</day>
						</dayWidth>
					</dayContext>
				</days>
				<dateFormats>
					<default type="medium"/>
					<dateFormatLength type="full">
						<dateFormat >
							<pattern>EEEE, d. MMMM yyyy</pattern>
						</dateFormat>
					</dateFormatLength >
					<dateFormatLength type="long">
						<dateFormat >
							<pattern>d. MMMM yyyy</pattern>
						</dateFormat>
					</dateFormatLength >
					<dateFormatLength type="medium">
						<dateFormat >
							<pattern>d.M.yyyy</pattern>
						</dateFormat>
					</dateFormatLength >
					<dateFormatLength type="short">
						<dateFormat >
							<pattern>d.M.yyyy</pattern>
						</dateFormat>
					</dateFormatLength >
				</dateFormats>
				<timeFormats>
					<default type="medium"/>
					<timeFormatLength type="full">
						<timeFormat >
							<pattern>HH:mm:ss z</pattern>
						</timeFormat>
					</timeFormatLength >
					<timeFormatLength type="long">
						<timeFormat >
							<pattern>HH:mm:ss z</pattern>
						</timeFormat>
					</timeFormatLength >
					<timeFormatLength type="medium">
						<timeFormat >
							<pattern>HH:mm:ss</pattern>
						</timeFormat>
					</timeFormatLength >
					<timeFormatLength type="short">
						<timeFormat >
							<pattern>HH:mm</pattern>
						</timeFormat>
					</timeFormatLength >
				</timeFormats>
				<dateTimeFormats>
					<dateTimeFormatLength >
						<dateTimeFormat>
							<pattern>{1} {0}</pattern>
						</dateTimeFormat>
					</dateTimeFormatLength >
				</dateTimeFormats>
			</calendar>
		</calendars>
	</dates>
	<numbers>
		<symbols>
			<decimal>,</decimal>
			<group>.</group>
			<list>;</list>
			<percentSign>%</percentSign>
			<nativeZeroDigit>0</nativeZeroDigit>
			<patternDigit>#</patternDigit>
			<plusSign>+</plusSign>
			<minusSign>-</minusSign>
			<exponential>E</exponential>
			<perMille>‰</perMille>
			<infinity>∞</infinity>
			<nan>�</nan>
		</symbols>
		<currencies>
			<currency type="ISK">
				<displayName>ISK</displayName>
				<symbol>kr.</symbol>
			</currency>
		</currencies>
	</numbers>
</ldml>
