<?xml version="1.0" encoding="UTF-8" ?>
<!DOCTYPE ldml SYSTEM "http://www.unicode.org/cldr/dtd/1.1/ldml.dtd">
<ldml>
	<identity>
		<version number="1.1"/>
		<generation date="2004-06-04" />
		<language type="pt" /> 
		<territory type="PT" /> 
	</identity>
	<localeDisplayNames>
		<languages>
			<language type="ar">árabe</language>
			<language type="cs">checo</language>
			<language type="et">estónio</language>
			<language type="lv">letão</language>
			<language type="pl">polaco</language>
			<language type="sl">esloveno</language>
		</languages>
		<territories>
			<territory type="AE">Emiratos Árabes Unidos</territory>
			<territory type="AG">Antígua e Barbuda</territory>
			<territory type="AM">Arménia</territory>
			<territory type="AQ">Antárctica</territory>
			<territory type="AZ">Azerbeijão</territory>
			<territory type="BA">Bósnia-Herzegovina</territory>
			<territory type="BJ">Benim</territory>
			<territory type="BY">Bielorrússia</territory>
			<territory type="CM">Camarões</territory>
			<territory type="CX">Ilha do Natal</territory>
			<territory type="CZ">República Checa</territory>
			<territory type="EE">Estónia</territory>
			<territory type="EG">Egipto</territory>
			<territory type="EH">Sahara Ocidental</territory>
			<territory type="ER">Eritreia</territory>
			<territory type="FK">Ilhas Falkland</territory>
			<territory type="GL">Gronelândia</territory>
			<territory type="GS">Ilhas South Georgia e South Sandwich</territory>
			<territory type="GW">Guiné-Bissau</territory>
			<territory type="HK">Hong Kong - Região Administrativa Especial da China</territory>
			<territory type="KE">Quénia</territory>
			<territory type="KG">Quirguizistão</territory>
			<territory type="KH">Camboja</territory>
			<territory type="KN">Saint Kitts e Nevis</territory>
			<territory type="KP">Coreia do Norte</territory>
			<territory type="KR">Coreia do Sul</territory>
			<territory type="KY">Ilhas Caimão</territory>
			<territory type="KZ">Cazaquistão</territory>
			<territory type="LA">Lao, República Popular Democrática</territory>
			<territory type="LV">Letónia</territory>
			<territory type="MC">Mónaco</territory>
			<territory type="MD">Moldávia, República da</territory>
			<territory type="MG">Madagáscar</territory>
			<territory type="MK">Macedónia, República da</territory>
			<territory type="MO">Macau - Região Administrativa Especial da China</territory>
			<territory type="MP">Ilhas Mariana do Norte</territory>
			<territory type="MU">Maurícias</territory>
			<territory type="NC">Nova Caledónia</territory>
			<territory type="PG">Papua Nova Guiné</territory>
			<territory type="PL">Polónia</territory>
			<territory type="PS">Território Palestiniano</territory>
			<territory type="RE">Reunion</territory>
			<territory type="RO">Roménia</territory>
			<territory type="SC">Seicheles</territory>
			<territory type="SG">Singapura</territory>
			<territory type="SI">Eslovénia</territory>
			<territory type="SM">São Marino</territory>
			<territory type="TC">Ilhas Turcas e Caicos</territory>
			<territory type="TD">Tchade</territory>
			<territory type="TF">Territórios Franceses a Sul</territory>
			<territory type="TJ">Tajiquistão</territory>
			<territory type="TM">Turquemenistão</territory>
			<territory type="TW">Formosa, Província Chinesa</territory>
			<territory type="UM">Ilhas Minor Outlying (E.U.A)</territory>
			<territory type="UZ">Uzbaquistão</territory>
			<territory type="VA">Santa Sé (Estado da Cidade do Vaticano)</territory>
			<territory type="VC">Saint Vincent e Grenadines</territory>
			<territory type="VG">Ilhas Virgin Britânicas</territory>
			<territory type="VI">Ilhas Virgin E.U.A.</territory>
			<territory type="VN">Vietname</territory>
			<territory type="YE">Iémen</territory>
			<territory type="YU">Jugoslávia</territory>
		</territories>
	</localeDisplayNames>
	<dates>
		<calendars>
			<calendar type="gregorian">
				<week>
					<minDays count="1"/>
					<firstDay day="mon"/>
				</week>
				<dateFormats>
					<default type="medium"/>
					<dateFormatLength type="full">
						<dateFormat >
							<pattern>EEEE, d' de 'MMMM' de 'yyyy</pattern>
						</dateFormat>
					</dateFormatLength >
					<dateFormatLength type="long">
						<dateFormat >
							<pattern>d' de 'MMMM' de 'yyyy</pattern>
						</dateFormat>
					</dateFormatLength >
					<dateFormatLength type="medium">
						<dateFormat >
							<pattern>yyyy/MM/dd</pattern>
						</dateFormat>
					</dateFormatLength >
					<dateFormatLength type="short">
						<dateFormat >
							<pattern>yy/MM/dd</pattern>
						</dateFormat>
					</dateFormatLength >
				</dateFormats>
				<timeFormats>
					<default type="medium"/>
					<timeFormatLength type="full">
						<timeFormat >
							<pattern>HH'H'mm'm'ss's' z</pattern>
						</timeFormat>
					</timeFormatLength >
					<timeFormatLength type="long">
						<timeFormat >
							<pattern>HH:mm:ss z</pattern>
						</timeFormat>
					</timeFormatLength >
					<timeFormatLength type="medium">
						<timeFormat >
							<pattern>HH:mm:ss</pattern>
						</timeFormat>
					</timeFormatLength >
					<timeFormatLength type="short">
						<timeFormat >
							<pattern>HH:mm</pattern>
						</timeFormat>
					</timeFormatLength >
				</timeFormats>
				<dateTimeFormats>
					<dateTimeFormatLength >
						<dateTimeFormat>
							<pattern>{1} {0}</pattern>
						</dateTimeFormat>
					</dateTimeFormatLength >
				</dateTimeFormats>
			</calendar>
		</calendars>
	</dates>
	<numbers>
		<decimalFormats>
			<decimalFormatLength >
				<decimalFormat >
					<pattern>#,##0.###;-#,##0.###</pattern>
				</decimalFormat>
			</decimalFormatLength >
		</decimalFormats>
		<scientificFormats>
			<scientificFormatLength >
				<scientificFormat >
					<pattern>#E0</pattern>
				</scientificFormat>
			</scientificFormatLength >
		</scientificFormats>
		<percentFormats>
			<percentFormatLength >
				<percentFormat >
					<pattern>#,##0%</pattern>
				</percentFormat>
			</percentFormatLength >
		</percentFormats>
		<currencyFormats>
			<currencyFormatLength >
				<currencyFormat >
					<pattern>#,##0.00 ¤;-#,##0.00 ¤</pattern>
				</currencyFormat>
			</currencyFormatLength >
		</currencyFormats>
		<currencies>
			<currency type="PTE">
				<displayName>Escudo português</displayName>
				<symbol>Esc.</symbol>
				<pattern>#,##0.00 ¤;-#,##0.00 ¤</pattern>
				<decimal>#,##0.00 ¤;-#,##0.00 ¤</decimal>
				<group>,</group>
			</currency>
		</currencies>
	</numbers>
</ldml>
