<?xml version="1.0" encoding="UTF-8" ?>
<!DOCTYPE ldml SYSTEM "http://www.unicode.org/cldr/dtd/1.1/ldml.dtd">
<ldml>
	<identity>
		<version number="1.1"/>
		<generation date="2004-06-04" />
		<language type="sk" /> 
	</identity>
	<localeDisplayNames>
		<languages>
			<language type="ar">arabský</language>
			<language type="bg">bulharský</language>
			<language type="cs">český</language>
			<language type="da">dánsky</language>
			<language type="de">nemecký</language>
			<language type="el">grécky</language>
			<language type="en">anglický</language>
			<language type="es">španielsky</language>
			<language type="et">estónsky</language>
			<language type="fi">fínsky</language>
			<language type="fr">francúzsky</language>
			<language type="he">hebrejský</language>
			<language type="hr">chorvátsky</language>
			<language type="hu">maďarský</language>
			<language type="it">taliansky</language>
			<language type="ja">japonský</language>
			<language type="ko">kórejský</language>
			<language type="lt">litovský</language>
			<language type="lv">lotyšský</language>
			<language type="nl">holandský</language>
			<language type="no">nórsky</language>
			<language type="pl">poľský</language>
			<language type="pt">portugalský</language>
			<language type="ro">rumunský</language>
			<language type="ru">ruský</language>
			<language type="sk">slovenský</language>
			<language type="sl">slovinský</language>
			<language type="sv">švédsky</language>
			<language type="tr">turecký</language>
			<language type="zh">čínsky</language>
		</languages>
		<territories>
			<territory type="AD">Andorra</territory>
			<territory type="AE">Spojené arabské emiráty</territory>
			<territory type="AF">Afganistan</territory>
			<territory type="AG">Antigua a Barbados</territory>
			<territory type="AI">Anguilla</territory>
			<territory type="AL">Albánsko</territory>
			<territory type="AM">Arménsko</territory>
			<territory type="AN">Holandské Antily</territory>
			<territory type="AO">Angola</territory>
			<territory type="AQ">Antarctica</territory>
			<territory type="AR">Argentína</territory>
			<territory type="AS">Americká Samoa</territory>
			<territory type="AT">Rakúsko</territory>
			<territory type="AU">Austrália</territory>
			<territory type="AW">Aruba</territory>
			<territory type="AZ">Azerbajdžan</territory>
			<territory type="BA">Bosna a Hercegovina</territory>
			<territory type="BB">Barbados</territory>
			<territory type="BD">Bangladéš</territory>
			<territory type="BE">Belgicko</territory>
			<territory type="BF">Burkina Faso</territory>
			<territory type="BG">Bulharsko</territory>
			<territory type="BH">Bahrajn</territory>
			<territory type="BI">Burundi</territory>
			<territory type="BJ">Benin</territory>
			<territory type="BM">Bermudy</territory>
			<territory type="BN">Brunej</territory>
			<territory type="BO">Bolívia</territory>
			<territory type="BR">Brazília</territory>
			<territory type="BS">Bahamy</territory>
			<territory type="BT">Bután</territory>
			<territory type="BV">Bouvetov ostrov</territory>
			<territory type="BW">Botswana</territory>
			<territory type="BY">Bielorusko</territory>
			<territory type="BZ">Belize</territory>
			<territory type="CA">Kanada</territory>
			<territory type="CC">Kokosové (Keelingove) ostrovy</territory>
			<territory type="CD">Konžská demokratická republika</territory>
			<territory type="CF">Stredoafrická republika</territory>
			<territory type="CG">Kongo</territory>
			<territory type="CH">Švajčiarsko</territory>
			<territory type="CI">Pobrežie Slonoviny</territory>
			<territory type="CK">Cookove ostrovy</territory>
			<territory type="CL">Čile</territory>
			<territory type="CM">Kamerun</territory>
			<territory type="CN">Čína</territory>
			<territory type="CO">Kolumbia</territory>
			<territory type="CR">Kostarika</territory>
			<territory type="CU">Kuba</territory>
			<territory type="CV">Kapverdy</territory>
			<territory type="CX">Vianočný ostrov</territory>
			<territory type="CY">Cyprus</territory>
			<territory type="CZ">Česká republika</territory>
			<territory type="DE">Nemecko</territory>
			<territory type="DJ">Džibuti</territory>
			<territory type="DK">Dánsko</territory>
			<territory type="DM">Dominika</territory>
			<territory type="DO">Dominikánska republika</territory>
			<territory type="DZ">Alžírsko</territory>
			<territory type="EC">Ekvádor</territory>
			<territory type="EE">Estónsko</territory>
			<territory type="EG">Egypt</territory>
			<territory type="EH">Západná Sahara</territory>
			<territory type="ER">Eritrea</territory>
			<territory type="ES">Španielsko</territory>
			<territory type="ET">Etiópia</territory>
			<territory type="FI">Fínsko</territory>
			<territory type="FJ">Fidži</territory>
			<territory type="FK">Falklandské ostrovy</territory>
			<territory type="FM">Mikronézia, Federatívne štáty</territory>
			<territory type="FO">Faerské ostrovy</territory>
			<territory type="FR">Francúzsko</territory>
			<territory type="Fallback">en</territory>
			<territory type="GA">Gabon</territory>
			<territory type="GB">Spojené kráľovstvo</territory>
			<territory type="GD">Grenada</territory>
			<territory type="GE">Gruzínsko</territory>
			<territory type="GF">Francúzska Guayana</territory>
			<territory type="GH">Ghana</territory>
			<territory type="GI">Gibraltár</territory>
			<territory type="GL">Grónsko</territory>
			<territory type="GM">Gambia</territory>
			<territory type="GN">Guinea</territory>
			<territory type="GP">Guadeloupe</territory>
			<territory type="GQ">Rovníková Guinea</territory>
			<territory type="GR">Grécko</territory>
			<territory type="GS">Južná Georgia a Južné Sandwichove ostrovy</territory>
			<territory type="GT">Guatemala</territory>
			<territory type="GU">Guam</territory>
			<territory type="GW">Guinea-Bissau</territory>
			<territory type="GY">Guayana</territory>
			<territory type="HK">Hong Kong S.A.R. Číny</territory>
			<territory type="HM">Heardove ostrovy a McDonaldove ostrovy</territory>
			<territory type="HN">Honduras</territory>
			<territory type="HR">Chorvátsko</territory>
			<territory type="HT">Haiti</territory>
			<territory type="HU">Maďarsko</territory>
			<territory type="ID">Indonézia</territory>
			<territory type="IE">Írsko</territory>
			<territory type="IL">Izrael</territory>
			<territory type="IN">India</territory>
			<territory type="IO">Britské územie v Indickom oceáne</territory>
			<territory type="IQ">Irak</territory>
			<territory type="IR">Irán</territory>
			<territory type="IS">Island</territory>
			<territory type="IT">Taliansko</territory>
			<territory type="JM">Jamajka</territory>
			<territory type="JO">Jordánsko</territory>
			<territory type="JP">Japonsko</territory>
			<territory type="KE">Keňa</territory>
			<territory type="KG">Kirgizsko</territory>
			<territory type="KH">Kambodža</territory>
			<territory type="KI">Kiribati</territory>
			<territory type="KM">Komory</territory>
			<territory type="KN">Saint Kitts a Nevis</territory>
			<territory type="KP">Kórea, Severná</territory>
			<territory type="KR">Kórea, Južná</territory>
			<territory type="KW">Kuvajt</territory>
			<territory type="KY">Kajmanské ostrovy</territory>
			<territory type="KZ">Kazachstan</territory>
			<territory type="LA">Laoská ľudovodemokratická republika</territory>
			<territory type="LB">Libanon</territory>
			<territory type="LC">Svätá Lucia</territory>
			<territory type="LI">Lichtenštajnsko</territory>
			<territory type="LK">Srí Lanka</territory>
			<territory type="LR">Libéria</territory>
			<territory type="LS">Lesotho</territory>
			<territory type="LT">Litva</territory>
			<territory type="LU">Luxembursko</territory>
			<territory type="LV">Lotyšsko</territory>
			<territory type="LY">Lýbijská arabská džamahírija</territory>
			<territory type="MA">Maroko</territory>
			<territory type="MC">Monako</territory>
			<territory type="MD">Moldavsko, republika</territory>
			<territory type="MG">Madagaskar</territory>
			<territory type="MH">Marshallove ostrovy</territory>
			<territory type="MK">Macedónsko, republika</territory>
			<territory type="ML">Mali</territory>
			<territory type="MM">Mjanmarsko</territory>
			<territory type="MN">Mongolsko</territory>
			<territory type="MO">Makao S.A.R. Číny</territory>
			<territory type="MP">Severné Mariány</territory>
			<territory type="MQ">Martinik</territory>
			<territory type="MR">Mauritánia</territory>
			<territory type="MS">Montserrat</territory>
			<territory type="MT">Malta</territory>
			<territory type="MU">Maurícius</territory>
			<territory type="MV">Maldivy</territory>
			<territory type="MW">Malawi</territory>
			<territory type="MX">Mexiko</territory>
			<territory type="MY">Malajzia</territory>
			<territory type="MZ">Mozambik</territory>
			<territory type="NA">Namíbia</territory>
			<territory type="NC">Nová Kaledónia</territory>
			<territory type="NE">Niger</territory>
			<territory type="NF">Norfolkov ostrov</territory>
			<territory type="NG">Nigéria</territory>
			<territory type="NI">Nikaragua</territory>
			<territory type="NL">Holandsko</territory>
			<territory type="NO">Nórsko</territory>
			<territory type="NP">Nepál</territory>
			<territory type="NR">Nauru</territory>
			<territory type="NU">Niue</territory>
			<territory type="NZ">Nový Zéland</territory>
			<territory type="OM">Omán</territory>
			<territory type="PA">Panama</territory>
			<territory type="PE">Peru</territory>
			<territory type="PF">Francúzska Polynézia</territory>
			<territory type="PG">Papua Nová Guinea</territory>
			<territory type="PH">Filipíny</territory>
			<territory type="PK">Pakistan</territory>
			<territory type="PL">Poľsko</territory>
			<territory type="PM">Saint Pierre a Miquelon</territory>
			<territory type="PN">Pitcairnove ostrovy</territory>
			<territory type="PR">Portoriko</territory>
			<territory type="PS">Palestínske územie</territory>
			<territory type="PT">Portugalsko</territory>
			<territory type="PW">Palau</territory>
			<territory type="PY">Paraguaj</territory>
			<territory type="QA">Katar</territory>
			<territory type="RE">Reunion</territory>
			<territory type="RO">Rumunsko</territory>
			<territory type="RU">Ruská federácia</territory>
			<territory type="RW">Rwanda</territory>
			<territory type="SA">Saudská Arábia</territory>
			<territory type="SB">Šalamúnove ostrovy</territory>
			<territory type="SC">Seychelské ostrovy</territory>
			<territory type="SD">Sudán</territory>
			<territory type="SE">Švédsko</territory>
			<territory type="SG">Singapur</territory>
			<territory type="SH">Svätá Helena</territory>
			<territory type="SI">Slovinsko</territory>
			<territory type="SJ">Špicbergy a Jan Mayen</territory>
			<territory type="SK">Slovenská republika</territory>
			<territory type="SL">Sierra Leone</territory>
			<territory type="SM">San Maríno</territory>
			<territory type="SN">Senegal</territory>
			<territory type="SO">Somálsko</territory>
			<territory type="SP">Serbia</territory>
			<territory type="SR">Surinam</territory>
			<territory type="ST">Svätý Tomáš a Princove ostrovy</territory>
			<territory type="SV">Salvador</territory>
			<territory type="SY">Sýrska arabská republika</territory>
			<territory type="SZ">Svazijsko</territory>
			<territory type="TC">Turks a Caicos</territory>
			<territory type="TD">Čad</territory>
			<territory type="TF">Francúzske južné územia</territory>
			<territory type="TG">Togo</territory>
			<territory type="TH">Thajsko</territory>
			<territory type="TJ">Tadžikistan</territory>
			<territory type="TK">Tokelau</territory>
			<territory type="TL">Východný Timor</territory>
			<territory type="TM">Turkménsko</territory>
			<territory type="TN">Tunisko</territory>
			<territory type="TO">Tonga</territory>
			<territory type="TR">Turecko</territory>
			<territory type="TT">Trinidad a Tobago</territory>
			<territory type="TV">Tuvalu</territory>
			<territory type="TW">Tajwan</territory>
			<territory type="TZ">Tanzánia</territory>
			<territory type="UA">Ukrajina</territory>
			<territory type="UG">Uganda</territory>
			<territory type="UM">Menšie odľahlé ostrovy USA</territory>
			<territory type="US">Spojené štáty</territory>
			<territory type="UY">Uruguaj</territory>
			<territory type="UZ">Uzbekistan</territory>
			<territory type="VA">Svätá stolica (Vatikánsky mestský štát)</territory>
			<territory type="VC">Svätý Vincent a Grenadíny</territory>
			<territory type="VE">Venezuela</territory>
			<territory type="VG">Britské panenské ostrovy</territory>
			<territory type="VI">Panenské ostrovy - USA</territory>
			<territory type="VN">Vietnam</territory>
			<territory type="VU">Vanuatu</territory>
			<territory type="WF">Wallis a Futuna</territory>
			<territory type="WS">Samoa</territory>
			<territory type="YE">Jemen</territory>
			<territory type="YT">Mayotte</territory>
			<territory type="YU">Juhoslávia</territory>
			<territory type="ZA">Južná Afrika</territory>
			<territory type="ZM">Zambia</territory>
			<territory type="ZW">Zimbabwe</territory>
		</territories>
	</localeDisplayNames>
	<characters>
		<exemplarCharacters>[a-z ý á é í ó ú ä ô ĺ ŕ č ď ľ ň š ť ž]</exemplarCharacters>
	</characters>
	<dates>
		<localizedPatternChars>GanjkHmsSEDFwWxhKzAeugXZ</localizedPatternChars>
		<calendars>
			<calendar type="gregorian">
				<months>
					<monthContext type="format">
						<monthWidth type="abbreviated">
							<month type="1">jan</month>
							<month type="2">feb</month>
							<month type="3">mar</month>
							<month type="4">apr</month>
							<month type="5">máj</month>
							<month type="6">jún</month>
							<month type="7">júl</month>
							<month type="8">aug</month>
							<month type="9">sep</month>
							<month type="10">okt</month>
							<month type="11">nov</month>
							<month type="12">dec</month>
						</monthWidth>
						<monthWidth type="wide">
							<month type="1">január</month>
							<month type="2">február</month>
							<month type="3">marec</month>
							<month type="4">apríl</month>
							<month type="5">máj</month>
							<month type="6">jún</month>
							<month type="7">júl</month>
							<month type="8">august</month>
							<month type="9">september</month>
							<month type="10">október</month>
							<month type="11">november</month>
							<month type="12">december</month>
						</monthWidth>
					</monthContext>
				</months>
				<days>
					<dayContext type="format">
						<dayWidth type="abbreviated">
							<day type="sun">Ne</day>
							<day type="mon">Po</day>
							<day type="tue">Ut</day>
							<day type="wed">St</day>
							<day type="thu">Št</day>
							<day type="fri">Pi</day>
							<day type="sat">So</day>
						</dayWidth>
						<dayWidth type="wide">
							<day type="sun">Nedeľa</day>
							<day type="mon">Pondelok</day>
							<day type="tue">Utorok</day>
							<day type="wed">Streda</day>
							<day type="thu">Štvrtok</day>
							<day type="fri">Piatok</day>
							<day type="sat">Sobota</day>
						</dayWidth>
					</dayContext>
				</days>
				<week>
					<minDays count="4"/>
					<firstDay day="mon"/>
				</week>
				<eras>
					<eraAbbr>
						<era type="1">pred n.l.</era>
						<era type="2">n.l.</era>
					</eraAbbr>
				</eras>
				<dateFormats>
					<default type="medium"/>
					<dateFormatLength type="full">
						<dateFormat >
							<pattern>EEEE, d. MMMM yyyy</pattern>
						</dateFormat>
					</dateFormatLength >
					<dateFormatLength type="long">
						<dateFormat >
							<pattern>d. MMMM yyyy</pattern>
						</dateFormat>
					</dateFormatLength >
					<dateFormatLength type="medium">
						<dateFormat >
							<pattern>d.M.yyyy</pattern>
						</dateFormat>
					</dateFormatLength >
					<dateFormatLength type="short">
						<dateFormat >
							<pattern>d.M.yyyy</pattern>
						</dateFormat>
					</dateFormatLength >
				</dateFormats>
				<timeFormats>
					<default type="medium"/>
					<timeFormatLength type="full">
						<timeFormat >
							<pattern>H:mm:ss z</pattern>
						</timeFormat>
					</timeFormatLength >
					<timeFormatLength type="long">
						<timeFormat >
							<pattern>H:mm:ss z</pattern>
						</timeFormat>
					</timeFormatLength >
					<timeFormatLength type="medium">
						<timeFormat >
							<pattern>H:mm:ss</pattern>
						</timeFormat>
					</timeFormatLength >
					<timeFormatLength type="short">
						<timeFormat >
							<pattern>H:mm</pattern>
						</timeFormat>
					</timeFormatLength >
				</timeFormats>
				<dateTimeFormats>
					<dateTimeFormatLength >
						<dateTimeFormat>
							<pattern>{1} {0}</pattern>
						</dateTimeFormat>
					</dateTimeFormatLength >
				</dateTimeFormats>
			</calendar>
		</calendars>
	</dates>
	<numbers>
		<symbols>
			<decimal>,</decimal>
			<group> </group>
			<list>;</list>
			<percentSign>%</percentSign>
			<nativeZeroDigit>0</nativeZeroDigit>
			<patternDigit>#</patternDigit>
			<plusSign>+</plusSign>
			<minusSign>-</minusSign>
			<exponential>E</exponential>
			<perMille>‰</perMille>
			<infinity>∞</infinity>
			<nan>�</nan>
		</symbols>
		<currencies>
			<currency type="SKK">
				<displayName>SKK</displayName>
				<symbol>Sk</symbol>
			</currency>
		</currencies>
	</numbers>
</ldml>
