<?xml version="1.0" encoding="UTF-8" ?>
<!DOCTYPE supplementalData SYSTEM "http://www.unicode.org/cldr/dtd/1.1/ldmlSupplemental.dtd" >
<supplementalData>
    <currencyData>
        <fractions>
            <info iso4217="ADP" digits="0"  />
            <info iso4217="BHD" digits="3"  />
            <info iso4217="BIF" digits="0"  />
            <info iso4217="BYR" digits="0"  />
            <info iso4217="CHF" digits="2" rounding="5" />
            <info iso4217="CLF" digits="0"  />
            <info iso4217="CLP" digits="0"  />
            <info iso4217="DEFAULT" digits="2"  />
            <info iso4217="DJF" digits="0"  />
            <info iso4217="GNF" digits="0"  />
            <info iso4217="IQD" digits="3"  />
            <info iso4217="JOD" digits="3"  />
            <info iso4217="JPY" digits="0"  />
            <info iso4217="KMF" digits="0"  />
            <info iso4217="KRW" digits="0"  />
            <info iso4217="KWD" digits="3"  />
            <info iso4217="LYD" digits="3"  />
            <info iso4217="MGF" digits="0"  />
            <info iso4217="OMR" digits="3"  />
            <info iso4217="PYG" digits="0"  />
            <info iso4217="RWF" digits="0"  />
            <info iso4217="TND" digits="3"  />
            <info iso4217="TRL" digits="0"  />
            <info iso4217="VUV" digits="0"  />
            <info iso4217="XAF" digits="0"  />
            <info iso4217="XOF" digits="0"  />
            <info iso4217="XPF" digits="0"  />
        </fractions>
        <region iso3166="AE">
            <currency iso4217="AED" >
            </currency>
        </region>
        <region iso3166="AF">
            <currency iso4217="AFN" >
            </currency>
        </region>
        <region iso3166="AG">
            <currency iso4217="XCD" >
            </currency>
        </region>
        <region iso3166="AI">
            <currency iso4217="XCD" >
            </currency>
        </region>
        <region iso3166="AL">
            <currency iso4217="ALL" >
            </currency>
        </region>
        <region iso3166="AM">
            <currency iso4217="AMD" >
            </currency>
        </region>
        <region iso3166="AN">
            <currency iso4217="ANG" >
            </currency>
        </region>
        <region iso3166="AO">
            <currency iso4217="AOA" >
            </currency>
        </region>
        <region iso3166="AR">
            <currency iso4217="ARS" >
            </currency>
        </region>
        <region iso3166="AS">
            <currency iso4217="USD" >
            </currency>
        </region>
        <region iso3166="AT">
            <currency iso4217="EUR" >
                <alternate iso4217="ATS"/>
            </currency>
        </region>
        <region iso3166="AU">
            <currency iso4217="AUD" >
            </currency>
        </region>
        <region iso3166="AW">
            <currency iso4217="AWG" >
            </currency>
        </region>
        <region iso3166="AZ">
            <currency iso4217="AZM" >
            </currency>
        </region>
        <region iso3166="BA">
            <currency iso4217="BAM" >
            </currency>
        </region>
        <region iso3166="BB">
            <currency iso4217="BBD" >
            </currency>
        </region>
        <region iso3166="BD">
            <currency iso4217="BDT" >
            </currency>
        </region>
        <region iso3166="BE">
            <currency iso4217="EUR" >
                <alternate iso4217="BEF"/>
            </currency>
        </region>
        <region iso3166="BF">
            <currency iso4217="XOF" >
            </currency>
        </region>
        <region iso3166="BG">
            <currency iso4217="BGN" >
            </currency>
        </region>
        <region iso3166="BH">
            <currency iso4217="BHD" >
            </currency>
        </region>
        <region iso3166="BI">
            <currency iso4217="BIF" >
            </currency>
        </region>
        <region iso3166="BJ">
            <currency iso4217="XOF" >
            </currency>
        </region>
        <region iso3166="BM">
            <currency iso4217="BMD" >
            </currency>
        </region>
        <region iso3166="BN">
            <currency iso4217="BND" >
            </currency>
        </region>
        <region iso3166="BO">
            <currency iso4217="BOB" >
            </currency>
        </region>
        <region iso3166="BR">
            <currency iso4217="BRL" >
            </currency>
        </region>
        <region iso3166="BS">
            <currency iso4217="BSD" >
            </currency>
        </region>
        <region iso3166="BV">
            <currency iso4217="NOK" >
            </currency>
        </region>
        <region iso3166="BW">
            <currency iso4217="BWP" >
            </currency>
        </region>
        <region iso3166="BY">
            <currency iso4217="BYR" >
            </currency>
        </region>
        <region iso3166="BZ">
            <currency iso4217="BZD" >
            </currency>
        </region>
        <region iso3166="CA">
            <currency iso4217="CAD" >
            </currency>
        </region>
        <region iso3166="CC">
            <currency iso4217="AUD" >
            </currency>
        </region>
        <region iso3166="CD">
            <currency iso4217="CDF" >
            </currency>
        </region>
        <region iso3166="CF">
            <currency iso4217="XAF" >
            </currency>
        </region>
        <region iso3166="CG">
            <currency iso4217="XAF" >
            </currency>
        </region>
        <region iso3166="CH">
            <currency iso4217="CHF" >
            </currency>
        </region>
        <region iso3166="CI">
            <currency iso4217="XOF" >
            </currency>
        </region>
        <region iso3166="CK">
            <currency iso4217="NZD" >
            </currency>
        </region>
        <region iso3166="CL">
            <currency iso4217="CLP" >
            </currency>
        </region>
        <region iso3166="CM">
            <currency iso4217="XAF" >
            </currency>
        </region>
        <region iso3166="CN">
            <currency iso4217="CNY" >
            </currency>
        </region>
        <region iso3166="CO">
            <currency iso4217="COP" >
            </currency>
        </region>
        <region iso3166="CR">
            <currency iso4217="CRC" >
            </currency>
        </region>
        <region iso3166="CU">
            <currency iso4217="CUP" >
            </currency>
        </region>
        <region iso3166="CV">
            <currency iso4217="CVE" >
            </currency>
        </region>
        <region iso3166="CX">
            <currency iso4217="AUD" >
            </currency>
        </region>
        <region iso3166="CY">
            <currency iso4217="CYP" >
            </currency>
        </region>
        <region iso3166="CZ">
            <currency iso4217="CZK" >
            </currency>
        </region>
        <region iso3166="DE">
            <currency iso4217="EUR" >
                <alternate iso4217="DEM"/>
            </currency>
        </region>
        <region iso3166="DJ">
            <currency iso4217="DJF" >
            </currency>
        </region>
        <region iso3166="DK">
            <currency iso4217="DKK" >
            </currency>
        </region>
        <region iso3166="DM">
            <currency iso4217="XCD" >
            </currency>
        </region>
        <region iso3166="DO">
            <currency iso4217="DOP" >
            </currency>
        </region>
        <region iso3166="DZ">
            <currency iso4217="DZD" >
            </currency>
        </region>
        <region iso3166="EC">
            <currency iso4217="USD" >
            </currency>
        </region>
        <region iso3166="EE">
            <currency iso4217="EEK" >
            </currency>
        </region>
        <region iso3166="EG">
            <currency iso4217="EGP" >
            </currency>
        </region>
        <region iso3166="EH">
            <currency iso4217="MAD" >
            </currency>
        </region>
        <region iso3166="ER">
            <currency iso4217="ERN" >
            </currency>
        </region>
        <region iso3166="ES">
            <currency iso4217="EUR" >
                <alternate iso4217="ESP"/>
            </currency>
        </region>
        <region iso3166="ET">
            <currency iso4217="ETB" >
            </currency>
        </region>
        <region iso3166="FI">
            <currency iso4217="EUR" >
                <alternate iso4217="FIM"/>
            </currency>
        </region>
        <region iso3166="FJ">
            <currency iso4217="FJD" >
            </currency>
        </region>
        <region iso3166="FK">
            <currency iso4217="FKP" >
            </currency>
        </region>
        <region iso3166="FM">
            <currency iso4217="USD" >
            </currency>
        </region>
        <region iso3166="FO">
            <currency iso4217="DKK" >
            </currency>
        </region>
        <region iso3166="FR">
            <currency iso4217="EUR" >
                <alternate iso4217="FRF"/>
            </currency>
        </region>
        <region iso3166="GA">
            <currency iso4217="XAF" >
            </currency>
        </region>
        <region iso3166="GB">
            <currency iso4217="GBP" >
            </currency>
        </region>
        <region iso3166="GD">
            <currency iso4217="XCD" >
            </currency>
        </region>
        <region iso3166="GE">
            <currency iso4217="GEL" >
            </currency>
        </region>
        <region iso3166="GF">
            <currency iso4217="EUR" >
            </currency>
        </region>
        <region iso3166="GH">
            <currency iso4217="GHC" >
            </currency>
        </region>
        <region iso3166="GI">
            <currency iso4217="GIP" >
            </currency>
        </region>
        <region iso3166="GL">
            <currency iso4217="DKK" >
            </currency>
        </region>
        <region iso3166="GM">
            <currency iso4217="GMD" >
            </currency>
        </region>
        <region iso3166="GN">
            <currency iso4217="GNF" >
            </currency>
        </region>
        <region iso3166="GP">
            <currency iso4217="EUR" >
            </currency>
        </region>
        <region iso3166="GQ">
            <currency iso4217="XAF" >
            </currency>
        </region>
        <region iso3166="GR">
            <currency iso4217="EUR" >
                <alternate iso4217="GRD"/>
            </currency>
        </region>
        <region iso3166="GT">
            <currency iso4217="GTQ" >
            </currency>
        </region>
        <region iso3166="GU">
            <currency iso4217="USD" >
            </currency>
        </region>
        <region iso3166="GY">
            <currency iso4217="GYD" >
            </currency>
        </region>
        <region iso3166="HK">
            <currency iso4217="HKD" >
            </currency>
        </region>
        <region iso3166="HM">
            <currency iso4217="AUD" >
            </currency>
        </region>
        <region iso3166="HN">
            <currency iso4217="HNL" >
            </currency>
        </region>
        <region iso3166="HR">
            <currency iso4217="HRK" >
            </currency>
        </region>
        <region iso3166="HU">
            <currency iso4217="HUF" >
            </currency>
        </region>
        <region iso3166="ID">
            <currency iso4217="IDR" >
            </currency>
        </region>
        <region iso3166="IE">
            <currency iso4217="EUR" >
                <alternate iso4217="IEP"/>
            </currency>
        </region>
        <region iso3166="IL">
            <currency iso4217="ILS" >
            </currency>
        </region>
        <region iso3166="IN">
            <currency iso4217="INR" >
            </currency>
        </region>
        <region iso3166="IO">
            <currency iso4217="USD" >
            </currency>
        </region>
        <region iso3166="IQ">
            <currency iso4217="IQD" >
            </currency>
        </region>
        <region iso3166="IR">
            <currency iso4217="IRR" >
            </currency>
        </region>
        <region iso3166="IS">
            <currency iso4217="ISK" >
            </currency>
        </region>
        <region iso3166="IT">
            <currency iso4217="EUR" >
                <alternate iso4217="ITL"/>
            </currency>
        </region>
        <region iso3166="JM">
            <currency iso4217="JMD" >
            </currency>
        </region>
        <region iso3166="JO">
            <currency iso4217="JOD" >
            </currency>
        </region>
        <region iso3166="JP">
            <currency iso4217="JPY" >
            </currency>
        </region>
        <region iso3166="KE">
            <currency iso4217="KES" >
            </currency>
        </region>
        <region iso3166="KG">
            <currency iso4217="KGS" >
            </currency>
        </region>
        <region iso3166="KH">
            <currency iso4217="KHR" >
            </currency>
        </region>
        <region iso3166="KI">
            <currency iso4217="AUD" >
            </currency>
        </region>
        <region iso3166="KM">
            <currency iso4217="KMF" >
            </currency>
        </region>
        <region iso3166="KN">
            <currency iso4217="XCD" >
            </currency>
        </region>
        <region iso3166="KP">
            <currency iso4217="KPW" >
            </currency>
        </region>
        <region iso3166="KR">
            <currency iso4217="KRW" >
            </currency>
        </region>
        <region iso3166="KW">
            <currency iso4217="KWD" >
            </currency>
        </region>
        <region iso3166="KY">
            <currency iso4217="KYD" >
            </currency>
        </region>
        <region iso3166="KZ">
            <currency iso4217="KZT" >
            </currency>
        </region>
        <region iso3166="LA">
            <currency iso4217="LAK" >
            </currency>
        </region>
        <region iso3166="LB">
            <currency iso4217="LBP" >
            </currency>
        </region>
        <region iso3166="LC">
            <currency iso4217="XCD" >
            </currency>
        </region>
        <region iso3166="LI">
            <currency iso4217="CHF" >
            </currency>
        </region>
        <region iso3166="LK">
            <currency iso4217="LKR" >
            </currency>
        </region>
        <region iso3166="LR">
            <currency iso4217="LRD" >
            </currency>
        </region>
        <region iso3166="LT">
            <currency iso4217="LTL" >
            </currency>
        </region>
        <region iso3166="LU">
            <currency iso4217="EUR" >
                <alternate iso4217="LUF"/>
            </currency>
        </region>
        <region iso3166="LV">
            <currency iso4217="LVL" >
            </currency>
        </region>
        <region iso3166="LY">
            <currency iso4217="LYD" >
            </currency>
        </region>
        <region iso3166="MA">
            <currency iso4217="MAD" >
            </currency>
        </region>
        <region iso3166="MC">
            <currency iso4217="EUR" >
            </currency>
        </region>
        <region iso3166="MD">
            <currency iso4217="MDL" >
            </currency>
        </region>
        <region iso3166="MG">
            <currency iso4217="MGF" >
            </currency>
        </region>
        <region iso3166="MH">
            <currency iso4217="USD" >
            </currency>
        </region>
        <region iso3166="MK">
            <currency iso4217="MKD" >
            </currency>
        </region>
        <region iso3166="ML">
            <currency iso4217="XOF" >
            </currency>
        </region>
        <region iso3166="MM">
            <currency iso4217="MMK" >
            </currency>
        </region>
        <region iso3166="MN">
            <currency iso4217="MNT" >
            </currency>
        </region>
        <region iso3166="MO">
            <currency iso4217="MOP" >
            </currency>
        </region>
        <region iso3166="MP">
            <currency iso4217="USD" >
            </currency>
        </region>
        <region iso3166="MQ">
            <currency iso4217="EUR" >
            </currency>
        </region>
        <region iso3166="MR">
            <currency iso4217="MRO" >
            </currency>
        </region>
        <region iso3166="MS">
            <currency iso4217="XCD" >
            </currency>
        </region>
        <region iso3166="MT">
            <currency iso4217="MTL" >
            </currency>
        </region>
        <region iso3166="MU">
            <currency iso4217="MUR" >
            </currency>
        </region>
        <region iso3166="MV">
            <currency iso4217="MVR" >
            </currency>
        </region>
        <region iso3166="MW">
            <currency iso4217="MWK" >
            </currency>
        </region>
        <region iso3166="MX">
            <currency iso4217="MXN" >
            </currency>
        </region>
        <region iso3166="MY">
            <currency iso4217="MYR" >
            </currency>
        </region>
        <region iso3166="MZ">
            <currency iso4217="MZM" >
            </currency>
        </region>
        <region iso3166="NC">
            <currency iso4217="XPF" >
            </currency>
        </region>
        <region iso3166="NE">
            <currency iso4217="XOF" >
            </currency>
        </region>
        <region iso3166="NF">
            <currency iso4217="AUD" >
            </currency>
        </region>
        <region iso3166="NG">
            <currency iso4217="NGN" >
            </currency>
        </region>
        <region iso3166="NI">
            <currency iso4217="NIO" >
            </currency>
        </region>
        <region iso3166="NL">
            <currency iso4217="EUR" >
                <alternate iso4217="NLG"/>
            </currency>
        </region>
        <region iso3166="NO">
            <currency iso4217="NOK" >
            </currency>
        </region>
        <region iso3166="NP">
            <currency iso4217="NPR" >
            </currency>
        </region>
        <region iso3166="NR">
            <currency iso4217="AUD" >
            </currency>
        </region>
        <region iso3166="NU">
            <currency iso4217="NZD" >
            </currency>
        </region>
        <region iso3166="NZ">
            <currency iso4217="NZD" >
            </currency>
        </region>
        <region iso3166="OM">
            <currency iso4217="OMR" >
            </currency>
        </region>
        <region iso3166="PA">
            <currency iso4217="PAB" >
            </currency>
        </region>
        <region iso3166="PE">
            <currency iso4217="PEN" >
            </currency>
        </region>
        <region iso3166="PF">
            <currency iso4217="XPF" >
            </currency>
        </region>
        <region iso3166="PG">
            <currency iso4217="PGK" >
            </currency>
        </region>
        <region iso3166="PH">
            <currency iso4217="PHP" >
            </currency>
        </region>
        <region iso3166="PK">
            <currency iso4217="PKR" >
            </currency>
        </region>
        <region iso3166="PL">
            <currency iso4217="PLN" >
            </currency>
        </region>
        <region iso3166="PM">
            <currency iso4217="EUR" >
            </currency>
        </region>
        <region iso3166="PN">
            <currency iso4217="NZD" >
            </currency>
        </region>
        <region iso3166="PR">
            <currency iso4217="USD" >
            </currency>
        </region>
        <region iso3166="PT">
            <currency iso4217="EUR" >
                <alternate iso4217="PTE"/>
            </currency>
        </region>
        <region iso3166="PW">
            <currency iso4217="USD" >
            </currency>
        </region>
        <region iso3166="PY">
            <currency iso4217="PYG" >
            </currency>
        </region>
        <region iso3166="QA">
            <currency iso4217="QAR" >
            </currency>
        </region>
        <region iso3166="RE">
            <currency iso4217="EUR" >
            </currency>
        </region>
        <region iso3166="RO">
            <currency iso4217="ROL" >
            </currency>
        </region>
        <region iso3166="RU">
            <currency iso4217="RUR" >
            </currency>
        </region>
        <region iso3166="RW">
            <currency iso4217="RWF" >
            </currency>
        </region>
        <region iso3166="SA">
            <currency iso4217="SAR" >
            </currency>
        </region>
        <region iso3166="SB">
            <currency iso4217="SBD" >
            </currency>
        </region>
        <region iso3166="SC">
            <currency iso4217="SCR" >
            </currency>
        </region>
        <region iso3166="SD">
            <currency iso4217="SDD" >
            </currency>
        </region>
        <region iso3166="SE">
            <currency iso4217="SEK" >
            </currency>
        </region>
        <region iso3166="SG">
            <currency iso4217="SGD" >
            </currency>
        </region>
        <region iso3166="SH">
            <currency iso4217="SHP" >
            </currency>
        </region>
        <region iso3166="SI">
            <currency iso4217="SIT" >
            </currency>
        </region>
        <region iso3166="SJ">
            <currency iso4217="NOK" >
            </currency>
        </region>
        <region iso3166="SK">
            <currency iso4217="SKK" >
            </currency>
        </region>
        <region iso3166="SL">
            <currency iso4217="SLL" >
            </currency>
        </region>
        <region iso3166="SM">
            <currency iso4217="EUR" >
            </currency>
        </region>
        <region iso3166="SN">
            <currency iso4217="XOF" >
            </currency>
        </region>
        <region iso3166="SO">
            <currency iso4217="SOS" >
            </currency>
        </region>
        <region iso3166="SR">
            <currency iso4217="SRG" >
            </currency>
        </region>
        <region iso3166="ST">
            <currency iso4217="STD" >
            </currency>
        </region>
        <region iso3166="SV">
            <currency iso4217="SVC" >
            </currency>
        </region>
        <region iso3166="SY">
            <currency iso4217="SYP" >
            </currency>
        </region>
        <region iso3166="SZ">
            <currency iso4217="SZL" >
            </currency>
        </region>
        <region iso3166="TC">
            <currency iso4217="USD" >
            </currency>
        </region>
        <region iso3166="TD">
            <currency iso4217="XAF" >
            </currency>
        </region>
        <region iso3166="TF">
            <currency iso4217="EUR" >
            </currency>
        </region>
        <region iso3166="TG">
            <currency iso4217="XOF" >
            </currency>
        </region>
        <region iso3166="TH">
            <currency iso4217="THB" >
            </currency>
        </region>
        <region iso3166="TJ">
            <currency iso4217="TJS" >
            </currency>
        </region>
        <region iso3166="TK">
            <currency iso4217="NZD" >
            </currency>
        </region>
        <region iso3166="TL">
            <currency iso4217="USD" >
            </currency>
        </region>
        <region iso3166="TM">
            <currency iso4217="TMM" >
            </currency>
        </region>
        <region iso3166="TN">
            <currency iso4217="TND" >
            </currency>
        </region>
        <region iso3166="TO">
            <currency iso4217="TOP" >
            </currency>
        </region>
        <region iso3166="TR">
            <currency iso4217="TRL" >
            </currency>
        </region>
        <region iso3166="TT">
            <currency iso4217="TTD" >
            </currency>
        </region>
        <region iso3166="TV">
            <currency iso4217="AUD" >
            </currency>
        </region>
        <region iso3166="TW">
            <currency iso4217="TWD" >
            </currency>
        </region>
        <region iso3166="TZ">
            <currency iso4217="TZS" >
            </currency>
        </region>
        <region iso3166="UA">
            <currency iso4217="UAH" >
            </currency>
        </region>
        <region iso3166="UG">
            <currency iso4217="UGX" >
            </currency>
        </region>
        <region iso3166="UM">
            <currency iso4217="USD" >
            </currency>
        </region>
        <region iso3166="US">
            <currency iso4217="USD" >
            </currency>
        </region>
        <region iso3166="UY">
            <currency iso4217="UYU" >
            </currency>
        </region>
        <region iso3166="UZ">
            <currency iso4217="UZS" >
            </currency>
        </region>
        <region iso3166="VA">
            <currency iso4217="EUR" >
            </currency>
        </region>
        <region iso3166="VC">
            <currency iso4217="XCD" >
            </currency>
        </region>
        <region iso3166="VE">
            <currency iso4217="VEB" >
            </currency>
        </region>
        <region iso3166="VG">
            <currency iso4217="USD" >
            </currency>
        </region>
        <region iso3166="VI">
            <currency iso4217="USD" >
            </currency>
        </region>
        <region iso3166="VN">
            <currency iso4217="VND" >
            </currency>
        </region>
        <region iso3166="VU">
            <currency iso4217="VUV" >
            </currency>
        </region>
        <region iso3166="WF">
            <currency iso4217="XPF" >
            </currency>
        </region>
        <region iso3166="WS">
            <currency iso4217="WST" >
            </currency>
        </region>
        <region iso3166="YE">
            <currency iso4217="YER" >
            </currency>
        </region>
        <region iso3166="YT">
            <currency iso4217="EUR" >
            </currency>
        </region>
        <region iso3166="YU">
            <currency iso4217="YUM" >
            </currency>
        </region>
        <region iso3166="ZA">
            <currency iso4217="ZAR" >
            </currency>
        </region>
        <region iso3166="ZM">
            <currency iso4217="ZMK" >
            </currency>
        </region>
        <region iso3166="ZW">
            <currency iso4217="ZWD" >
            </currency>
        </region>
    </currencyData>
</supplementalData>
