<?xml version="1.0" encoding="UTF-8" ?>
<!DOCTYPE ldml SYSTEM "http://www.unicode.org/cldr/dtd/1.1/ldml.dtd">
<ldml draft="true">
	<identity>
		<version number="1.1"/>
		<generation date="2004-06-04" />
		<language type="syr" /> 
	</identity>
	<localeDisplayNames>
		<languages>
			<language type="syr">ܣܘܪܝܝܐ</language>
		</languages>
		<territories>
			<territory type="SY">ܣܘܪܝܝܐ</territory>
		</territories>
	</localeDisplayNames>
	<characters>
		<exemplarCharacters>[[:Syrc:]‌‍‏‎]</exemplarCharacters>
	</characters>
	<dates>
		<calendars>
			<calendar type="gregorian">
				<months>
					<monthContext type="format">
						<monthWidth type="abbreviated">
							<month type="1">܏ܟܢ ܏ܒ</month>
							<month type="2">ܫܒܛ</month>
							<month type="3">ܐܕܪ</month>
							<month type="4">ܢܝܣܢ</month>
							<month type="5">ܐܝܪ</month>
							<month type="6">ܚܙܝܪܢ</month>
							<month type="7">ܬܡܘܙ</month>
							<month type="8">ܐܒ</month>
							<month type="9">ܐܝܠܘܠ</month>
							<month type="10">܏ܬܫ ܏ܐ</month>
							<month type="11">܏ܬܫ ܏ܒ</month>
							<month type="12">܏ܟܢ ܏ܐ</month>
						</monthWidth>
					</monthContext>
				</months>
			</calendar>
		</calendars>
	</dates>
	<numbers>
		<currencies>
			<currency type="SYP">
				<displayName>SYP</displayName>
				<symbol>ل.س.‏</symbol>
			</currency>
		</currencies>
	</numbers>
</ldml>
