<?xml version="1.0" encoding="UTF-8" ?>
<!DOCTYPE ldml SYSTEM "http://www.unicode.org/cldr/dtd/1.1/ldml.dtd">
<ldml>
	<identity>
		<version number="1.1"/>
		<generation date="2004-06-04" />
		<language type="tr" /> 
	</identity>
	<localeDisplayNames>
		<languages>
			<language type="aa">Afar</language>
			<language type="ab">Abazca</language>
			<language type="af">Afrikaan Dili</language>
			<language type="am">Amharik</language>
			<language type="ar">Arapça</language>
			<language type="ay">Aymara</language>
			<language type="az">Azerice</language>
			<language type="ba">Başkırt Dili</language>
			<language type="be">Beyaz Rusça</language>
			<language type="bg">Bulgarca</language>
			<language type="bh">Bihari</language>
			<language type="bi">Bislama</language>
			<language type="bn">Bengal Dili</language>
			<language type="bo">Tibetçe</language>
			<language type="br">Breton Dili</language>
			<language type="ca">Katalan Dili</language>
			<language type="co">Korsika Dili</language>
			<language type="cs">Çekçe</language>
			<language type="cy">Gal Dili</language>
			<language type="da">Danca</language>
			<language type="de">Almanca</language>
			<language type="dz">Bhutan Dili</language>
			<language type="el">Yunanca</language>
			<language type="en">İngilizce</language>
			<language type="eo">Esperanto</language>
			<language type="es">İspanyolca</language>
			<language type="et">Estonya Dili</language>
			<language type="eu">Bask Dili</language>
			<language type="fa">Farsça</language>
			<language type="fi">Fince</language>
			<language type="fj">Fiji Dili</language>
			<language type="fo">Faroe Dili</language>
			<language type="fr">Fransızca</language>
			<language type="fy">Frizye Dili</language>
			<language type="ga">İrlanda Dili</language>
			<language type="gd">İskoç Gal Dili</language>
			<language type="gl">Galiçya Dili</language>
			<language type="gn">Guarani</language>
			<language type="gu">Gujarati</language>
			<language type="ha">Hausa</language>
			<language type="he">İbranice</language>
			<language type="hi">Hint Dili</language>
			<language type="hr">Hırvatça</language>
			<language type="hu">Macarca</language>
			<language type="hy">Ermenice</language>
			<language type="ia">Interlingua</language>
			<language type="id">Endonezya Dili</language>
			<language type="ie">Interlingue</language>
			<language type="ik">Inupiak</language>
			<language type="is">İzlandaca</language>
			<language type="it">İtalyanca</language>
			<language type="iu">Inuktitut</language>
			<language type="ja">Japonca</language>
			<language type="jv">Java Dili</language>
			<language type="ka">Gürcüce</language>
			<language type="kk">Kazak Dili</language>
			<language type="kl">Grönland Dili</language>
			<language type="km">Kamboçya Dili</language>
			<language type="kn">Kannada</language>
			<language type="ko">Korece</language>
			<language type="ks">Keşmirce</language>
			<language type="ku">Kürtçe</language>
			<language type="ky">Kırgızca</language>
			<language type="la">Latince</language>
			<language type="ln">Lingala</language>
			<language type="lo">Laos Dili</language>
			<language type="lt">Litvanya Dili</language>
			<language type="lv">Letonya Dili</language>
			<language type="mg">Malaga Dili</language>
			<language type="mi">Maori</language>
			<language type="mk">Makedonca</language>
			<language type="ml">Malayalam</language>
			<language type="mn">Moğol Dili</language>
			<language type="mo">Moldavya Dili</language>
			<language type="mr">Marathi</language>
			<language type="ms">Malay</language>
			<language type="mt">Malta Dili</language>
			<language type="my">Birmanya Dili</language>
			<language type="na">Nauru</language>
			<language type="ne">Nepal Dili</language>
			<language type="nl">Hollanda Dili</language>
			<language type="no">Norveççe</language>
			<language type="oc">Occitan</language>
			<language type="om">Oromo (Afan)</language>
			<language type="or">Oriya</language>
			<language type="pa">Pencap Dili</language>
			<language type="pl">Polonya Dili</language>
			<language type="ps">Peştun Dili</language>
			<language type="pt">Portekizce</language>
			<language type="qu">Quechua</language>
			<language type="rm">Rhaeto-Roman Dili</language>
			<language type="rn">Kirundi</language>
			<language type="ro">Romence</language>
			<language type="ru">Rusça</language>
			<language type="rw">Kinyarwanda</language>
			<language type="sa">Sanskritçe</language>
			<language type="sd">Sindhi</language>
			<language type="sg">Sangho</language>
			<language type="sh">Sırp-Hırvat Dili</language>
			<language type="si">Sinhal Dili</language>
			<language type="sk">Slovakça</language>
			<language type="sl">Slovence</language>
			<language type="sm">Samoa Dili</language>
			<language type="sn">Shona</language>
			<language type="so">Somali Dili</language>
			<language type="sq">Arnavutça</language>
			<language type="sr">Sırpça</language>
			<language type="ss">Siswati</language>
			<language type="st">Sesotho</language>
			<language type="su">Sudan Dili</language>
			<language type="sv">İsveççe</language>
			<language type="sw">Swahili</language>
			<language type="ta">Tamil</language>
			<language type="te">Telugu</language>
			<language type="tg">Tacik Dili</language>
			<language type="th">Tay Dili</language>
			<language type="ti">Tigrinya</language>
			<language type="tk">Türkmence</language>
			<language type="tl">Tagalog</language>
			<language type="tn">Setswana</language>
			<language type="to">Tonga</language>
			<language type="tr">Türkçe</language>
			<language type="ts">Tsonga</language>
			<language type="tt">Tatarca</language>
			<language type="tw">Twi</language>
			<language type="ug">Uygurca</language>
			<language type="uk">Ukraynaca</language>
			<language type="ur">Urduca</language>
			<language type="uz">Özbekçe</language>
			<language type="vi">Vietnam Dili</language>
			<language type="vo">Volapuk</language>
			<language type="wo">Wolof</language>
			<language type="xh">Xhosa</language>
			<language type="yi">Yiddiş</language>
			<language type="yo">Yoruba</language>
			<language type="za">Zhuang</language>
			<language type="zh">Çince</language>
			<language type="zu">Zulu</language>
		</languages>
		<territories>
			<territory type="AD">Andora</territory>
			<territory type="AE">Birleşik Arap Emirlikleri</territory>
			<territory type="AF">Afganistan</territory>
			<territory type="AG">Antigua ve Barbuda</territory>
			<territory type="AI">Anguilla</territory>
			<territory type="AL">Arnavutluk</territory>
			<territory type="AM">Ermenistan</territory>
			<territory type="AN">Hollanda Antilleri</territory>
			<territory type="AO">Angola</territory>
			<territory type="AQ">Antarktika</territory>
			<territory type="AR">Arjantin</territory>
			<territory type="AS">Amerikan Samoası</territory>
			<territory type="AT">Avusturya</territory>
			<territory type="AU">Avustralya</territory>
			<territory type="AW">Aruba</territory>
			<territory type="AZ">Azerbaycan</territory>
			<territory type="BA">Bosna Hersek</territory>
			<territory type="BB">Barbados</territory>
			<territory type="BD">Bangladeş</territory>
			<territory type="BE">Belçika</territory>
			<territory type="BF">Burkina Faso</territory>
			<territory type="BG">Bulgaristan</territory>
			<territory type="BH">Bahreyn</territory>
			<territory type="BI">Burundi</territory>
			<territory type="BJ">Benin</territory>
			<territory type="BM">Bermuda</territory>
			<territory type="BN">Brunei</territory>
			<territory type="BO">Bolivya</territory>
			<territory type="BR">Brezilya</territory>
			<territory type="BS">Bahamalar</territory>
			<territory type="BT">Bhutan</territory>
			<territory type="BV">Bouvet Adası</territory>
			<territory type="BW">Botswana</territory>
			<territory type="BY">Belarus</territory>
			<territory type="BZ">Belize</territory>
			<territory type="CA">Kanada</territory>
			<territory type="CC">Cocos (Keeling) Adaları</territory>
			<territory type="CD">Kongo Demokratik Cumhuriyeti</territory>
			<territory type="CF">Orta Afrika Cumhuriyeti</territory>
			<territory type="CG">Kongo</territory>
			<territory type="CH">İsviçre</territory>
			<territory type="CI">Fildişi Sahilleri</territory>
			<territory type="CK">Cook Adaları</territory>
			<territory type="CL">Şili</territory>
			<territory type="CM">Kamerun</territory>
			<territory type="CN">Çin</territory>
			<territory type="CO">Kolombiya</territory>
			<territory type="CR">Kosta Rika</territory>
			<territory type="CU">Küba</territory>
			<territory type="CV">Cape Verde</territory>
			<territory type="CX">Christmas Adası</territory>
			<territory type="CY">Kıbrıs</territory>
			<territory type="CZ">Çek Cumhuriyeti</territory>
			<territory type="DE">Almanya</territory>
			<territory type="DJ">Cibuti</territory>
			<territory type="DK">Danimarka</territory>
			<territory type="DM">Dominik</territory>
			<territory type="DO">Dominik Cumhuriyeti</territory>
			<territory type="DZ">Cezayir</territory>
			<territory type="EC">Ekvador</territory>
			<territory type="EE">Estonya</territory>
			<territory type="EG">Mısır</territory>
			<territory type="EH">Batı Sahara</territory>
			<territory type="ER">Eritre</territory>
			<territory type="ES">İspanya</territory>
			<territory type="ET">Etiyopya</territory>
			<territory type="FI">Finlandiya</territory>
			<territory type="FJ">Fiji</territory>
			<territory type="FK">Falkland Adaları (Malvinalar)</territory>
			<territory type="FM">Mikronezya Federal Eyaletleri</territory>
			<territory type="FO">Faroe Adaları</territory>
			<territory type="FR">Fransa</territory>
			<territory type="Fallback">en</territory>
			<territory type="GA">Gabon</territory>
			<territory type="GB">Birleşik Krallık</territory>
			<territory type="GD">Granada</territory>
			<territory type="GE">Gürcistan</territory>
			<territory type="GF">Fransız Ginesi</territory>
			<territory type="GH">Gana</territory>
			<territory type="GI">Cebelitarık</territory>
			<territory type="GL">Grönland</territory>
			<territory type="GM">Gambia</territory>
			<territory type="GN">Gine</territory>
			<territory type="GP">Guadeloupe</territory>
			<territory type="GQ">Ekvator Ginesi</territory>
			<territory type="GR">Yunanistan</territory>
			<territory type="GS">Güney Georgia ve Güney Sandwich Adaları</territory>
			<territory type="GT">Guatemala</territory>
			<territory type="GU">Guam</territory>
			<territory type="GW">Gine-Bissau</territory>
			<territory type="GY">Guyana</territory>
			<territory type="HK">Hong Kong SAR - Çin</territory>
			<territory type="HM">Heard Adası ve McDonald Adaları</territory>
			<territory type="HN">Honduras</territory>
			<territory type="HR">Hırvatistan</territory>
			<territory type="HT">Haiti</territory>
			<territory type="HU">Macaristan</territory>
			<territory type="ID">Endonezya</territory>
			<territory type="IE">İrlanda</territory>
			<territory type="IL">İsrail</territory>
			<territory type="IN">Hindistan</territory>
			<territory type="IO">Hint Okyanusu İngiliz Bölgesi</territory>
			<territory type="IQ">Irak</territory>
			<territory type="IR">İran</territory>
			<territory type="IS">İzlanda</territory>
			<territory type="IT">İtalya</territory>
			<territory type="JM">Jamaika</territory>
			<territory type="JO">Ürdün</territory>
			<territory type="JP">Japonya</territory>
			<territory type="KE">Kenya</territory>
			<territory type="KG">Kırgızistan</territory>
			<territory type="KH">Kamboçya</territory>
			<territory type="KI">Kiribati</territory>
			<territory type="KM">Komorlar</territory>
			<territory type="KN">Saint Kittler ve Neviler</territory>
			<territory type="KP">Kore, Kuzey</territory>
			<territory type="KR">Kore, Güney</territory>
			<territory type="KW">Kuveyt</territory>
			<territory type="KY">Cayman Adaları</territory>
			<territory type="KZ">Kazakistan</territory>
			<territory type="LA">Lao Demokratik Halk Cumhuriyeti</territory>
			<territory type="LB">Lübnan</territory>
			<territory type="LC">Saint Lucia</territory>
			<territory type="LI">Liechtenstein</territory>
			<territory type="LK">Sri Lanka</territory>
			<territory type="LR">Liberya</territory>
			<territory type="LS">Lesotho</territory>
			<territory type="LT">Litvanya</territory>
			<territory type="LU">Lüksemburg</territory>
			<territory type="LV">Letonya</territory>
			<territory type="LY">Libya</territory>
			<territory type="MA">Fas</territory>
			<territory type="MC">Monako</territory>
			<territory type="MD">Moldovya Cumhuriyeti</territory>
			<territory type="MG">Madagaskar</territory>
			<territory type="MH">Marshall Adaları</territory>
			<territory type="MK">Makedonya Cumhuriyeti</territory>
			<territory type="ML">Mali</territory>
			<territory type="MM">Myanmar</territory>
			<territory type="MN">Moğolistan</territory>
			<territory type="MO">Macao S.A.R. - Çin</territory>
			<territory type="MP">Kuzey Mariana Adaları</territory>
			<territory type="MQ">Martinik</territory>
			<territory type="MR">Moritanya</territory>
			<territory type="MS">Montserrat</territory>
			<territory type="MT">Malta</territory>
			<territory type="MU">Mauritius</territory>
			<territory type="MV">Maldivler</territory>
			<territory type="MW">Malavi</territory>
			<territory type="MX">Meksika</territory>
			<territory type="MY">Malezya</territory>
			<territory type="MZ">Mozambik</territory>
			<territory type="NA">Namibya</territory>
			<territory type="NC">Yeni Kaledonya</territory>
			<territory type="NE">Nijer</territory>
			<territory type="NF">Norfolk Adası</territory>
			<territory type="NG">Nijerya</territory>
			<territory type="NI">Nikaragua</territory>
			<territory type="NL">Hollanda</territory>
			<territory type="NO">Norveç</territory>
			<territory type="NP">Nepal</territory>
			<territory type="NR">Nauru Adası</territory>
			<territory type="NU">Niue Adaları</territory>
			<territory type="NZ">Yeni Zelanda</territory>
			<territory type="OM">Umman</territory>
			<territory type="PA">Panama</territory>
			<territory type="PE">Peru</territory>
			<territory type="PF">Fransız Polinezyası</territory>
			<territory type="PG">Papua Yeni Gine</territory>
			<territory type="PH">Filipinler</territory>
			<territory type="PK">Pakistan</territory>
			<territory type="PL">Polonya</territory>
			<territory type="PM">Saint Pierre ve Miquelon</territory>
			<territory type="PN">Pitcairn</territory>
			<territory type="PR">Porto Riko</territory>
			<territory type="PS">Filistin Bölgesi</territory>
			<territory type="PT">Portekiz</territory>
			<territory type="PW">Palau</territory>
			<territory type="PY">Paraguay</territory>
			<territory type="QA">Katar</territory>
			<territory type="RE">Reunion</territory>
			<territory type="RO">Romanya</territory>
			<territory type="RU">Rusya Federasyonu</territory>
			<territory type="RW">Ruanda</territory>
			<territory type="SA">Suudi Arabistan</territory>
			<territory type="SB">Solomon Adaları</territory>
			<territory type="SC">Seyşeller</territory>
			<territory type="SD">Sudan</territory>
			<territory type="SE">İsveç</territory>
			<territory type="SG">Singapur</territory>
			<territory type="SH">Saint Helena</territory>
			<territory type="SI">Slovenya</territory>
			<territory type="SJ">Svalbard ve Jan Mayen</territory>
			<territory type="SK">Slovakya</territory>
			<territory type="SL">Sierra Leone</territory>
			<territory type="SM">San Marino</territory>
			<territory type="SN">Senegal</territory>
			<territory type="SO">Somali</territory>
			<territory type="SP">Serbia</territory>
			<territory type="SR">Surinam</territory>
			<territory type="ST">Sao Tome ve Principe</territory>
			<territory type="SV">El Salvador</territory>
			<territory type="SY">Suriye</territory>
			<territory type="SZ">Swaziland</territory>
			<territory type="TC">Turks ve Caicos Adaları</territory>
			<territory type="TD">Çad</territory>
			<territory type="TF">Fransız Güney Bölgeleri</territory>
			<territory type="TG">Togo</territory>
			<territory type="TH">Tayland</territory>
			<territory type="TJ">Tacikistan</territory>
			<territory type="TK">Tokelau</territory>
			<territory type="TL">Doğu Timor</territory>
			<territory type="TM">Türkmenistan</territory>
			<territory type="TN">Tunus</territory>
			<territory type="TO">Tonga</territory>
			<territory type="TR">Türkiye</territory>
			<territory type="TT">Trinidad ve Tobago</territory>
			<territory type="TV">Tuvalu</territory>
			<territory type="TW">Tayvan, Çin Bölgesi</territory>
			<territory type="TZ">Tanzanya</territory>
			<territory type="UA">Ukrayna</territory>
			<territory type="UG">Uganda</territory>
			<territory type="UM">Amerika Birleşik Devletleri Küçük Dış Adaları</territory>
			<territory type="US">Amerika Birleşik Devletleri</territory>
			<territory type="UY">Uruguay</territory>
			<territory type="UZ">Özbekistan</territory>
			<territory type="VA">Kutsal Devlet (Vatikan Şehir Devleti)</territory>
			<territory type="VC">Saint Vincent ve Grenadinler</territory>
			<territory type="VE">Venezuela</territory>
			<territory type="VG">İngiliz Virgin Adaları</territory>
			<territory type="VI">ABD Virgin Adaları</territory>
			<territory type="VN">Vietnam</territory>
			<territory type="VU">Vanuatu</territory>
			<territory type="WF">Wallis ve Futuna</territory>
			<territory type="WS">Samoa</territory>
			<territory type="YE">Yemen</territory>
			<territory type="YT">Mayotte</territory>
			<territory type="YU">Yugoslavya</territory>
			<territory type="ZA">Güney Afrika</territory>
			<territory type="ZM">Zambiya</territory>
			<territory type="ZW">Zimbabwe</territory>
		</territories>
	</localeDisplayNames>
	<characters>
		<exemplarCharacters>[a-zâûöüıçşğ]</exemplarCharacters>
	</characters>
	<dates>
		<localizedPatternChars>GanjkHmsSEDFwWxhKzAeugXZ</localizedPatternChars>
		<calendars>
			<calendar type="gregorian">
				<months>
					<monthContext type="format">
						<monthWidth type="abbreviated">
							<month type="1">Oca</month>
							<month type="2">Şub</month>
							<month type="3">Mar</month>
							<month type="4">Nis</month>
							<month type="5">May</month>
							<month type="6">Haz</month>
							<month type="7">Tem</month>
							<month type="8">Ağu</month>
							<month type="9">Eyl</month>
							<month type="10">Eki</month>
							<month type="11">Kas</month>
							<month type="12">Ara</month>
						</monthWidth>
						<monthWidth type="wide">
							<month type="1">Ocak</month>
							<month type="2">Şubat</month>
							<month type="3">Mart</month>
							<month type="4">Nisan</month>
							<month type="5">Mayıs</month>
							<month type="6">Haziran</month>
							<month type="7">Temmuz</month>
							<month type="8">Ağustos</month>
							<month type="9">Eylül</month>
							<month type="10">Ekim</month>
							<month type="11">Kasım</month>
							<month type="12">Aralık</month>
						</monthWidth>
					</monthContext>
				</months>
				<days>
					<dayContext type="format">
						<dayWidth type="abbreviated">
							<day type="sun">Paz</day>
							<day type="mon">Pzt</day>
							<day type="tue">Sal</day>
							<day type="wed">Çar</day>
							<day type="thu">Per</day>
							<day type="fri">Cum</day>
							<day type="sat">Cmt</day>
						</dayWidth>
						<dayWidth type="wide">
							<day type="sun">Pazar</day>
							<day type="mon">Pazartesi</day>
							<day type="tue">Salı</day>
							<day type="wed">Çarşamba</day>
							<day type="thu">Perşembe</day>
							<day type="fri">Cuma</day>
							<day type="sat">Cumartesi</day>
						</dayWidth>
					</dayContext>
				</days>
				<week>
					<minDays count="1"/>
					<firstDay day="mon"/>
				</week>
				<eras>
					<eraAbbr>
						<era type="1">MÖ</era>
						<era type="2">MS</era>
					</eraAbbr>
				</eras>
				<dateFormats>
					<default type="medium"/>
					<dateFormatLength type="full">
						<dateFormat >
							<pattern>dd MMMM yyyy EEEE</pattern>
						</dateFormat>
					</dateFormatLength >
					<dateFormatLength type="long">
						<dateFormat >
							<pattern>dd MMMM yyyy EEEE</pattern>
						</dateFormat>
					</dateFormatLength >
					<dateFormatLength type="medium">
						<dateFormat >
							<pattern>dd.MMM.yyyy</pattern>
						</dateFormat>
					</dateFormatLength >
					<dateFormatLength type="short">
						<dateFormat >
							<pattern>dd.MM.yyyy</pattern>
						</dateFormat>
					</dateFormatLength >
				</dateFormats>
				<timeFormats>
					<default type="medium"/>
					<timeFormatLength type="full">
						<timeFormat >
							<pattern>HH:mm:ss z</pattern>
						</timeFormat>
					</timeFormatLength >
					<timeFormatLength type="long">
						<timeFormat >
							<pattern>HH:mm:ss z</pattern>
						</timeFormat>
					</timeFormatLength >
					<timeFormatLength type="medium">
						<timeFormat >
							<pattern>HH:mm:ss</pattern>
						</timeFormat>
					</timeFormatLength >
					<timeFormatLength type="short">
						<timeFormat >
							<pattern>HH:mm</pattern>
						</timeFormat>
					</timeFormatLength >
				</timeFormats>
				<dateTimeFormats>
					<dateTimeFormatLength >
						<dateTimeFormat>
							<pattern>{1} {0}</pattern>
						</dateTimeFormat>
					</dateTimeFormatLength >
				</dateTimeFormats>
			</calendar>
		</calendars>
	</dates>
	<numbers>
		<symbols>
			<decimal>,</decimal>
			<group>.</group>
			<list>;</list>
			<percentSign>%</percentSign>
			<nativeZeroDigit>0</nativeZeroDigit>
			<patternDigit>#</patternDigit>
			<plusSign>+</plusSign>
			<minusSign>-</minusSign>
			<exponential>E</exponential>
			<perMille>‰</perMille>
			<infinity>∞</infinity>
			<nan>�</nan>
		</symbols>
		<currencies>
			<currency type="ITL">
				<displayName>ITL</displayName>
				<symbol>ITL</symbol>
			</currency>
			<currency type="TRL">
				<displayName>TRL</displayName>
				<symbol>TL</symbol>
			</currency>
		</currencies>
	</numbers>
</ldml>
