<?xml version="1.0" encoding="UTF-8" ?>
<!DOCTYPE ldml SYSTEM "http://www.unicode.org/cldr/dtd/1.1/ldml.dtd">
<ldml draft="true">
	<identity>
		<version number="1.1"/>
		<generation date="2004-06-04" />
		<language type="tt" /> 
	</identity>
	<localeDisplayNames>
		<languages>
			<language type="tt">Татар</language>
		</languages>
		<territories>
			<territory type="RU">Россия</territory>
		</territories>
	</localeDisplayNames>
	<characters>
		<exemplarCharacters>[а-яёіѣѳѵә]</exemplarCharacters>
	</characters>
	<numbers>
		<symbols>
			<decimal>,</decimal>
			<group> </group>
			<list>;</list>
			<percentSign>%</percentSign>
			<nativeZeroDigit>0</nativeZeroDigit>
			<patternDigit>#</patternDigit>
			<plusSign>+</plusSign>
			<minusSign>-</minusSign>
			<exponential>E</exponential>
			<perMille>‰</perMille>
			<infinity>∞</infinity>
			<nan>�</nan>
		</symbols>
		<currencies>
			<currency type="RUR">
				<displayName>RUR</displayName>
				<symbol>р.</symbol>
			</currency>
		</currencies>
	</numbers>
</ldml>
