<?xml version="1.0" encoding="UTF-8" ?>
<!DOCTYPE ldml SYSTEM "http://www.unicode.org/cldr/dtd/1.1/ldml.dtd">
<ldml>
	<identity>
		<version number="1.1"/>
		<generation date="2004-06-04" />
		<language type="uk" /> 
	</identity>
	<localeDisplayNames>
		<languages>
			<language type="aa">Афарська</language>
			<language type="ab">Абхазька</language>
			<language type="af">Африканс</language>
			<language type="am">Амхарік</language>
			<language type="ar">Арабська</language>
			<language type="as">Ассамська</language>
			<language type="ay">Аумара</language>
			<language type="az">Азербайджанська</language>
			<language type="ba">Башкирська</language>
			<language type="be">Білоруська</language>
			<language type="bg">Болгарська</language>
			<language type="bh">Біхарійська</language>
			<language type="bi">Бісламійська</language>
			<language type="bn">Бенгальська</language>
			<language type="bo">Тібетська</language>
			<language type="br">Бретонська</language>
			<language type="ca">Каталонська</language>
			<language type="co">Корсиканська</language>
			<language type="cs">Чеська</language>
			<language type="cy">Валлійська</language>
			<language type="da">Датська</language>
			<language type="de">Німецька</language>
			<language type="dz">Бхутані</language>
			<language type="el">Грецька</language>
			<language type="en">Англійська</language>
			<language type="eo">Есперанто</language>
			<language type="es">Іспанська</language>
			<language type="et">Естонська</language>
			<language type="eu">Басква</language>
			<language type="fa">Перська</language>
			<language type="fi">Фінська</language>
			<language type="fj">Фіджі</language>
			<language type="fo">Фарерська</language>
			<language type="fr">Французька</language>
			<language type="fy">Фризька</language>
			<language type="ga">Ірландська</language>
			<language type="gd">Гаельська</language>
			<language type="gl">Галісійська</language>
			<language type="gn">Гуарані</language>
			<language type="gu">Гуяраті</language>
			<language type="ha">Хауса</language>
			<language type="he">Іврит</language>
			<language type="hi">Хінді</language>
			<language type="hr">Хорватська</language>
			<language type="hu">Угорська</language>
			<language type="hy">Вірменська</language>
			<language type="ia">Інтерлінгва</language>
			<language type="id">Індонезійська</language>
			<language type="ie">Інтерлінгва</language>
			<language type="ik">Інупіак</language>
			<language type="is">Ісландська</language>
			<language type="it">Італійська</language>
			<language type="ja">Японська</language>
			<language type="jv">Яванська</language>
			<language type="ka">Грузинська</language>
			<language type="kk">Казахська</language>
			<language type="kl">Гринландік</language>
			<language type="km">Кампучійська</language>
			<language type="kn">Дравідійська</language>
			<language type="ko">Корейська</language>
			<language type="ks">Кашмірська</language>
			<language type="ku">Курдська</language>
			<language type="ky">Киргизька</language>
			<language type="la">Латинська</language>
			<language type="ln">Лінгала</language>
			<language type="lo">Лаоська</language>
			<language type="lt">Литовська</language>
			<language type="lv">Латвійська</language>
			<language type="mg">Малагасійська</language>
			<language type="mi">Маорі</language>
			<language type="mk">Македонська</language>
			<language type="ml">Малайялам</language>
			<language type="mn">Монгольська</language>
			<language type="mo">Молдавська</language>
			<language type="mr">Маратхі</language>
			<language type="ms">Малайська</language>
			<language type="mt">Мальтійська</language>
			<language type="my">Бурмісійська</language>
			<language type="na">Науру</language>
			<language type="ne">Непальська</language>
			<language type="nl">Голландська</language>
			<language type="no">Норвезька</language>
			<language type="oc">Окитан</language>
			<language type="om">Оромо</language>
			<language type="or">Орія</language>
			<language type="pa">Панджабі</language>
			<language type="pl">Польська</language>
			<language type="ps">Пашто</language>
			<language type="pt">Португальська</language>
			<language type="qu">Кечуа</language>
			<language type="rm">Ретороманська</language>
			<language type="rn">Кірундійська</language>
			<language type="ro">Румунська</language>
			<language type="ru">Російська</language>
			<language type="rw">Кінаруанда</language>
			<language type="sa">Санскрит</language>
			<language type="sd">Сіндтхі</language>
			<language type="sg">Сангро</language>
			<language type="sh">Сербсько-хорватська</language>
			<language type="si">Сингальська</language>
			<language type="sk">Словацька</language>
			<language type="sl">Словенська</language>
			<language type="sm">Самоанська</language>
			<language type="sn">Шона</language>
			<language type="so">Сомалі</language>
			<language type="sq">Албанська</language>
			<language type="sr">Сербська</language>
			<language type="ss">Сісваті</language>
			<language type="st">Сесотхо</language>
			<language type="su">Суданська</language>
			<language type="sv">Шведська</language>
			<language type="sw">Суахілі</language>
			<language type="ta">Тамільська</language>
			<language type="te">Телугу</language>
			<language type="tg">Таджицька</language>
			<language type="th">Тайська</language>
			<language type="ti">Тигріні</language>
			<language type="tk">Туркменська</language>
			<language type="tl">Тагальська</language>
			<language type="tn">Сетсванська</language>
			<language type="to">Тонга</language>
			<language type="tr">Турецька</language>
			<language type="ts">Тсонго</language>
			<language type="tt">Татарська</language>
			<language type="tw">Тві</language>
			<language type="ug">Уйгурська</language>
			<language type="uk">Українська</language>
			<language type="ur">Урду</language>
			<language type="uz">Узбецька</language>
			<language type="vi">Вʼєтнамська</language>
			<language type="vo">Волапак</language>
			<language type="wo">Волоф</language>
			<language type="xh">Кхоса</language>
			<language type="yi">Ідиш</language>
			<language type="yo">Йоруба</language>
			<language type="za">Зуанг</language>
			<language type="zh">Китайська</language>
			<language type="zu">Зулуська</language>
		</languages>
		<territories>
			<territory type="AD">Андорра</territory>
			<territory type="AE">Сполучені Арабські Емірати</territory>
			<territory type="AF">Афганістан</territory>
			<territory type="AG">Антигуа і Барбуда</territory>
			<territory type="AI">Ангілья</territory>
			<territory type="AL">Албанія</territory>
			<territory type="AM">Вірменія</territory>
			<territory type="AN">Нідерландські Антіли</territory>
			<territory type="AO">Ангола</territory>
			<territory type="AQ">Антарктика</territory>
			<territory type="AR">Аргентина</territory>
			<territory type="AS">Американські Самоа</territory>
			<territory type="AT">Австрія</territory>
			<territory type="AU">Австралія</territory>
			<territory type="AW">Аруба</territory>
			<territory type="AZ">Азербайджан</territory>
			<territory type="BA">Боснія і Герцеговина</territory>
			<territory type="BB">Барбадос</territory>
			<territory type="BD">Бангладеш</territory>
			<territory type="BE">Бельгія</territory>
			<territory type="BF">Буркіна-Фасо</territory>
			<territory type="BG">Болгарія</territory>
			<territory type="BH">Бахрейн</territory>
			<territory type="BI">Бурунді</territory>
			<territory type="BJ">Бенін</territory>
			<territory type="BM">Бермуди</territory>
			<territory type="BN">Бруней</territory>
			<territory type="BO">Болівія</territory>
			<territory type="BR">Бразилія</territory>
			<territory type="BS">Багами</territory>
			<territory type="BT">Бутан</territory>
			<territory type="BV">Буве, острів</territory>
			<territory type="BW">Ботсвана</territory>
			<territory type="BY">Білорусь</territory>
			<territory type="BZ">Беліз</territory>
			<territory type="CA">Канада</territory>
			<territory type="CC">Кокосові острови</territory>
			<territory type="CD">Конго</territory>
			<territory type="CF">Центрально-Африканська Республіка</territory>
			<territory type="CG">Конго</territory>
			<territory type="CH">Швейцарія</territory>
			<territory type="CI">Кот-д’Івуар</territory>
			<territory type="CK">Кука, острови</territory>
			<territory type="CL">Чилі</territory>
			<territory type="CM">Камерун</territory>
			<territory type="CN">Китай</territory>
			<territory type="CO">Колумбія</territory>
			<territory type="CR">Коста-Рика</territory>
			<territory type="CU">Куба</territory>
			<territory type="CV">Зеленого Мису, острови</territory>
			<territory type="CX">Різдвяні Острови</territory>
			<territory type="CY">Кіпр</territory>
			<territory type="CZ">Чехія</territory>
			<territory type="DE">Німеччина</territory>
			<territory type="DJ">Джибуті</territory>
			<territory type="DK">Данія</territory>
			<territory type="DM">Домінік</territory>
			<territory type="DO">Домініканська Республіка</territory>
			<territory type="DZ">Алжир</territory>
			<territory type="EC">Еквадор</territory>
			<territory type="EE">Естонія</territory>
			<territory type="EG">Єгипет</territory>
			<territory type="EH">Західна Сахара</territory>
			<territory type="ER">Ерітрея</territory>
			<territory type="ES">Іспанія</territory>
			<territory type="ET">Ефіопія</territory>
			<territory type="FI">Фінляндія</territory>
			<territory type="FJ">Фіджі</territory>
			<territory type="FK">Фолклендські Острови (Мальвіни)</territory>
			<territory type="FM">Мікронезія</territory>
			<territory type="FO">Фаро, острови</territory>
			<territory type="FR">Франція</territory>
			<territory type="GA">Габон</territory>
			<territory type="GB">Великобританія</territory>
			<territory type="GD">Гренада</territory>
			<territory type="GE">Грузія</territory>
			<territory type="GF">Французька Гвіана</territory>
			<territory type="GH">Гана</territory>
			<territory type="GI">Гібралтар</territory>
			<territory type="GL">Гренландія</territory>
			<territory type="GM">Гамбія</territory>
			<territory type="GN">Гвінея</territory>
			<territory type="GP">Гваделупа</territory>
			<territory type="GQ">Екваторіальна Гвінея</territory>
			<territory type="GR">Греція</territory>
			<territory type="GS">Південна Джоржія та Острови Південний Сандвіч</territory>
			<territory type="GT">Гватемала</territory>
			<territory type="GU">Гуам</territory>
			<territory type="GW">Гвінея-Біссау</territory>
			<territory type="GY">Гуана</territory>
			<territory type="HK">Гонконг</territory>
			<territory type="HM">Острови Херда і Макдональдса</territory>
			<territory type="HN">Гондурас</territory>
			<territory type="HR">Хорватія</territory>
			<territory type="HT">Гаїті</territory>
			<territory type="HU">Угорщина</territory>
			<territory type="ID">Індонезія</territory>
			<territory type="IE">Ірландія</territory>
			<territory type="IL">Ізраїль</territory>
			<territory type="IN">Індія</territory>
			<territory type="IO">Британські території Індійського океану</territory>
			<territory type="IQ">Ірак</territory>
			<territory type="IR">Іран</territory>
			<territory type="IS">Ісландія</territory>
			<territory type="IT">Італія</territory>
			<territory type="JM">Ямайка</territory>
			<territory type="JO">Йорданія</territory>
			<territory type="JP">Японія</territory>
			<territory type="KE">Кенія</territory>
			<territory type="KG">Киргизстан</territory>
			<territory type="KH">Камбоджа</territory>
			<territory type="KI">Кірибаті</territory>
			<territory type="KM">Коморос</territory>
			<territory type="KN">Св. Кіттс і Невіс</territory>
			<territory type="KP">Корея, Демократична Республіка</territory>
			<territory type="KR">Корея, Республіка</territory>
			<territory type="KW">Кувейт</territory>
			<territory type="KY">Кайманові острови</territory>
			<territory type="KZ">Казахстан</territory>
			<territory type="LA">Лаоська Народно-Демократична Республіка</territory>
			<territory type="LB">Ліван</territory>
			<territory type="LC">Санта Лючія</territory>
			<territory type="LI">Ліхтенштейн</territory>
			<territory type="LK">Шрі-Ланка</territory>
			<territory type="LR">Ліберія</territory>
			<territory type="LS">Лесото</territory>
			<territory type="LT">Литва</territory>
			<territory type="LU">Люксембург</territory>
			<territory type="LV">Латвія</territory>
			<territory type="LY">Лівійська Арабська Джамахірія</territory>
			<territory type="MA">Марокко</territory>
			<territory type="MC">Монако</territory>
			<territory type="MD">Молдова</territory>
			<territory type="MG">Мадагаскар</territory>
			<territory type="MH">Маршалові Острови</territory>
			<territory type="MK">Македонія</territory>
			<territory type="ML">Малі</territory>
			<territory type="MM">Мʼянмар</territory>
			<territory type="MN">Монголія</territory>
			<territory type="MO">Макао</territory>
			<territory type="MP">Північна Маріана, острови</territory>
			<territory type="MQ">Мартиніка</territory>
			<territory type="MR">Мавританія</territory>
			<territory type="MS">Монсеррат</territory>
			<territory type="MT">Мальта</territory>
			<territory type="MU">Маврикій</territory>
			<territory type="MV">Мальдіви</territory>
			<territory type="MW">Малави</territory>
			<territory type="MX">Мексика</territory>
			<territory type="MY">Малайзія</territory>
			<territory type="MZ">Мозамбік</territory>
			<territory type="NA">Намібія</territory>
			<territory type="NC">Нова Каледонія</territory>
			<territory type="NE">Нігерія</territory>
			<territory type="NF">Норфолькські Острови</territory>
			<territory type="NG">Нігерія</territory>
			<territory type="NI">Нікарагуа</territory>
			<territory type="NL">Нідерланди</territory>
			<territory type="NO">Норвегія</territory>
			<territory type="NP">Непал</territory>
			<territory type="NR">Науру</territory>
			<territory type="NU">Нія</territory>
			<territory type="NZ">Нова Зеландія</territory>
			<territory type="OM">Оман</territory>
			<territory type="PA">Панама</territory>
			<territory type="PE">Перу</territory>
			<territory type="PF">Французька Полінезія</territory>
			<territory type="PG">Папуа Нова Гвінея</territory>
			<territory type="PH">Філіппіни</territory>
			<territory type="PK">Пакистан</territory>
			<territory type="PL">Польща</territory>
			<territory type="PM">Св. Пʼєр і Мікулон</territory>
			<territory type="PN">Піткаїрн</territory>
			<territory type="PR">Пуерто-Ріко</territory>
			<territory type="PS">Палестина</territory>
			<territory type="PT">Португалія</territory>
			<territory type="PW">Палау</territory>
			<territory type="PY">Парагвай</territory>
			<territory type="QA">Катар</territory>
			<territory type="RE">Реюньйон</territory>
			<territory type="RO">Румунія</territory>
			<territory type="RU">Росія</territory>
			<territory type="RW">Руанда</territory>
			<territory type="SA">Саудівська Аравія</territory>
			<territory type="SB">Соломонові Острови</territory>
			<territory type="SC">Сейшели</territory>
			<territory type="SD">Судан</territory>
			<territory type="SE">Швеція</territory>
			<territory type="SG">Сінгапур</territory>
			<territory type="SH">Св. Єлена</territory>
			<territory type="SI">Словенія</territory>
			<territory type="SJ">Свалбард і Ян Майєн, острови</territory>
			<territory type="SK">Словакія</territory>
			<territory type="SL">Сьєрра-Леоне</territory>
			<territory type="SM">Сан-Маріно</territory>
			<territory type="SN">Сенегал</territory>
			<territory type="SO">Сомалі</territory>
			<territory type="SR">Сурінам</territory>
			<territory type="ST">Сао Том і Прінсіп</territory>
			<territory type="SV">Сальвадор</territory>
			<territory type="SY">Сирійська Арабська Республіка</territory>
			<territory type="SZ">Свазіленд</territory>
			<territory type="TC">Турок та Какіос, острови</territory>
			<territory type="TD">Чад</territory>
			<territory type="TF">Французькі Південні Території</territory>
			<territory type="TG">Того</territory>
			<territory type="TH">Тайланд</territory>
			<territory type="TJ">Таджикистан</territory>
			<territory type="TK">Токелау</territory>
			<territory type="TL">Східний Тимор</territory>
			<territory type="TM">Туркменистан</territory>
			<territory type="TN">Туніс</territory>
			<territory type="TO">Тонга</territory>
			<territory type="TR">Туреччина</territory>
			<territory type="TT">Тринідад і Табаго</territory>
			<territory type="TV">Тувалу</territory>
			<territory type="TW">Тайвань</territory>
			<territory type="TZ">Танзанія, Обʼєднана Республіка</territory>
			<territory type="UA">Україна</territory>
			<territory type="UG">Уганда</territory>
			<territory type="UM">Віддалені Острови США</territory>
			<territory type="US">США</territory>
			<territory type="UY">Уругвай</territory>
			<territory type="UZ">Узбекистан</territory>
			<territory type="VA">Ватикан</territory>
			<territory type="VC">Св. Вінсент і Гренадини</territory>
			<territory type="VE">Венесуела</territory>
			<territory type="VG">Віргінські острови (Британія)</territory>
			<territory type="VI">Віргінські острови (США)</territory>
			<territory type="VN">Вʼєтнам</territory>
			<territory type="VU">Вануату</territory>
			<territory type="WF">Валліс і Футуна, острови</territory>
			<territory type="WS">Самоа</territory>
			<territory type="YE">Йємен</territory>
			<territory type="YT">Майот</territory>
			<territory type="YU">Югославія</territory>
			<territory type="ZA">ПАР</territory>
			<territory type="ZM">Замбія</territory>
			<territory type="ZW">Зімбабве</territory>
		</territories>
	</localeDisplayNames>
	<characters>
		<exemplarCharacters>[а-щюьяєіїґ]</exemplarCharacters>
	</characters>
	<dates>
		<localizedPatternChars>GanjkHmsSEDFwWxhKzAeugXZ</localizedPatternChars>
		<calendars>
			<calendar type="gregorian">
				<months>
					<monthContext type="format">
						<monthWidth type="abbreviated">
							<month type="1">Січ</month>
							<month type="2">Лют</month>
							<month type="3">Бер</month>
							<month type="4">Кві</month>
							<month type="5">Тра</month>
							<month type="6">Чер</month>
							<month type="7">Лип</month>
							<month type="8">Сер</month>
							<month type="9">Вер</month>
							<month type="10">Жов</month>
							<month type="11">Лис</month>
							<month type="12">Гру</month>
						</monthWidth>
						<monthWidth type="narrow">
							<month type="1">С</month>
							<month type="2">Л</month>
							<month type="3">Б</month>
							<month type="4">К</month>
							<month type="5">Т</month>
							<month type="6">Ч</month>
							<month type="7">Л</month>
							<month type="8">С</month>
							<month type="9">В</month>
							<month type="10">Ж</month>
							<month type="11">Л</month>
							<month type="12">Г</month>
						</monthWidth>
						<monthWidth type="wide">
							<month type="1">січня</month>
							<month type="2">лютого</month>
							<month type="3">березня</month>
							<month type="4">квітня</month>
							<month type="5">травня</month>
							<month type="6">червня</month>
							<month type="7">липня</month>
							<month type="8">серпня</month>
							<month type="9">вересня</month>
							<month type="10">жовтня</month>
							<month type="11">листопада</month>
							<month type="12">грудня</month>
						</monthWidth>
					</monthContext>
					<monthContext type="stand-alone">
						<monthWidth type="abbreviated">
							<month type="1">Січ</month>
							<month type="2">Лют</month>
							<month type="3">Бер</month>
							<month type="4">Кві</month>
							<month type="5">Тра</month>
							<month type="6">Чер</month>
							<month type="7">Лип</month>
							<month type="8">Сер</month>
							<month type="9">Вер</month>
							<month type="10">Жов</month>
							<month type="11">Лис</month>
							<month type="12">Гру</month>
						</monthWidth>
						<monthWidth type="narrow">
							<month type="1">С</month>
							<month type="2">Л</month>
							<month type="3">Б</month>
							<month type="4">К</month>
							<month type="5">Т</month>
							<month type="6">Ч</month>
							<month type="7">Л</month>
							<month type="8">С</month>
							<month type="9">В</month>
							<month type="10">Ж</month>
							<month type="11">Л</month>
							<month type="12">Г</month>
						</monthWidth>
						<monthWidth type="wide">
							<month type="1">Січень</month>
							<month type="2">Лютий</month>
							<month type="3">Березень</month>
							<month type="4">Квітень</month>
							<month type="5">Травень</month>
							<month type="6">Червень</month>
							<month type="7">Липень</month>
							<month type="8">Серпень</month>
							<month type="9">Вересень</month>
							<month type="10">Жовтень</month>
							<month type="11">Листопад</month>
							<month type="12">Грудень</month>
						</monthWidth>
					</monthContext>
				</months>
				<days>
					<dayContext type="format">
						<dayWidth type="abbreviated">
							<day type="sun">Нд</day>
							<day type="mon">Пн</day>
							<day type="tue">Вт</day>
							<day type="wed">Ср</day>
							<day type="thu">Чт</day>
							<day type="fri">Пт</day>
							<day type="sat">Сб</day>
						</dayWidth>
						<dayWidth type="wide">
							<day type="sun">Неділя</day>
							<day type="mon">Понеділок</day>
							<day type="tue">Вівторок</day>
							<day type="wed">Середа</day>
							<day type="thu">Четвер</day>
							<day type="fri">Пʼятниця</day>
							<day type="sat">Субота</day>
						</dayWidth>
					</dayContext>
				</days>
				<week>
					<minDays count="1"/>
					<firstDay day="mon"/>
				</week>
				<eras>
					<eraAbbr>
						<era type="1">до н.е.</era>
						<era type="2">н.е.</era>
					</eraAbbr>
				</eras>
				<dateFormats>
					<default type="medium"/>
					<dateFormatLength type="full">
						<dateFormat >
							<pattern>EEEE, d MMMM yyyy 'р.'</pattern>
						</dateFormat>
					</dateFormatLength >
					<dateFormatLength type="long">
						<dateFormat >
							<pattern>d MMMM yyyy</pattern>
						</dateFormat>
					</dateFormatLength >
					<dateFormatLength type="medium">
						<dateFormat >
							<pattern>d MMM yyyy</pattern>
						</dateFormat>
					</dateFormatLength >
					<dateFormatLength type="short">
						<dateFormat >
							<pattern>dd.MM.yy</pattern>
						</dateFormat>
					</dateFormatLength >
				</dateFormats>
				<timeFormats>
					<default type="medium"/>
					<timeFormatLength type="full">
						<timeFormat >
							<pattern>HH:mm:ss z</pattern>
						</timeFormat>
					</timeFormatLength >
					<timeFormatLength type="long">
						<timeFormat >
							<pattern>HH:mm:ss z</pattern>
						</timeFormat>
					</timeFormatLength >
					<timeFormatLength type="medium">
						<timeFormat >
							<pattern>HH:mm:ss</pattern>
						</timeFormat>
					</timeFormatLength >
					<timeFormatLength type="short">
						<timeFormat >
							<pattern>HH:mm</pattern>
						</timeFormat>
					</timeFormatLength >
				</timeFormats>
				<dateTimeFormats>
					<dateTimeFormatLength >
						<dateTimeFormat>
							<pattern>{1} {0}</pattern>
						</dateTimeFormat>
					</dateTimeFormatLength >
				</dateTimeFormats>
			</calendar>
		</calendars>
	</dates>
	<numbers>
		<symbols>
			<decimal>,</decimal>
			<group> </group>
			<list>;</list>
			<percentSign>%</percentSign>
			<nativeZeroDigit>0</nativeZeroDigit>
			<patternDigit>#</patternDigit>
			<plusSign>+</plusSign>
			<minusSign>-</minusSign>
			<exponential>E</exponential>
			<perMille>‰</perMille>
			<infinity>∞</infinity>
			<nan>�</nan>
		</symbols>
		<currencies>
			<currency type="UAH">
				<displayName>UAH</displayName>
				<symbol>грн.</symbol>
			</currency>
		</currencies>
	</numbers>
</ldml>
