<?xml version="1.0" encoding="UTF-8" ?>
<!DOCTYPE ldml SYSTEM "http://www.unicode.org/cldr/dtd/1.1/ldml.dtd">
<ldml draft="true">
	<identity>
		<version number="1.1"/>
		<generation date="2004-06-04" />
		<language type="wal" /> 
	</identity>
	<localeDisplayNames>
		<languages>
			<language type="wal">ወላይታቱ</language>
		</languages>
		<territories>
			<territory type="AD">አንዶራ</territory>
			<territory type="AE">የተባበሩት አረብ ኤምሬትስ</territory>
			<territory type="AL">አልባኒያ</territory>
			<territory type="AM">አርሜኒያ</territory>
			<territory type="AN">ኔዘርላንድስ አንቲልስ</territory>
			<territory type="AR">አርጀንቲና</territory>
			<territory type="AT">ኦስትሪያ</territory>
			<territory type="AU">አውስትሬሊያ</territory>
			<territory type="AZ">አዘርባጃን</territory>
			<territory type="BA">ቦስኒያ እና ሄርዞጎቪኒያ</territory>
			<territory type="BB">ባርቤዶስ</territory>
			<territory type="BE">ቤልጄም</territory>
			<territory type="BG">ቡልጌሪያ</territory>
			<territory type="BH">ባህሬን</territory>
			<territory type="BM">ቤርሙዳ</territory>
			<territory type="BO">ቦሊቪያ</territory>
			<territory type="BR">ብራዚል</territory>
			<territory type="BT">ቡህታን</territory>
			<territory type="BY">ቤላሩስ</territory>
			<territory type="BZ">ቤሊዘ</territory>
			<territory type="CD">ኮንጎ</territory>
			<territory type="CF">የመካከለኛው አፍሪካ ሪፐብሊክ</territory>
			<territory type="CH">ስዊዘርላንድ</territory>
			<territory type="CL">ቺሊ</territory>
			<territory type="CM">ካሜሩን</territory>
			<territory type="CN">ቻይና</territory>
			<territory type="CO">ኮሎምቢያ</territory>
			<territory type="CV">ኬፕ ቬርዴ</territory>
			<territory type="CY">ሳይፕረስ</territory>
			<territory type="CZ">ቼክ ሪፑብሊክ</territory>
			<territory type="DE">ጀርመን</territory>
			<territory type="DK">ዴንማርክ</territory>
			<territory type="DM">ዶሚኒካ</territory>
			<territory type="DO">ዶሚኒክ ሪፑብሊክ</territory>
			<territory type="DZ">አልጄሪያ</territory>
			<territory type="EC">ኢኳዶር</territory>
			<territory type="EE">ኤስቶኒያ</territory>
			<territory type="EG">ግብጽ</territory>
			<territory type="EH">ምዕራባዊ ሳህራ</territory>
			<territory type="ER">ኤርትራ</territory>
			<territory type="ES">ስፔን</territory>
			<territory type="ET">ኢትዮጵያ</territory>
			<territory type="FI">ፊንላንድ</territory>
			<territory type="FJ">ፊጂ</territory>
			<territory type="FM">ሚክሮኔዢያ</territory>
			<territory type="GB">እንግሊዝ</territory>
			<territory type="GE">ጆርጂያ</territory>
			<territory type="GF">የፈረንሳይ ጉዊአና</territory>
			<territory type="GM">ጋምቢያ</territory>
			<territory type="GN">ጊኒ</territory>
			<territory type="GQ">ኢኳቶሪያል ጊኒ</territory>
			<territory type="GR">ግሪክ</territory>
			<territory type="GW">ቢሳዎ</territory>
			<territory type="GY">ጉያና</territory>
			<territory type="HK">ሆንግ ኮንግ</territory>
			<territory type="HR">ክሮኤሽያ</territory>
			<territory type="HT">ሀይቲ</territory>
			<territory type="HU">ሀንጋሪ</territory>
			<territory type="ID">ኢንዶኔዢያ</territory>
			<territory type="IE">አየርላንድ</territory>
			<territory type="IL">እስራኤል</territory>
			<territory type="IN">ህንድ</territory>
			<territory type="IQ">ኢራቅ</territory>
			<territory type="IS">አይስላንድ</territory>
			<territory type="IT">ጣሊያን</territory>
			<territory type="JM">ጃማይካ</territory>
			<territory type="JO">ጆርዳን</territory>
			<territory type="JP">ጃፓን</territory>
			<territory type="KH">ካምቦዲያ</territory>
			<territory type="KM">ኮሞሮስ</territory>
			<territory type="KP">ደቡብ ኮሪያ</territory>
			<territory type="KR">ሰሜን ኮሪያ</territory>
			<territory type="KW">ክዌት</territory>
			<territory type="LB">ሊባኖስ</territory>
			<territory type="LT">ሊቱዌኒያ</territory>
			<territory type="LV">ላትቪያ</territory>
			<territory type="LY">ሊቢያ</territory>
			<territory type="MA">ሞሮኮ</territory>
			<territory type="MD">ሞልዶቫ</territory>
			<territory type="MK">ማከዶኒያ</territory>
			<territory type="MN">ሞንጎሊያ</territory>
			<territory type="MO">ማካዎ</territory>
			<territory type="MR">ሞሪቴኒያ</territory>
			<territory type="MT">ማልታ</territory>
			<territory type="MU">ማሩሸስ</territory>
			<territory type="MX">ሜክሲኮ</territory>
			<territory type="MY">ማሌዢያ</territory>
			<territory type="NA">ናሚቢያ</territory>
			<territory type="NC">ኒው ካሌዶኒያ</territory>
			<territory type="NG">ናይጄሪያ</territory>
			<territory type="NL">ኔዘርላንድ</territory>
			<territory type="NO">ኖርዌ</territory>
			<territory type="NP">ኔፓል</territory>
			<territory type="NZ">ኒው ዚላንድ</territory>
			<territory type="PE">ፔሩ</territory>
			<territory type="PF">የፈረንሳይ ፖሊኔዢያ</territory>
			<territory type="PG">ፓፑዋ ኒው ጊኒ</territory>
			<territory type="PL">ፖላንድ</territory>
			<territory type="PR">ፖርታ ሪኮ</territory>
			<territory type="RO">ሮሜኒያ</territory>
			<territory type="RU">ራሺያ</territory>
			<territory type="SA">ሳውድአረቢያ</territory>
			<territory type="SD">ሱዳን</territory>
			<territory type="SE">ስዊድን</territory>
			<territory type="SG">ሲንጋፖር</territory>
			<territory type="SI">ስሎቬኒያ</territory>
			<territory type="SK">ስሎቫኪያ</territory>
			<territory type="SN">ሴኔጋል</territory>
			<territory type="SO">ሱማሌ</territory>
			<territory type="SP">ሰርቢያ</territory>
			<territory type="SY">ሲሪያ</territory>
			<territory type="TD">ቻድ</territory>
			<territory type="TF">የፈረንሳይ ደቡባዊ ግዛቶች</territory>
			<territory type="TH">ታይላንድ</territory>
			<territory type="TJ">ታጃኪስታን</territory>
			<territory type="TL">ምስራቅ ቲሞር</territory>
			<territory type="TN">ቱኒዚያ</territory>
			<territory type="TR">ቱርክ</territory>
			<territory type="TT">ትሪኒዳድ እና ቶባጎ</territory>
			<territory type="TZ">ታንዛኒያ</territory>
			<territory type="UG">ዩጋንዳ</territory>
			<territory type="US">አሜሪካ</territory>
			<territory type="UZ">ዩዝበኪስታን</territory>
			<territory type="VE">ቬንዙዌላ</territory>
			<territory type="VG">የእንግሊዝ ድንግል ደሴቶች</territory>
			<territory type="VI">የአሜሪካ ቨርጂን ደሴቶች</territory>
			<territory type="YE">የመን</territory>
			<territory type="YU">ዩጎዝላቪያ</territory>
			<territory type="ZA">ደቡብ አፍሪካ</territory>
			<territory type="ZM">ዛምቢያ</territory>
		</territories>
	</localeDisplayNames>
	<characters>
		<exemplarCharacters>[:Ethi:]</exemplarCharacters>
	</characters>
	<dates>
		<calendars>
			<calendar type="gregorian">
				<days>
					<dayContext type="format">
						<dayWidth type="abbreviated">
							<day type="sun">ወጋ</day>
							<day type="mon">ሳይኖ</day>
							<day type="tue">ማቆሳ</day>
							<day type="wed">አሩዋ</day>
							<day type="thu">ሃሙሳ</day>
							<day type="fri">አርባ</day>
							<day type="sat">ቄራ</day>
						</dayWidth>
						<dayWidth type="wide">
							<day type="sun">ወጋ</day>
							<day type="mon">ሳይኖ</day>
							<day type="tue">ማቆሳኛ</day>
							<day type="wed">አሩዋ</day>
							<day type="thu">ሃሙሳ</day>
							<day type="fri">አርባ</day>
							<day type="sat">ቄራ</day>
						</dayWidth>
					</dayContext>
				</days>
				<week>
					<minDays count="1"/>
					<firstDay day="sat"/>
				</week>
				<am>ማለዶ</am>
				<pm>ቃማ</pm>
				<eras>
					<eraAbbr>
						<era type="1">አዳ ዎዴ</era>
						<era type="2">ግሮተታ ላይታ</era>
					</eraAbbr>
				</eras>
			</calendar>
		</calendars>
	</dates>
	<numbers>
		<currencies>
			<currency type="ETB">
				<displayName>ETB</displayName>
				<symbol>$</symbol>
			</currency>
		</currencies>
	</numbers>
</ldml>
