<?xml version="1.0" encoding="UTF-8" ?>
<!DOCTYPE ldml SYSTEM "http://www.unicode.org/cldr/dtd/1.1/ldml.dtd">
<ldml>
	<identity>
		<version number="1.1"/>
		<generation date="2004-06-04" />
		<language type="zh" /> 
		<script type="Hant" /> 
		<territory type="HK" /> 
	</identity>
	<localeDisplayNames>
		<languages>
			<language type="ab">阿布哈西亞文</language>
			<language type="ace">亞齊文</language>
			<language type="ach">阿僑利文</language>
			<language type="ada">阿當莫文</language>
			<language type="ady">阿迪各文</language>
			<language type="ae">阿緯斯陀文</language>
			<language type="af">南非荷蘭文</language>
			<language type="afa">非閃族及非亞語言</language>
			<language type="afh">阿弗里希利文</language>
			<language type="ak">阿坎文</language>
			<language type="akk">阿卡德文</language>
			<language type="ale">阿留申文</language>
			<language type="alg">阿爾岡昆文</language>
			<language type="an">阿拉貢文</language>
			<language type="ang">古英文 (ca.450-1100)</language>
			<language type="apa">阿帕奇語言</language>
			<language type="arc">阿拉米文</language>
			<language type="arn">阿勞坎文</language>
			<language type="arp">阿拉帕霍文</language>
			<language type="art">其他人工語言</language>
			<language type="arw">阿拉瓦克文</language>
			<language type="as">阿薩姆文</language>
			<language type="ast">阿斯圖里亞文</language>
			<language type="ath">阿薩巴斯卡文</language>
			<language type="aus">澳洲英文</language>
			<language type="av">阿法文</language>
			<language type="ay">艾馬拉文</language>
			<language type="az">亞塞拜然文</language>
			<language type="ba">巴什客爾文</language>
			<language type="bad">班達文</language>
			<language type="bai">巴米累克文</language>
			<language type="bal">俾路支文</language>
			<language type="bam">巴姆巴拉文</language>
			<language type="ban">巴厘文</language>
			<language type="bas">巴薩文</language>
			<language type="bat">波羅的文（其他）</language>
			<language type="be">白俄羅斯文</language>
			<language type="bej">貝扎文</language>
			<language type="bem">別姆巴文</language>
			<language type="ber">柏柏爾文</language>
			<language type="bg">保加利亞文</language>
			<language type="bh">比哈爾文</language>
			<language type="bho">博傑普爾文</language>
			<language type="bi">比斯拉馬文</language>
			<language type="bik">比科爾文</language>
			<language type="bin">比尼文</language>
			<language type="bla">錫克錫卡文</language>
			<language type="bnt">班圖文</language>
			<language type="bo">藏文</language>
			<language type="bra">布拉杰文</language>
			<language type="bs">波士尼亞文</language>
			<language type="btk">巴塔克文</language>
			<language type="bua">布里阿特文</language>
			<language type="bug">布吉斯文</language>
			<language type="ca">加泰羅尼亞文</language>
			<language type="cad">卡多文</language>
			<language type="cai">中美印第安文（其他）</language>
			<language type="car">巴勒比文</language>
			<language type="cau">高加索文（其他）</language>
			<language type="ce">車臣文</language>
			<language type="ceb">宿務族文</language>
			<language type="cel">克爾特文（其他）</language>
			<language type="ch">查莫洛文</language>
			<language type="chb">奇布查文</language>
			<language type="chg">查加文</language>
			<language type="chk">處奇斯文</language>
			<language type="chm">馬里文</language>
			<language type="chn">契奴克文</language>
			<language type="cho">喬克托文</language>
			<language type="chp">奇佩瓦揚文</language>
			<language type="chr">柴羅基文</language>
			<language type="chy">沙伊安文</language>
			<language type="cmc">查米克文</language>
			<language type="cop">科普特文</language>
			<language type="cpe">歐洲腔調和洋涇濱，源自英文的(其他)</language>
			<language type="cpf">歐洲腔調和洋涇濱，源自法文的(其他)</language>
			<language type="cpp">歐洲腔調和洋涇濱，源自葡萄牙文的(其他)</language>
			<language type="cr">克裡文</language>
			<language type="crh">克里米亞半島的土耳其文；克里米亞半島的塔塔爾文</language>
			<language type="crp">克里奧爾文和皮欽文</language>
			<language type="csb">卡舒布文</language>
			<language type="cus">庫施特語系（其他）</language>
			<language type="cv">楚瓦甚文</language>
			<language type="cy">威爾士文</language>
			<language type="da">丹麥文</language>
			<language type="dak">達科他文</language>
			<language type="dar">達爾格瓦文</language>
			<language type="day">迪雅克文</language>
			<language type="del">德拉瓦</language>
			<language type="den">斯拉夫</language>
			<language type="dgr">多格里布文</language>
			<language type="din">丁卡文</language>
			<language type="doi">多格來文</language>
			<language type="dra">德拉威文（其他）</language>
			<language type="dsb">下索布文</language>
			<language type="dua">杜亞拉文</language>
			<language type="dum">荷蘭，中古 (ca. 1050-1350)</language>
			<language type="dv">迪維西文</language>
			<language type="dyu">迪尤拉文</language>
			<language type="ee">埃緯文</language>
			<language type="efi">埃菲克文</language>
			<language type="egy">古埃及文)</language>
			<language type="eka">艾卡朱克文</language>
			<language type="el">希臘文</language>
			<language type="elx">埃蘭文</language>
			<language type="enm">英文，中世紀 (1100-1500)</language>
			<language type="eo">世界語</language>
			<language type="et">愛沙尼亞文</language>
			<language type="ewo">依汪都文</language>
			<language type="fan">芳族文</language>
			<language type="fat">芳蒂文</language>
			<language type="ff">富拉文</language>
			<language type="fi">芬蘭文</language>
			<language type="fiu">芬蘭-烏戈爾族文(其他)</language>
			<language type="fj">斐濟文</language>
			<language type="fo">法羅文</language>
			<language type="fon">豐文</language>
			<language type="fur">弗留利文</language>
			<language type="fy">弗里斯蘭文</language>
			<language type="ga">愛爾蘭文</language>
			<language type="gaa">加族文</language>
			<language type="gay">加約文</language>
			<language type="gba">葛巴亞文</language>
			<language type="gd">蘇格蘭 - 蓋爾文</language>
			<language type="gem">德國的(其他)</language>
			<language type="gez">吉茲文</language>
			<language type="gil">吉爾伯特群島文</language>
			<language type="gl">加里西亞文</language>
			<language type="gmh">德文, 中古全盛時期 (ca.1050-1500)</language>
			<language type="goh">德文,上古全盛時期 (ca.750-1050)</language>
			<language type="gon">岡德文</language>
			<language type="gor">科隆達羅文</language>
			<language type="got">哥特文</language>
			<language type="grb">哥博語</language>
			<language type="grc">古希臘文 (至 1453)</language>
			<language type="gu">吉亞拉塔文</language>
			<language type="gv">曼島文</language>
			<language type="gwi">圭契文</language>
			<language type="hai">海達文</language>
			<language type="he">希伯來文</language>
			<language type="hi">北印度文</language>
			<language type="hil">希利蓋農文</language>
			<language type="him">赫馬查利文</language>
			<language type="hit">赫梯文</language>
			<language type="hmn">孟文</language>
			<language type="ho">西里莫圖土文</language>
			<language type="hr">克羅埃西亞文</language>
			<language type="hsb">上索布文</language>
			<language type="ht">海地人</language>
			<language type="hup">胡帕文</language>
			<language type="hy">亞美尼亞文</language>
			<language type="hz">赫雷羅文</language>
			<language type="ia">拉丁國際文</language>
			<language type="iba">伊班文</language>
			<language type="id">印尼文</language>
			<language type="ie">拉丁國際文</language>
			<language type="ig">伊布文</language>
			<language type="ii">四川話</language>
			<language type="ijo">伊喬文</language>
			<language type="ik">依奴皮維克文</language>
			<language type="ilo">伊洛闊文</language>
			<language type="inc">印度語系（其他）</language>
			<language type="ine">印歐語系（其他）</language>
			<language type="inh">印古什文</language>
			<language type="io">伊朗文</language>
			<language type="ira">伊芳朗文</language>
			<language type="iro">易洛魁文</language>
			<language type="is">冰島文</language>
			<language type="it">義大利文</language>
			<language type="iu">因紐特文</language>
			<language type="jbo">邏輯文</language>
			<language type="jpr">猶太教-波斯文</language>
			<language type="jrb">猶太教-阿拉伯文</language>
			<language type="ka">喬治亞文</language>
			<language type="kaa">卡拉卡爾帕克文</language>
			<language type="kab">卡比爾文</language>
			<language type="kac">卡琴文</language>
			<language type="kam">卡姆巴文</language>
			<language type="kar">克倫文</language>
			<language type="kaw">卡威文</language>
			<language type="kbd">卡巴爾達文</language>
			<language type="kg">剛果文</language>
			<language type="kha">卡西文</language>
			<language type="khi">其他科伊桑文</language>
			<language type="kho">和闐[與闐]文</language>
			<language type="ki">吉庫尤人</language>
			<language type="kj">廣亞馬文</language>
			<language type="kk">哈薩克文</language>
			<language type="kl">格陵蘭文</language>
			<language type="km">高棉文</language>
			<language type="kmb">金邦杜文</language>
			<language type="kn">坎那達文</language>
			<language type="ko">韓文</language>
			<language type="kok">貢根文</language>
			<language type="kos">科斯雷恩文</language>
			<language type="kpe">克佩列文</language>
			<language type="kr">卡努裡文</language>
			<language type="krc">卡拉柴-包爾卡爾文</language>
			<language type="kro">克魯文</language>
			<language type="kru">庫魯科文</language>
			<language type="ks">克什米爾文</language>
			<language type="ku">庫爾德文</language>
			<language type="kum">庫密克文</language>
			<language type="kut">庫特奈文</language>
			<language type="kw">康瓦耳文</language>
			<language type="ky">吉爾吉斯文</language>
			<language type="lad">拉迪諾文</language>
			<language type="lah">拉亨達文</language>
			<language type="lam">蘭巴文</language>
			<language type="lb">盧森堡文</language>
			<language type="lez">立陶宛文</language>
			<language type="lg">干達文</language>
			<language type="li">林堡文</language>
			<language type="lo">寮國文</language>
			<language type="lol">蒙古文</language>
			<language type="loz">洛齊文</language>
			<language type="lu">魯巴加丹加文</language>
			<language type="lua">魯巴魯魯亞文</language>
			<language type="lui">路易塞諾文</language>
			<language type="lun">盧恩達文</language>
			<language type="luo">盧奧文</language>
			<language type="lus">盧晒文</language>
			<language type="mad">馬都拉文</language>
			<language type="mag">馬加伊文</language>
			<language type="mai">邁蒂利文</language>
			<language type="mak">望加錫文</language>
			<language type="man">曼丁哥文</language>
			<language type="map">南島文</language>
			<language type="mas">馬賽文</language>
			<language type="mdf">莫克沙文</language>
			<language type="mdr">曼達文</language>
			<language type="men">門德文</language>
			<language type="mg">馬爾加什文</language>
			<language type="mga">愛爾蘭文，中古 (900-1200)</language>
			<language type="mh">馬紹爾文</language>
			<language type="mic">米克馬克文</language>
			<language type="min">米南卡堡文</language>
			<language type="mis">其他語言</language>
			<language type="mk">馬其頓文</language>
			<language type="mkh">其他高棉語系</language>
			<language type="ml">馬來亞拉姆文</language>
			<language type="mnc">滿族文</language>
			<language type="mni">曼尼普裡文</language>
			<language type="mno">馬諾波文</language>
			<language type="mo">摩爾多瓦文</language>
			<language type="moh">莫霍克文</language>
			<language type="mos">莫西文</language>
			<language type="mr">馬拉地文</language>
			<language type="ms">馬來文</language>
			<language type="mt">馬爾他文</language>
			<language type="mul">多種語言</language>
			<language type="mun">蒙達文</language>
			<language type="mus">克里克文</language>
			<language type="mwr">馬爾尼裡文</language>
			<language type="my">緬甸文</language>
			<language type="myn">馬雅文</language>
			<language type="myv">厄爾茲亞文</language>
			<language type="na">諾魯文</language>
			<language type="nah">納瓦特文</language>
			<language type="nai">其他北美印地安文</language>
			<language type="nap">拿波里文</language>
			<language type="nb">挪威波克默爾文</language>
			<language type="nd">北地畢列文</language>
			<language type="nds">德國北部的德文; 薩克遜文</language>
			<language type="ne">尼泊爾文</language>
			<language type="new">尼瓦爾文</language>
			<language type="ng">恩東加文</language>
			<language type="nia">尼亞斯文</language>
			<language type="nic">其他尼日剛果語系</language>
			<language type="niu">紐埃文</language>
			<language type="nl">荷蘭文</language>
			<language type="nn">新挪威文</language>
			<language type="nog">諾蓋文</language>
			<language type="non">古諾爾斯文</language>
			<language type="nr">南地畢列文</language>
			<language type="nso">北索托文</language>
			<language type="nub">努比亞文</language>
			<language type="nv">納瓦約文</language>
			<language type="ny">尼揚賈文</language>
			<language type="nym">尼揚韋齊文</language>
			<language type="nyn">尼揚科萊文</language>
			<language type="nyo">尼奧囉文</language>
			<language type="nzi">尼茲馬文</language>
			<language type="oc">奧西坦文</language>
			<language type="oj">奧杰布瓦文</language>
			<language type="or">歐里亞文</language>
			<language type="os">奧塞提文</language>
			<language type="osa">歐塞奇文</language>
			<language type="ota">鄂圖曼土耳其文 (1500-1928)</language>
			<language type="oto">奧托米文</language>
			<language type="paa">其他巴布亞諸語言</language>
			<language type="pag">潘加辛文</language>
			<language type="pal">巴列維文</language>
			<language type="pam">潘帕嘉文</language>
			<language type="pap">帕皮阿門托文</language>
			<language type="pau">帛琉文</language>
			<language type="peo">古波斯文 (ca.600-400 B.C.)</language>
			<language type="phi">其他菲律賓文</language>
			<language type="phn">腓尼基文</language>
			<language type="pi">巴利文</language>
			<language type="pl">波蘭文</language>
			<language type="pon">波那貝文</language>
			<language type="pra">印度古代及中世紀之中部及北部方言</language>
			<language type="pro">普羅文斯文 (to 1500)</language>
			<language type="ps">普什圖文</language>
			<language type="qu">蓋丘亞文</language>
			<language type="raj">拉賈斯坦諸文</language>
			<language type="rap">復活島文</language>
			<language type="rar">拉羅通加文</language>
			<language type="rm">里托羅曼斯文</language>
			<language type="ro">羅馬尼亞文</language>
			<language type="roa">其他羅曼文</language>
			<language type="rom">吉普賽文</language>
			<language type="rw">盧安達文</language>
			<language type="sad">桑達韋文</language>
			<language type="sah">雅庫特文</language>
			<language type="sai">其他南美印第安文</language>
			<language type="sal">薩利甚文</language>
			<language type="sam">薩瑪利亞阿拉姆文</language>
			<language type="sas">撒撒克文</language>
			<language type="sat">散塔利文</language>
			<language type="sc">撒丁文</language>
			<language type="sd">蘇丹文</language>
			<language type="se">北方薩米文</language>
			<language type="sel">瑟爾卡普文</language>
			<language type="sem">其他閃族語言</language>
			<language type="sga">古愛爾蘭文（至 900）</language>
			<language type="sgn">手語</language>
			<language type="sh">塞爾維亞克羅埃西亞文</language>
			<language type="shn">撣文</language>
			<language type="si">僧伽羅文</language>
			<language type="sid">希達摩文</language>
			<language type="sio">大蘇文</language>
			<language type="sit">其他漢藏文</language>
			<language type="sl">斯洛維尼亞文</language>
			<language type="sla">其他斯拉夫文</language>
			<language type="sm">薩摩亞文</language>
			<language type="sma">南薩米文</language>
			<language type="smi">其他薩米文</language>
			<language type="smj">魯勒薩米文</language>
			<language type="smn">伊納裡薩米文</language>
			<language type="sms">斯科特薩米文</language>
			<language type="sn">塞內加爾文</language>
			<language type="snk">索尼基文</language>
			<language type="so">索馬利文</language>
			<language type="sog">索格底亞納文</language>
			<language type="son">桑海文</language>
			<language type="sq">阿爾巴尼亞文</language>
			<language type="sr">塞爾維亞文</language>
			<language type="srr">塞雷爾文</language>
			<language type="ssa">非洲撒哈拉沙漠邊緣地帶文</language>
			<language type="su">蘇丹文</language>
			<language type="suk">蘇庫馬文</language>
			<language type="sus">蘇蘇文</language>
			<language type="sux">蘇美文</language>
			<language type="sw">史瓦希里文</language>
			<language type="syr">古敘利亞文</language>
			<language type="ta">坦米爾文</language>
			<language type="tai">其他泰文</language>
			<language type="te">泰盧固文</language>
			<language type="tem">提姆文</language>
			<language type="ter">泰雷諾文</language>
			<language type="tet">泰頓文</language>
			<language type="ti">提格利尼亞文</language>
			<language type="tig">蒂格雷文</language>
			<language type="tiv">提夫文</language>
			<language type="tk">土庫曼文</language>
			<language type="tkl">托克勞文</language>
			<language type="tli">特林基特文</language>
			<language type="tmh">塔馬奇克文</language>
			<language type="tn">突尼西亞文</language>
			<language type="to">東加文</language>
			<language type="tog">湯加文(尼亞薩文)</language>
			<language type="tpi">托比辛文</language>
			<language type="tsi">欽西安文</language>
			<language type="tt">韃靼文</language>
			<language type="tum">圖姆布卡文</language>
			<language type="tup">圖皮文</language>
			<language type="tut">其他阿爾泰諸文</language>
			<language type="tvl">吐瓦魯文</language>
			<language type="tw">繁體中文</language>
			<language type="ty">大溪地文</language>
			<language type="tyv">土凡文</language>
			<language type="udm">沃蒂艾克文</language>
			<language type="ug">維吾爾文</language>
			<language type="uga">烏加列文</language>
			<language type="uk">烏克蘭文</language>
			<language type="umb">姆本杜文</language>
			<language type="und">未確定的</language>
			<language type="ur">烏爾都文</language>
			<language type="uz">烏茲別克文</language>
			<language type="vai">越南文</language>
			<language type="ve">溫達文</language>
			<language type="vot">沃提克文</language>
			<language type="wa">瓦隆文</language>
			<language type="wak">夸基武特文</language>
			<language type="wal">瓦拉莫文</language>
			<language type="war">瓦瑞文</language>
			<language type="was">瓦紹文</language>
			<language type="wen">文德文</language>
			<language type="wo">沃爾夫文</language>
			<language type="xal">卡爾梅克文</language>
			<language type="xh">班圖文</language>
			<language type="yao">瑤文</language>
			<language type="yap">雅浦文</language>
			<language type="yi">意第緒文</language>
			<language type="yo">約魯巴文</language>
			<language type="ypk">愛斯基摩文</language>
			<language type="za">壯文</language>
			<language type="zap">薩波特克文</language>
			<language type="zen">澤納加文</language>
			<language type="znd">贊德文</language>
			<language type="zu">祖魯文</language>
			<language type="zun">祖尼文</language>
		</languages>
		<territories>
			<territory type="AD">安道爾</territory>
			<territory type="AE">阿拉伯聯合大公國</territory>
			<territory type="AG">安地卡及巴布達</territory>
			<territory type="AI">安圭拉島</territory>
			<territory type="AL">阿爾巴尼亞</territory>
			<territory type="AM">亞美尼亞</territory>
			<territory type="AN">荷屬安地列斯</territory>
			<territory type="AQ">南極洲</territory>
			<territory type="AS">美屬薩摩亞群島</territory>
			<territory type="AT">奧地利</territory>
			<territory type="AU">澳洲</territory>
			<territory type="AW">阿路巴</territory>
			<territory type="AZ">亞塞拜然</territory>
			<territory type="BA">波士尼亞與赫塞格維納</territory>
			<territory type="BB">巴貝多</territory>
			<territory type="BD">孟加拉</territory>
			<territory type="BE">比利時</territory>
			<territory type="BF">布基納法索</territory>
			<territory type="BG">保加利亞</territory>
			<territory type="BI">浦隆地</territory>
			<territory type="BJ">貝南</territory>
			<territory type="BM">百慕達</territory>
			<territory type="BN">汶萊</territory>
			<territory type="BO">玻利維亞</territory>
			<territory type="BS">巴哈馬</territory>
			<territory type="BV">布威島</territory>
			<territory type="BW">波札那</territory>
			<territory type="BY">白俄羅斯</territory>
			<territory type="BZ">貝里斯</territory>
			<territory type="CC">可可斯群島</territory>
			<territory type="CD">剛果民主共和國</territory>
			<territory type="CF">中非共和國</territory>
			<territory type="CG">剛果</territory>
			<territory type="CI">科特迪瓦</territory>
			<territory type="CK">庫克群島</territory>
			<territory type="CM">喀麥隆</territory>
			<territory type="CN">中華人民共和國</territory>
			<territory type="CO">哥倫比亞</territory>
			<territory type="CR">哥斯大黎加</territory>
			<territory type="CV">維德角</territory>
			<territory type="CX">聖誕島</territory>
			<territory type="CY">賽普勒斯</territory>
			<territory type="CZ">捷克共和國</territory>
			<territory type="DE">德國</territory>
			<territory type="DJ">吉布地</territory>
			<territory type="DK">丹麥</territory>
			<territory type="DM">多明尼加</territory>
			<territory type="DO">多明尼加共和國</territory>
			<territory type="DZ">阿爾及利亞</territory>
			<territory type="EC">厄瓜多爾</territory>
			<territory type="EE">愛沙尼亞</territory>
			<territory type="ER">厄利垂亞</territory>
			<territory type="ET">衣索比亞</territory>
			<territory type="FI">芬蘭</territory>
			<territory type="FJ">斐濟</territory>
			<territory type="FK">福克蘭群島</territory>
			<territory type="FM">密克羅尼西亞群島</territory>
			<territory type="FO">法羅群島</territory>
			<territory type="FR">法國</territory>
			<territory type="GA">加彭</territory>
			<territory type="GB">英國</territory>
			<territory type="GD">格瑞納達</territory>
			<territory type="GE">喬治亞共和國</territory>
			<territory type="GF">法屬圭亞那</territory>
			<territory type="GH">迦納</territory>
			<territory type="GI">直布羅陀</territory>
			<territory type="GL">格陵蘭</territory>
			<territory type="GM">甘比亞</territory>
			<territory type="GN">幾內亞</territory>
			<territory type="GP">哥德普洛</territory>
			<territory type="GQ">赤道幾內亞</territory>
			<territory type="GR">希臘</territory>
			<territory type="GS">南喬治亞與南三明治群島</territory>
			<territory type="GT">瓜地馬拉</territory>
			<territory type="GU">關島</territory>
			<territory type="GW">幾內亞比索</territory>
			<territory type="GY">蓋亞納</territory>
			<territory type="HK">中華人民共和國香港特別行政區</territory>
			<territory type="HM">赫德與麥克當諾群島</territory>
			<territory type="HN">宏都拉斯</territory>
			<territory type="HR">克羅埃西亞</territory>
			<territory type="ID">印尼</territory>
			<territory type="IE">愛爾蘭</territory>
			<territory type="IO">英屬印度洋領土</territory>
			<territory type="IS">冰島</territory>
			<territory type="IT">義大利</territory>
			<territory type="JM">牙買加</territory>
			<territory type="JO">約旦</territory>
			<territory type="KE">肯亞</territory>
			<territory type="KG">吉爾吉斯</territory>
			<territory type="KH">高棉</territory>
			<territory type="KI">吉里巴斯</territory>
			<territory type="KM">科摩羅群島</territory>
			<territory type="KN">聖克里斯多福及尼維斯</territory>
			<territory type="KP">北韓</territory>
			<territory type="KR">南韓</territory>
			<territory type="KY">開曼群島</territory>
			<territory type="KZ">哈薩克</territory>
			<territory type="LA">寮國</territory>
			<territory type="LC">聖露西亞</territory>
			<territory type="LI">列支敦斯登</territory>
			<territory type="LK">斯里蘭卡</territory>
			<territory type="LR">賴比瑞亞</territory>
			<territory type="LS">賴索扥</territory>
			<territory type="LU">盧森堡</territory>
			<territory type="LV">拉脫維亞</territory>
			<territory type="LY">利比亞</territory>
			<territory type="MC">摩納哥</territory>
			<territory type="MD">摩爾多瓦</territory>
			<territory type="MG">馬達加斯加</territory>
			<territory type="MH">馬紹爾群島</territory>
			<territory type="MK">馬其頓</territory>
			<territory type="ML">馬利</territory>
			<territory type="MM">緬甸</territory>
			<territory type="MO">澳門特別行政區</territory>
			<territory type="MP">北馬里安納</territory>
			<territory type="MQ">馬丁尼克島</territory>
			<territory type="MR">茅利塔尼亞</territory>
			<territory type="MS">蒙特色拉特島</territory>
			<territory type="MT">馬爾他</territory>
			<territory type="MU">模里西斯</territory>
			<territory type="MV">馬爾地夫</territory>
			<territory type="MW">馬拉威</territory>
			<territory type="MY">馬來西亞</territory>
			<territory type="MZ">莫三比克</territory>
			<territory type="NA">納米比亞</territory>
			<territory type="NC">新喀里多尼亞群島</territory>
			<territory type="NE">尼日</territory>
			<territory type="NF">諾福克島</territory>
			<territory type="NG">奈及利亞</territory>
			<territory type="NL">荷蘭</territory>
			<territory type="NP">尼泊爾</territory>
			<territory type="NR">諾魯</territory>
			<territory type="NU">紐威島</territory>
			<territory type="NZ">紐西蘭</territory>
			<territory type="OM">阿曼王國</territory>
			<territory type="PA">巴拿馬</territory>
			<territory type="PE">秘魯</territory>
			<territory type="PF">法屬玻里尼西亞</territory>
			<territory type="PG">巴布亞紐幾內亞</territory>
			<territory type="PH">菲律賓</territory>
			<territory type="PL">波蘭</territory>
			<territory type="PM">聖彼德與密啟崙</territory>
			<territory type="PN">皮特康</territory>
			<territory type="PR">玻多黎克</territory>
			<territory type="PS">巴勒斯坦</territory>
			<territory type="PW">帛琉</territory>
			<territory type="QA">卡達</territory>
			<territory type="RE">留尼旺</territory>
			<territory type="RO">羅馬尼亞</territory>
			<territory type="RU">俄羅斯</territory>
			<territory type="RW">盧安達</territory>
			<territory type="SA">沙烏地阿拉伯</territory>
			<territory type="SB">索羅門群島</territory>
			<territory type="SC">塞席爾</territory>
			<territory type="SD">蘇丹</territory>
			<territory type="SH">聖赫勒拿島</territory>
			<territory type="SI">斯洛維尼亞</territory>
			<territory type="SJ">冷岸及央麥恩群島</territory>
			<territory type="SL">獅子山</territory>
			<territory type="SM">聖馬利諾</territory>
			<territory type="SN">塞內加爾</territory>
			<territory type="SO">索馬利亞</territory>
			<territory type="SP">塞爾維亞</territory>
			<territory type="SR">蘇利南</territory>
			<territory type="ST">聖多美及普林西比</territory>
			<territory type="SV">薩爾瓦多</territory>
			<territory type="SY">敘利亞</territory>
			<territory type="SZ">史瓦濟蘭</territory>
			<territory type="TC">土克斯及開科斯群島</territory>
			<territory type="TD">查德</territory>
			<territory type="TF">法國南屬地</territory>
			<territory type="TG">多哥共和國</territory>
			<territory type="TH">泰國</territory>
			<territory type="TJ">塔吉克</territory>
			<territory type="TK">托克勞群島</territory>
			<territory type="TL">東帝文</territory>
			<territory type="TM">土庫曼</territory>
			<territory type="TN">突尼西亞</territory>
			<territory type="TO">東加</territory>
			<territory type="TT">千里達及托巴哥</territory>
			<territory type="TV">吐瓦魯</territory>
			<territory type="TW">臺灣</territory>
			<territory type="TZ">坦尚尼亞</territory>
			<territory type="UA">烏克蘭</territory>
			<territory type="UG">烏干達</territory>
			<territory type="UM">美屬邊疆群島</territory>
			<territory type="US">美國</territory>
			<territory type="UY">烏拉圭</territory>
			<territory type="UZ">烏茲別克</territory>
			<territory type="VA">梵帝岡</territory>
			<territory type="VC">聖文森及格瑞那丁</territory>
			<territory type="VE">委內瑞拉</territory>
			<territory type="VG">英屬維爾京群島</territory>
			<territory type="VI">美屬維爾京群島</territory>
			<territory type="VU">萬那杜</territory>
			<territory type="WF">瓦利斯和福杜納群島</territory>
			<territory type="WS">薩摩亞群島</territory>
			<territory type="YE">葉門</territory>
			<territory type="YT">馬約特</territory>
			<territory type="ZM">尚比亞</territory>
			<territory type="ZW">辛巴威</territory>
		</territories>
		<variants>
			<variant type="REVISED">已修訂</variant>
		</variants>
		<types>
			<type type="buddhist" key="calendar">佛教曆法</type>
			<type type="chinese" key="calendar">農曆</type>
			<type type="gregorian" key="calendar">公曆</type>
			<type type="hebrew" key="calendar">希伯來曆法</type>
			<type type="islamic" key="calendar">伊斯蘭曆法</type>
			<type type="islamic-civil" key="calendar">伊斯蘭城市曆法</type>
			<type type="japanese" key="calendar">日本曆法</type>
			<type type="direct" key="collation">直接順序</type>
			<type type="phonebook" key="collation">電話簿順序</type>
			<type type="pinyin" key="collation">拼音順序</type>
			<type type="stroke" key="collation">筆劃顺序</type>
			<type type="traditional" key="collation">傳統曆法</type>
		</types>
	</localeDisplayNames>
	<characters>
		<exemplarCharacters>[一-丁七丈-不且世丙丟並中串丸-丹主乃久么之乎-乏乖乘-乙九也乾亂了予事-二于云-互五-井些亞亡交亦亨享-京亮人什-仁仇今-介仍仔他付-仙代-以仰仲件任份企伊伍休伙伯-估伴伸似但佈位-住佔-何余佛-作你佩佳使來例供依侯侵便係-促俊俗保俠-信修俱個倍們-倒候-倚借倫值假偉偏做停健側-偷傑備傢傲-傳傷傻傾僅像僑價儀億儒儘優允元-充兇-光克免兒兔入內-兩八-兮共兵-典兼冊再冒冠冬冰冷准凌凝凡凰-凱出函刀分-切刊列初判-別利-刪到制-刷刺-刻則前剛剩-剪副割創劃劇劉劍力功-加助-劫勁勇勉勒動務勝-勞勢勤勵勸勿包化-北區-十千升-午半卒協南博卡印-危即卷卻厚原厭厲去參又及-友反叔取-受口-另叫-叭可-台史-右司吃-各合-吊同-后吐-向君吝吟否-吧含吳吵吸-吹吾呀呂呆告呢周味呵呼-命和咖咦-咧咪咬咱哀-品哇-哉哎員哥-哦哩-哪哭哲唉唐唬售-唯唱唷-唸商啊問啟啡啥-啦啪喂善喇喊喔喜-喝喬單喵嗎嗚嗨嗯嘆嘉嘗嘛嘴嘻嘿器噴嚇嚴囉四回因困固圈國圍園-圓圖團土在地圾址均坐坡坤坦坪垃型城域執培-基堂堅-堆堪報場塊塔塗塞填塵境增墨墮壁壓壘壞壢士壯壽夏夕-外多夜夠夢夥大天-夫央失夾奇-奉奏契奔套奧奪奮女奶她好如妙妥妨妮妳妹妻姆姊-始姐-姑姓-委姿威娃娘婆婚婦媒媽嫌子孔字-存孝孟季-孤孩孫學它宇-安宋-完宏宗-定宜客-室宮害家容宿寂寄密富寒寞-察寢實-寧審寫-寬寶封射將-專尊-尋對-小少尖尚尤就尺尼尾局-屁居-屆屋屏展屠層屬山岸峰島崇嵐嶺川-州巡工-巨巫差己-已巴巷市-布希帝帥師席帳帶常帽幅幕幣幫干-年幸-幹幻-幾床序底店府度-座庫庭康-庸廉廖廠廢-廣廳延-廷建弄式引弘弟弦弱張強彈彌彎形彥彩彬-彭彰-影役彼往-征待很律-後徐-徒得從復微徵德徹心必忌-忍志-忙忠快念忽怎怒怕-怖思怡急性-怨怪恆恐恢恥恨-恩恭息-恰悅悉悔悟-悠您悲悶情惑惜惠-惡惱想惹愁愈-愉意愚-愛感慈態慕慘慢-慣慧慮慰慶慾憂憐-憑憲憶憾懂應懶-懷懼戀成-戒或截戰戲戴戶房-扁扇手才打托扣扭扯批找-技抄把抓投抗-折披-抬抱抵抹抽拆拉拋拍拒拔拖招-拜括拳拼拾-拿持指按挑挖振挺捐捕捨捲捷掃授-掉掌排掛採-探接控-推措描-提插揚-換握揮援損搖搞搬-搭搶摘摩摸撐撞撥播撿擁擇擊-擋操-擎擔據擠擦擬擴擺擾攝支收改攻放-政故效敏救敗教敝敢-散敦敬整-敵數文斗料斯-新斷方於-施旁旅旋族旗既日-旦早旭昇昌明-昏易星-映春昨昭是時晚晨普-景晴晶智暑暖-暗暫暴曉曰曲更書曼曾-最會月-有朋服朗望朝期木未-本朱朵李材-村杜束杯東松-板析林果-枝架柏-某染-柔查柳校核-根格桃案桌桑梁梅條梯-械棄棋棒棚森椅植椰楊楓楚業極概榜榮構槍樂樓標樞模樣樹橋機橫檔檢欄權次欣欲欺欽-款歉歌歐歡-武歲歷-歸死殊殘段殺殼毀毅母每毒比毛毫氏民氣水永求汝江-污汪決汽沈-沉沒沖沙河油治沿況泉法泡-波泥注泰泳洋洗洛洞洩-洪洲活洽-派流浩-浪浮海消-涉涯液涵涼淑淚淡淨深混淺清減渡測港游湖湯源準溝溪-溫滄-滅滋滑滴滾-滿漂漏演漠漢漫漲漸潔潛潮澤澳激濃濟濤濫灌灣火灰災炎炮炸為烈烏烤無焦然煙煞照煩熊熟熱燃燈燒營爆爐爛爬-爭爵-父爸爺爽-爾牆-版牌牙牛牠牧物牲特牽犧犯狀狂狐狗狠狼猛-猜猶獄-獅獎獨獲獸獻玄率玉王玩玫玲珍珠班現球理琪琴瑜瑞瑪瑰環瓜瓦瓶甘甚甜生產用田-申男界留畢略番-畫異當疏疑疼病痕痛痴瘋療癡登-百的皆-皇皮盃益盛-盜盟盡監-盤目直相盼盾省眉看真-眠眼眾睛睡督瞧瞭矛矣知短石砂砍研砲破硬碎碗碟碧碩碰確碼磁磨礎礙示社祖祝-神祥票禁禍福禪禮秀-私秋科-秒秘租秤秦移稅程稍種稱稿穌-積穩究穹-空穿突窗窩窮立站竟-章童端競竹笑笛符笨第筆等筋答策算管箭箱節範篇築簡簽籃籌-籍米粉粗精糊糕糟系紀約-紅納純紙-紛素索紫累-細紹終組結絕絡給統-絲經綜綠維綱-網緊緒線緣編-緩練縣縮縱總-績繁織繞繪繳繼續缸缺罪置罰署罵罷羅羊美羞群義羽翁習翔翹翻-翼耀-老考者而-耍耐耗耳耶聊聖聚聞聯-聰聲職聽肉肚股肥肩肯育背胎胖胞胡胸能脆脫腦腰腳腿膽臉臥臨自臭至-致臺與-舊舍舒舞-舟航般船艦良色艾芬花芳若-苦英茫茶草荒荷莉-莊莎莫菜菩華菲萊萬落葉著葛蒙蒼蓋蓮蔡蔣蕭薄薦薩-薪藉藍藏藝藤-藥蘇蘭虎處虛號虧蛋蛙蜂蜜蝶融螢蟲蟹蠍蠻血行術街衛衝衡衣表袋被裁-裂裕補-裝裡製複褲西要覆見規視親覺覽觀角解觸言訂計訊討訓託-記訪設許訴註-証評詞詢試詩話-詳誇誌-認誓誕語誠誤說誰課誼調談請諒論諸諾謀謂講謝證識譜警譯-議護譽讀變讓讚谷豆豈豐象豪豬貌貓貝-貞負-貢貨貪-責貴買費-貼賀資賓賜賞賢-賤賦質賭賴賺購-賽贈贊贏赤走起超越趕趙趣趨足跌跑距跟跡路跳踏踢蹟蹤躍身躲車軌-軍軒軟較載輔-輕輛輝輩-輪輯輸轉轟辛辦辨辭辯辱-農迅迎近迪-迫述迴迷追退-送逃逆透-逐途這-逛逝速-造逢-連週-進逸逼遇遊-運遍-過道-違遙遜遠適遭遲遷-選遺避-邁還邊邏那邦邪邱郎部郭郵都鄉鄭鄰配酒酷-酸醉醒醜醫采釋-量金針釣鈴銀銘銳銷鋒鋼錄錢錦錯鍋鍵鍾鎖鎮鏡鐘鐵鑑長門閃閉開閒-間閣閱闆闊關闡防阻阿-陀附降限院-除陪陰陳陵陷-陸陽隆隊階隔際-障隨險隱隻雄-集雖雙雜雞離-難雨雪雲零-雷電需震霧露霸-霹靂靈青靖靜非靠面革鞋韓音韻響頁-頂項-順須預-頑頓頗-領頭頻顆題-額顏願類顧顯風飄飛食飯飲飽-飾餅養餐餘館首香馬駐駕駛騎騙騷驅驗驚骨體高髮鬆鬥鬧鬱鬼魂魅魔魚魯鮮鳥鳳-鳴鴻鵝鷹鹿麗麥麵麻-麼黃黎黑默點黨鼓鼠鼻齊-齋齒齡龍龜]</exemplarCharacters>
	</characters>
	<dates>
		<calendars>
			<calendar type="gregorian">
				<months>
					<monthContext type="format">
						<monthWidth type="abbreviated">
							<month type="1">1月</month>
							<month type="2">2月</month>
							<month type="3">3月</month>
							<month type="4">4月</month>
							<month type="5">5月</month>
							<month type="6">6月</month>
							<month type="7">7月</month>
							<month type="8">8月</month>
							<month type="9">9月</month>
							<month type="10">10月</month>
							<month type="11">11月</month>
							<month type="12">12月</month>
						</monthWidth>
					</monthContext>
				</months>
				<days>
					<dayContext type="format">
						<dayWidth type="abbreviated">
							<day type="sun">日</day>
							<day type="mon">一</day>
							<day type="tue">二</day>
							<day type="wed">三</day>
							<day type="thu">四</day>
							<day type="fri">五</day>
							<day type="sat">六</day>
						</dayWidth>
					</dayContext>
				</days>
				<dateFormats>
					<default type="medium"/>
					<dateFormatLength type="full">
						<dateFormat >
							<pattern>yyyy'年'MM'月'dd'日' EEEE</pattern>
						</dateFormat>
					</dateFormatLength >
					<dateFormatLength type="long">
						<dateFormat >
							<pattern>yyyy'年'MM'月'dd'日'</pattern>
						</dateFormat>
					</dateFormatLength >
					<dateFormatLength type="medium">
						<dateFormat >
							<pattern>yyyy'年'M'月'd'日'</pattern>
						</dateFormat>
					</dateFormatLength >
					<dateFormatLength type="short">
						<dateFormat >
							<pattern>yy'年'M'月'd'日'</pattern>
						</dateFormat>
					</dateFormatLength >
				</dateFormats>
				<timeFormats>
					<default type="medium"/>
					<timeFormatLength type="full">
						<timeFormat >
							<pattern>ahh'時'mm'分'ss'秒' z</pattern>
						</timeFormat>
					</timeFormatLength >
					<timeFormatLength type="long">
						<timeFormat >
							<pattern>ahh'時'mm'分'ss'秒'</pattern>
						</timeFormat>
					</timeFormatLength >
					<timeFormatLength type="medium">
						<timeFormat >
							<pattern>ahh:mm:ss</pattern>
						</timeFormat>
					</timeFormatLength >
					<timeFormatLength type="short">
						<timeFormat >
							<pattern>ah:mm</pattern>
						</timeFormat>
					</timeFormatLength >
				</timeFormats>
				<dateTimeFormats>
					<dateTimeFormatLength >
						<dateTimeFormat>
							<pattern>{1} {0}</pattern>
						</dateTimeFormat>
					</dateTimeFormatLength >
				</dateTimeFormats>
			</calendar>
		</calendars>
	</dates>
	<numbers>
		<decimalFormats>
			<decimalFormatLength >
				<decimalFormat >
					<pattern>#,##0.###;-#,##0.###</pattern>
				</decimalFormat>
			</decimalFormatLength >
		</decimalFormats>
		<scientificFormats>
			<scientificFormatLength >
				<scientificFormat >
					<pattern>#E0</pattern>
				</scientificFormat>
			</scientificFormatLength >
		</scientificFormats>
		<percentFormats>
			<percentFormatLength >
				<percentFormat >
					<pattern>#,##0%</pattern>
				</percentFormat>
			</percentFormatLength >
		</percentFormats>
		<currencyFormats>
			<currencyFormatLength >
				<currencyFormat >
					<pattern>¤#,##0.00;(¤#,##0.00)</pattern>
				</currencyFormat>
			</currencyFormatLength >
		</currencyFormats>
	</numbers>
</ldml>
