<?xml version="1.0" encoding="UTF-8" ?>
<!DOCTYPE ldml SYSTEM "http://www.unicode.org/cldr/dtd/1.1/ldml.dtd">
<ldml>
	<identity>
		<version number="1.1"/>
		<generation date="2004-06-01" />
		<language type="mt" /> 
	</identity>
	<collations>
		<collation type="standard" >
			<settings caseFirst="upper"  />
			<rules>
				<reset before="primary">d</reset>
				<p>Ċ</p>
				<t>ċ</t>
				<reset before="primary">g</reset>
				<p>Ġ</p>
				<t>ġ</t>
				<reset before="primary">h</reset>
				<p>GĦ</p>
				<t>Għ</t>
				<t>gĦ</t>
				<t>għ</t>
				<reset before="primary">i</reset>
				<p>Ħ</p>
				<t>ħ</t>
				<reset before="primary">z</reset>
				<p>Ż</p>
			</rules>
		</collation  >
	</collations>
</ldml>
