<?xml version="1.0" encoding="UTF-8" ?>
<!DOCTYPE ldml SYSTEM "http://www.unicode.org/cldr/dtd/1.1/ldml.dtd">
<ldml>
	<identity>
		<version number="1.1"/>
		<generation date="2004-06-01" />
		<language type="nb" /> 
	</identity>
	<collations>
		<collation type="standard" >
			<rules>
				<reset>D</reset>
				<s>đ</s>
				<t>Đ</t>
				<s>ð</s>
				<t>Ð</t>
				<reset>t</reset>
				<x><p>þ</p><extend>h</extend></x>
				<reset>T</reset>
				<x><p>Þ</p><extend>H</extend></x>
				<reset>Y</reset>
				<s>ü</s>
				<t>Ü</t>
				<s>ű</s>
				<t>Ű</t>
				<reset before="primary">ʒ</reset>
				<p>æ</p>
				<t>Æ</t>
				<s>ä</s>
				<t>Ä</t>
				<s>ę</s>
				<t>Ę</t>
				<p>ø</p>
				<t>Ø</t>
				<s>ö</s>
				<t>Ö</t>
				<s>ő</s>
				<t>Ő</t>
				<s>œ</s>
				<t>Œ</t>
				<p>å</p>
			</rules>
		</collation  >
	</collations>
</ldml>
