<?xml version="1.0" encoding="UTF-8" ?>
<!DOCTYPE ldml SYSTEM "http://www.unicode.org/cldr/dtd/1.1/ldml.dtd">
<ldml>
	<identity>
		<version number="1.1"/>
		<generation date="2004-06-01" />
		<language type="ps" /> 
	</identity>
	<layout>
		<orientation lines="top-to-bottom" characters="right-to-left" />
	</layout>
	<collations>
		<collation type="standard" >
			<settings normalization="on"  />
			<rules>
				<reset>َ</reset>
				<sc>ًٌٍُِ</sc>
				<reset>آ</reset>
				<p>ا</p>
				<sc>أٲٱإٳ</sc>
				<p>ء</p>
				<reset>ت</reset>
				<p>ټ</p>
				<s>ٹ</s>
				<reset>ج</reset>
				<p>ځ</p>
				<s>حٔ</s>
				<reset>چ</reset>
				<p>څ</p>
				<reset>د</reset>
				<p>ډ</p>
				<s>ڈ</s>
				<reset>ر</reset>
				<p>ړ</p>
				<s>ڑ</s>
				<reset>ژ</reset>
				<p>ږ</p>
				<reset>ک</reset>
				<sc>ڪك</sc>
				<reset>ګ</reset>
				<s>گ</s>
				<reset>ڼ</reset>
				<s>ڻ</s>
				<reset>و</reset>
				<sc>ؤۇۉ</sc>
				<reset>ه</reset>
				<t>ۀ</t>
				<t>هٔ</t>
				<sc>ەہھةۃ</sc>
				<reset>ی</reset>
				<sc>ىےيېۍ</sc>
				<s>یٔ</s>
				<t>ىٔ</t>
				<t>ئ</t>
				<reset> </reset>
				<sc>‌‍</sc>
			</rules>
		</collation  >
	</collations>
</ldml>
