<?xml version="1.0" encoding="UTF-8" ?>
<!DOCTYPE ldml SYSTEM "http://www.unicode.org/cldr/dtd/1.1/ldml.dtd">
<ldml>
	<identity>
		<version number="1.1"/>
		<generation date="2004-06-01" />
		<language type="sk" /> 
	</identity>
	<collations>
		<collation type="standard" >
			<rules>
				<reset>A</reset>
				<p>ä</p>
				<t>Ä</t>
				<reset>C</reset>
				<p>č</p>
				<t>Č</t>
				<reset>D</reset>
				<p>đ</p>
				<t>Đ</t>
				<reset>H</reset>
				<p>ch</p>
				<t>cH</t>
				<t>Ch</t>
				<t>CH</t>
				<reset>L</reset>
				<p>ł</p>
				<t>Ł</t>
				<reset>O</reset>
				<p>ô</p>
				<t>Ô</t>
				<reset>R</reset>
				<p>ř</p>
				<t>Ř</t>
				<reset>S</reset>
				<p>š</p>
				<t>Š</t>
				<reset>Z</reset>
				<p>ž</p>
				<t>Ž</t>
				<p>ż</p>
			</rules>
		</collation  >
	</collations>
</ldml>
