<?xml version="1.0" encoding="UTF-8" ?>
<!DOCTYPE ldml SYSTEM "http://www.unicode.org/cldr/dtd/1.1/ldml.dtd">
<ldml>
	<identity>
		<version number="1.1"/>
		<generation date="2004-06-01" />
		<language type="tr" /> 
	</identity>
	<collations>
		<collation type="standard" >
			<rules>
				<reset>C</reset>
				<p>ç</p>
				<t>Ç</t>
				<reset>G</reset>
				<p>ğ</p>
				<t>Ğ</t>
				<reset before="primary">i</reset>
				<p>ı</p>
				<t>I</t>
				<reset>i</reset>
				<t>İ</t>
				<reset>O</reset>
				<p>ö</p>
				<t>Ö</t>
				<reset>S</reset>
				<p>ş</p>
				<t>Ş</t>
				<reset>U</reset>
				<p>ü</p>
			</rules>
		</collation  >
	</collations>
</ldml>
