<?xml version="1.0" encoding="UTF-8" ?>
<!DOCTYPE ldml SYSTEM "http://www.unicode.org/cldr/dtd/1.2/ldml.dtd">
<ldml >
	<identity>
		<version number="1.2"/>
		<generation date="2004-08-27"/>
		<language type="ar"/>
	</identity>
	<localeDisplayNames>
		<languages>
			<language type="aa">الافارية</language>
			<language type="ab">الابخازية</language>
			<language type="af">الافريقية</language>
			<language type="afa">افرو-اسيوية</language>
			<language type="ang">انكليزية، قديم</language>
			<language type="ar">العربية</language>
			<language type="arc">الارامية</language>
			<language type="az">اذرية</language>
			<language type="bal">البلوشية</language>
			<language type="be">البيلوروسية</language>
			<language type="ber">البربرية</language>
			<language type="bg">البلغارية</language>
			<language type="bn">البنغالية</language>
			<language type="bo">التبتية</language>
			<language type="bs">البوسنية</language>
			<language type="ca">الكاتالوينية</language>
			<language type="ce">الشيشانية</language>
			<language type="cop">قبطية</language>
			<language type="cs">التشيكية</language>
			<language type="cy">الولزية</language>
			<language type="da">الدانماركية</language>
			<language type="de">الالمانية</language>
			<language type="dv">المالديفية</language>
			<language type="dz">الزونخاية</language>
			<language type="egy">مصرية، قديمة</language>
			<language type="el">اليونانية</language>
			<language type="en">الانجليزية</language>
			<language type="eo">اسبرانتو</language>
			<language type="es">الاسبانية</language>
			<language type="et">استونية</language>
			<language type="fa">الفارسية</language>
			<language type="fi">الفنلندية</language>
			<language type="fj">الفيجية</language>
			<language type="fr">الفرنسية</language>
			<language type="gu">الغوجاراتية</language>
			<language type="he">العبرية</language>
			<language type="hi">الهندية</language>
			<language type="hr">الكرواتية</language>
			<language type="ht">الهايتية</language>
			<language type="hu">الهنغارية</language>
			<language type="hy">الارمنية</language>
			<language type="id">الاندونيسية</language>
			<language type="ira">الايرانية</language>
			<language type="it">الايطالية</language>
			<language type="ja">اليابانية</language>
			<language type="km">الخميرية</language>
			<language type="ko">الكورية</language>
			<language type="ks">الكاشميرية</language>
			<language type="ku">الكردية</language>
			<language type="la">اللاتينية</language>
			<language type="lt">اللتوانية</language>
			<language type="lv">اللاتفية</language>
			<language type="mn">المنغولية</language>
			<language type="ms">لغة الملايو</language>
			<language type="mt">المالطية</language>
			<language type="my">البورمية</language>
			<language type="ne">النيبالية</language>
			<language type="nl">الهولندية</language>
			<language type="pa">البنجابية</language>
			<language type="pl">البولونية</language>
			<language type="ps">البشتونية</language>
			<language type="pt">البرتغالية</language>
			<language type="ro">الرومانية</language>
			<language type="ru">الروسية</language>
			<language type="smi">اللغات السامية</language>
			<language type="sq">الالبانية</language>
			<language type="sr">الصربية</language>
			<language type="sv">السويدية</language>
			<language type="sw">السواحلية</language>
			<language type="syr">السريانية</language>
			<language type="th">التايلاندية</language>
			<language type="tl">التاغالوغية</language>
			<language type="tr">التركية</language>
			<language type="tt">التترية</language>
			<language type="ug">الاغورية</language>
			<language type="uk">الاوكرانية</language>
			<language type="ur">الاردية</language>
			<language type="vi">الفيتنامية</language>
			<language type="zh">الصينية</language>
		</languages>
		<scripts>
			<script type="Arab">العربية</script>
			<script type="Armn">الارمنية</script>
			<script type="Beng">البنغالية</script>
			<script type="Brai">برايل</script>
			<script type="Copt">القبطية</script>
			<script type="Cprt">القبرصية</script>
			<script type="Ethi">الاثيوبية</script>
			<script type="Geor">الجورجية</script>
			<script type="Grek">اليونانية</script>
			<script type="Gujr">تاغجراتية</script>
			<script type="Hebr">العبرية</script>
			<script type="Khmr">الخميرية</script>
			<script type="Latn">اللاتنية</script>
			<script type="Mong">المغولية</script>
			<script type="Syrc">السريانية</script>
			<script type="Taml">التاميل</script>
			<script type="Tglg">التغالوغية</script>
			<script type="Thai">التايلندية</script>
			<script type="Tibt">التبتية</script>
		</scripts>
		<territories>
			<territory type="AD">اندورا</territory>
			<territory type="AE">الامارات العربية المتحدة</territory>
			<territory type="AF">افغانستان</territory>
			<territory type="AG">انتيغوا وبربودا</territory>
			<territory type="AI">البانيا</territory>
			<territory type="AM">ارمينيا</territory>
			<territory type="AO">انغولا</territory>
			<territory type="AR">الارجنتين</territory>
			<territory type="AT">النمسا</territory>
			<territory type="AU">استراليا</territory>
			<territory type="AZ">آذربيجان</territory>
			<territory type="BA">البوسنة والهرسك</territory>
			<territory type="BB">بربادوس</territory>
			<territory type="BD">بنغلاديش</territory>
			<territory type="BE">بلجيكا</territory>
			<territory type="BF">بوركينا فاسو</territory>
			<territory type="BG">بلغاريا</territory>
			<territory type="BH">البحرين</territory>
			<territory type="BI">بوروندي</territory>
			<territory type="BJ">بنين</territory>
			<territory type="BN">بروناي</territory>
			<territory type="BO">بوليفيا</territory>
			<territory type="BR">البرازيل</territory>
			<territory type="BS">البهاما</territory>
			<territory type="BT">بوتان</territory>
			<territory type="BW">بوتسوانا</territory>
			<territory type="BY">روسيا البيضاء</territory>
			<territory type="BZ">بليز</territory>
			<territory type="CA">كندا</territory>
			<territory type="CF">جمهورية افريقيا الوسطى</territory>
			<territory type="CG">الكونغو</territory>
			<territory type="CH">سويسرا</territory>
			<territory type="CL">تشيلي</territory>
			<territory type="CM">الكاميرون</territory>
			<territory type="CN">الصين</territory>
			<territory type="CO">كولومبيا</territory>
			<territory type="CR">كوستاريكا</territory>
			<territory type="CU">كوبا</territory>
			<territory type="CV">الرأس الاخضر</territory>
			<territory type="CY">قبرص</territory>
			<territory type="CZ">جمهورية التشيك</territory>
			<territory type="DE">المانيا</territory>
			<territory type="DJ">جيبوتي</territory>
			<territory type="DK">الدانمرك</territory>
			<territory type="DM">دومينيكا</territory>
			<territory type="DO">الجمهورية الدومينيكية</territory>
			<territory type="DZ">الجزائر</territory>
			<territory type="EC">اكوادور</territory>
			<territory type="EE">استونيا</territory>
			<territory type="EG">مصر</territory>
			<territory type="EH">الصحراء الغربية</territory>
			<territory type="ER">ارتيريا</territory>
			<territory type="ES">اسبانيا</territory>
			<territory type="ET">اثيوبيا</territory>
			<territory type="FI">فنلندا</territory>
			<territory type="FJ">فيجي</territory>
			<territory type="FM">ميكرونيزيا</territory>
			<territory type="FR">فرنسا</territory>
			<territory type="GA">غابون</territory>
			<territory type="GB">المملكة المتحدة</territory>
			<territory type="GD">غرينادا</territory>
			<territory type="GE">جورجيا</territory>
			<territory type="GH">غانا</territory>
			<territory type="GM">غامبيا</territory>
			<territory type="GN">غينيا</territory>
			<territory type="GQ">غينيا الاستوائية</territory>
			<territory type="GR">اليونان</territory>
			<territory type="GT">غواتيمالا</territory>
			<territory type="GW">غينيا بيساو</territory>
			<territory type="GY">غوايانا</territory>
			<territory type="HN">هندوراس</territory>
			<territory type="HR">كرواتيا</territory>
			<territory type="HT">هايتي</territory>
			<territory type="HU">هنغاريا</territory>
			<territory type="ID">اندونيسيا</territory>
			<territory type="IE">ايرلندا</territory>
			<territory type="IL">اسرائيل</territory>
			<territory type="IN">الهند</territory>
			<territory type="IQ">العراق</territory>
			<territory type="IR">ايران</territory>
			<territory type="IS">ايسلندا</territory>
			<territory type="IT">ايطاليا</territory>
			<territory type="JM">جامايكا</territory>
			<territory type="JO">الاردن</territory>
			<territory type="JP">اليابان</territory>
			<territory type="KE">كينيا</territory>
			<territory type="KG">قيرغيزستان</territory>
			<territory type="KH">كمبوديا</territory>
			<territory type="KI">كيريباتي</territory>
			<territory type="KM">جزر القمر</territory>
			<territory type="KN">سانت كيتس ونيفيس</territory>
			<territory type="KP">كوريا الشمالية</territory>
			<territory type="KR">كوريا الجنوبية</territory>
			<territory type="KW">الكويت</territory>
			<territory type="KZ">كازاخستان</territory>
			<territory type="LA">لاوس</territory>
			<territory type="LB">لبنان</territory>
			<territory type="LC">سانت لوسيا</territory>
			<territory type="LI">ليختنشتاين</territory>
			<territory type="LK">سري لانكا</territory>
			<territory type="LR">ليبيريا</territory>
			<territory type="LS">ليسوتو</territory>
			<territory type="LT">ليتوانيا</territory>
			<territory type="LU">لوكسومبرغ</territory>
			<territory type="LV">لاتفيا</territory>
			<territory type="LY">ليبيا</territory>
			<territory type="MA">المغرب</territory>
			<territory type="MC">موناكو</territory>
			<territory type="MD">مولدوفا</territory>
			<territory type="MG">مدغشقر</territory>
			<territory type="MH">جزر المارشال</territory>
			<territory type="MK">مقدونيا</territory>
			<territory type="ML">مالي</territory>
			<territory type="MM">ميانمار</territory>
			<territory type="MN">منغوليا</territory>
			<territory type="MR">موريتانيا</territory>
			<territory type="MT">مالطة</territory>
			<territory type="MU">موريشوس</territory>
			<territory type="MV">مالديف</territory>
			<territory type="MW">ملاوي</territory>
			<territory type="MX">المكسيك</territory>
			<territory type="MY">ماليزيا</territory>
			<territory type="MZ">موزمبيق</territory>
			<territory type="NA">ناميبيا</territory>
			<territory type="NE">النيجر</territory>
			<territory type="NG">نيجيريا</territory>
			<territory type="NI">نيكاراغوا</territory>
			<territory type="NL">هولندا</territory>
			<territory type="NO">النرويج</territory>
			<territory type="NP">النيبال</territory>
			<territory type="NR">ناورو</territory>
			<territory type="NZ">زيلندا الجديدة</territory>
			<territory type="OM">عمان</territory>
			<territory type="PA">بنما</territory>
			<territory type="PE">بيرو</territory>
			<territory type="PG">بابوا غينيا الجديدة</territory>
			<territory type="PH">الفيلبين</territory>
			<territory type="PK">الباكستان</territory>
			<territory type="PL">بولندا</territory>
			<territory type="PT">البرتغال</territory>
			<territory type="PW">بالاو</territory>
			<territory type="PY">باراغواي</territory>
			<territory type="QA">قطر</territory>
			<territory type="RO">رومانيا</territory>
			<territory type="RU">روسيا</territory>
			<territory type="RW">رواندا</territory>
			<territory type="SA">العربية السعودية</territory>
			<territory type="SB">جزر سليمان</territory>
			<territory type="SC">سيشل</territory>
			<territory type="SD">السودان</territory>
			<territory type="SE">السويد</territory>
			<territory type="SG">سنغافورة</territory>
			<territory type="SI">سلوفينيا</territory>
			<territory type="SK">سلوفاكيا</territory>
			<territory type="SL">سيراليون</territory>
			<territory type="SM">سان مارينو</territory>
			<territory type="SN">السنغال</territory>
			<territory type="SO">الصومال</territory>
			<territory type="SR">سورينام</territory>
			<territory type="ST">سان تومي وبرينسيبي</territory>
			<territory type="SV">السلفادور</territory>
			<territory type="SY">سورية</territory>
			<territory type="SZ">سوازيلاند</territory>
			<territory type="TD">تشاد</territory>
			<territory type="TG">توغو</territory>
			<territory type="TH">تايلند</territory>
			<territory type="TJ">تاجيكستان</territory>
			<territory type="TM">تركمانستان</territory>
			<territory type="TN">تونس</territory>
			<territory type="TO">تونغا</territory>
			<territory type="TR">تركيا</territory>
			<territory type="TT">ترينيداد وتوباغو</territory>
			<territory type="TV">توفالو</territory>
			<territory type="TW">تايوان</territory>
			<territory type="TZ">تانزانيا</territory>
			<territory type="UA">اوكرانيا</territory>
			<territory type="UG">اوغندا</territory>
			<territory type="US">الاولايات المتحدة الامريكية</territory>
			<territory type="UY">اروغواي</territory>
			<territory type="UZ">ازبكستان</territory>
			<territory type="VA">الفاتيكان</territory>
			<territory type="VC">سانت فنسنت وجزر غرينادين</territory>
			<territory type="VE">فنزويلا</territory>
			<territory type="VN">فيتنام</territory>
			<territory type="VU">فانوآتو</territory>
			<territory type="WS">ساموا</territory>
			<territory type="YE">اليمن</territory>
			<territory type="ZA">جنوب افريقيا</territory>
			<territory type="ZM">زامبيا</territory>
			<territory type="ZW">زيمبابوي</territory>
		</territories>
		<keys>
			<key type="collation">الترتيب</key>
			<key type="calendar">تقويم</key>
			<key type="currency">العملات</key>
		</keys>
		<types>
			<type type="japanese" key="calendar">تقويم ياباني</type>
			<type type="buddhist" key="calendar">تقويم بوني</type>
			<type type="islamic" key="calendar">تقويم اسلامي</type>
			<type type="islamic-civil" key="calendar">تقويم اسلامي مدني</type>
			<type type="hebrew" key="calendar">تقويم عبري</type>
			<type type="chinese" key="calendar">تقويم صيني</type>
			<type type="gregorian" key="calendar">تقويم ميلادي</type>
			<type type="phonebook" key="collation">ترتيب دليل الهاتف</type>
			<type type="traditional" key="collation">تقليدي</type>
			<type type="direct" key="collation">ترتيب مباشر</type>
		</types>
	</localeDisplayNames>
	<layout>
		<orientation lines="top-to-bottom" characters="right-to-left"/>
	</layout>
	<characters>
		<exemplarCharacters>[ء-غـ-ْ‌‍‏‎]</exemplarCharacters>
	</characters>
	<dates>
		<localizedPatternChars>GanjkHmsSEDFwWxhKzAeugXZ</localizedPatternChars>
		<calendars>
			<calendar type="buddhist">
				<eras>
					<eraAbbr>
						<era type="0">التقويم البوذي</era>
					</eraAbbr>
				</eras>
			</calendar>
			<calendar type="gregorian">
				<months>
					<monthContext type="format">
						<monthWidth type="abbreviated">
							<month type="1">يناير</month>
							<month type="2">فبراير</month>
							<month type="3">مارس</month>
							<month type="4">أبريل</month>
							<month type="5">مايو</month>
							<month type="6">يونيو</month>
							<month type="7">يوليو</month>
							<month type="8">أغسطس</month>
							<month type="9">سبتمبر</month>
							<month type="10">أكتوبر</month>
							<month type="11">نوفمبر</month>
							<month type="12">ديسمبر</month>
						</monthWidth>
						<monthWidth type="narrow">
							<month type="1">ي</month>
							<month type="2">ف</month>
							<month type="3">م</month>
							<month type="4">آ</month>
							<month type="5">و</month>
							<month type="6">ن</month>
							<month type="7">ل</month>
							<month type="8">غ</month>
							<month type="9">س</month>
							<month type="10">ك</month>
							<month type="11">ب</month>
							<month type="12">د</month>
						</monthWidth>
						<monthWidth type="wide">
							<month type="1">يناير</month>
							<month type="2">فبراير</month>
							<month type="3">مارس</month>
							<month type="4">أبريل</month>
							<month type="5">مايو</month>
							<month type="6">يونيو</month>
							<month type="7">يوليو</month>
							<month type="8">أغسطس</month>
							<month type="9">سبتمبر</month>
							<month type="10">أكتوبر</month>
							<month type="11">نوفمبر</month>
							<month type="12">ديسمبر</month>
						</monthWidth>
					</monthContext>
				</months>
				<days>
					<dayContext type="format">
						<dayWidth type="abbreviated">
							<day type="sun">ح</day>
							<day type="mon">ن</day>
							<day type="tue">ث</day>
							<day type="wed">ر</day>
							<day type="thu">خ</day>
							<day type="fri">ج</day>
							<day type="sat">س</day>
						</dayWidth>
						<dayWidth type="narrow">
							<day type="sun">ح</day>
							<day type="mon">ن</day>
							<day type="tue">ث</day>
							<day type="wed">ر</day>
							<day type="thu">خ</day>
							<day type="fri">ج</day>
							<day type="sat">س</day>
						</dayWidth>
						<dayWidth type="wide">
							<day type="sun">الأحد</day>
							<day type="mon">الاثنين</day>
							<day type="tue">الثلاثاء</day>
							<day type="wed">الأربعاء</day>
							<day type="thu">الخميس</day>
							<day type="fri">الجمعة</day>
							<day type="sat">السبت</day>
						</dayWidth>
					</dayContext>
				</days>
				<week>
					<firstDay day="sat"/>
					<weekendStart day="thu" time="00:00"/>
					<weekendEnd day="fri" time="24:00"/>
				</week>
				<am>ص</am>
				<pm>م</pm>
				<eras>
					<eraAbbr>
						<era type="0">ق.م</era>
						<era type="1">م</era>
					</eraAbbr>
				</eras>
				<dateFormats>
					<dateFormatLength type="full">
						<dateFormat>
							<pattern>EEEE, d MMMM, yyyy</pattern>
						</dateFormat>
					</dateFormatLength>
					<dateFormatLength type="long">
						<dateFormat>
							<pattern>d MMMM, yyyy</pattern>
						</dateFormat>
					</dateFormatLength>
					<dateFormatLength type="medium">
						<dateFormat>
							<pattern>dd/MM/yyyy</pattern>
						</dateFormat>
					</dateFormatLength>
					<dateFormatLength type="short">
						<dateFormat>
							<pattern>d/M/yyyy</pattern>
						</dateFormat>
					</dateFormatLength>
				</dateFormats>
				<timeFormats>
					<timeFormatLength type="full">
						<timeFormat>
							<pattern>z h:mm:ss a</pattern>
						</timeFormat>
					</timeFormatLength>
					<timeFormatLength type="long">
						<timeFormat>
							<pattern>h:mm:ss a</pattern>
						</timeFormat>
					</timeFormatLength>
					<timeFormatLength type="medium">
						<timeFormat>
							<pattern>h:mm:ss a</pattern>
						</timeFormat>
					</timeFormatLength>
					<timeFormatLength type="short">
						<timeFormat>
							<pattern>h:mm a</pattern>
						</timeFormat>
					</timeFormatLength>
				</timeFormats>
			</calendar>
			<calendar type="islamic">
				<months>
					<monthContext type="format">
						<monthWidth type="abbreviated">
							<alias source="ar" path="../monthWidth[@type='wide']"/>
						</monthWidth>
						<monthWidth type="wide">
							<month type="1">محرم</month>
							<month type="2">صفر</month>
							<month type="3">ربيع الأول</month>
							<month type="4">ربيع الآخر</month>
							<month type="5">جمادى الأولى</month>
							<month type="6">جمادى الآخرة</month>
							<month type="7">رجب</month>
							<month type="8">شعبان</month>
							<month type="9">رمضان</month>
							<month type="10">شوال</month>
							<month type="11">ذو القعدة</month>
							<month type="12">ذو الحجة</month>
						</monthWidth>
					</monthContext>
				</months>
				<eras>
					<eraAbbr>
						<era type="0">ه‍</era>
					</eraAbbr>
				</eras>
			</calendar>
			<calendar type="islamic-civil">
				<months>
					<alias source="ar" path="../../calendar[@type='islamic']/months"/>
				</months>
				<eras>
					<alias source="ar" path="../../calendar[@type='islamic']/eras"/>
				</eras>
			</calendar>
		</calendars>
	</dates>
	<numbers>
		<symbols>
			<decimal>٫</decimal>
			<group>٬</group>
			<percentSign>٪</percentSign>
			<nativeZeroDigit>٠</nativeZeroDigit>
		</symbols>
		<decimalFormats>
			<decimalFormatLength>
				<decimalFormat>
					<pattern>#,##0.###;#,##0.###-</pattern>
				</decimalFormat>
			</decimalFormatLength>
		</decimalFormats>
		<currencyFormats>
			<currencyFormatLength>
				<currencyFormat>
					<pattern>¤ #,##0.00;¤ #,##0.00-</pattern>
				</currencyFormat>
			</currencyFormatLength>
		</currencyFormats>
		<currencies>
			<currency type="AED">
				<displayName>AED</displayName>
				<symbol>د.إ.‏</symbol>
			</currency>
			<currency type="BHD">
				<displayName>BHD</displayName>
				<symbol>د.ب.‏</symbol>
			</currency>
			<currency type="DZD">
				<displayName>DZD</displayName>
				<symbol>د.ج.‏</symbol>
			</currency>
			<currency type="EGP">
				<displayName>EGP</displayName>
				<symbol>ج.م.‏</symbol>
			</currency>
			<currency type="IQD">
				<displayName>IQD</displayName>
				<symbol>د.ع.‏</symbol>
			</currency>
			<currency type="JOD">
				<displayName>JOD</displayName>
				<symbol>د.أ.‏</symbol>
			</currency>
			<currency type="KWD">
				<displayName>KWD</displayName>
				<symbol>د.ك.‏</symbol>
			</currency>
			<currency type="LBP">
				<displayName>LBP</displayName>
				<symbol>ل.ل.‏</symbol>
			</currency>
			<currency type="LYD">
				<displayName>LYD</displayName>
				<symbol>د.ل.‏</symbol>
			</currency>
			<currency type="MAD">
				<displayName>MAD</displayName>
				<symbol>د.م.‏</symbol>
			</currency>
			<currency type="OMR">
				<displayName>OMR</displayName>
				<symbol>ر.ع.‏</symbol>
			</currency>
			<currency type="QAR">
				<displayName>QAR</displayName>
				<symbol>ر.ق.‏</symbol>
			</currency>
			<currency type="SAR">
				<displayName>SAR</displayName>
				<symbol>ر.س.‏</symbol>
			</currency>
			<currency type="SDP">
				<displayName>SDP</displayName>
				<symbol>ج.س.‏</symbol>
			</currency>
			<currency type="SYP">
				<displayName>SYP</displayName>
				<symbol>ل.س.‏</symbol>
			</currency>
			<currency type="TND">
				<displayName>TND</displayName>
				<symbol>د.ت.‏</symbol>
			</currency>
			<currency type="YER">
				<displayName>YER</displayName>
				<symbol>ر.ي.‏</symbol>
			</currency>
		</currencies>
	</numbers>
	<posix>
		<messages>
			<yesstr>نعم</yesstr>
			<nostr>لا</nostr>
			<yesexpr>ن</yesexpr>
			<noexpr>ل</noexpr>
		</messages>
	</posix>
</ldml>
<!-- Old Comments. See root.xml for more info.
URL: http://oss.software.ibm.com/cvs/icu/icu/source/data/locales/ar.txt?only_with_tag=final-update-LDML

AE { "\u0627\u0644\u0625\u0645\u0627\u0631\u0627\u062A" }
JO { "\u0627\u0644\u0623\u0631\u062F\u0646" }
OM { "\u0633\u0644\u0637\u0646\u0629 \u0639\u0645\u0627\u0646" }
SA { "\u0627\u0644\u0633\u0639\u0648\u062F\u064A\u0629" }
SY { "\u0633\u0648\u0631\u064A\u0627" }
TL { "\u062a\u064a\u0645\u0648\u0631 \u0627\u0644\u0634\u0631\u0642\u064a\u0629" }    // This was called East Timor
Note to translator: Sometimes the hamza is optional for these translations.
"[\u0621 \u0627-\u063A \u0641-\u064A\u0651 \u0653-\u0655 \u0670-\u06B7 \u06BA-\u06BE \u06C1 \u06C3-\u06CE \u06D0-\u06D2]"
Civil is identical other than in calculations
-->

