<?xml version="1.0" encoding="UTF-8" ?>
<!DOCTYPE ldml SYSTEM "http://www.unicode.org/cldr/dtd/1.2/ldml.dtd">
<ldml >
	<identity>
		<version number="1.2"/>
		<generation date="2004-08-27"/>
		<language type="ar"/>
		<territory type="EG"/>
	</identity>
	<dates>
		<calendars>
			<calendar type="gregorian">
				<week>
					<weekendStart draft="true" day="fri" time="00:00"/>
					<weekendEnd draft="true" day="sat" time="24:00"/>
				</week>
			</calendar>
		</calendars>
	</dates>
</ldml>

