<?xml version="1.0" encoding="UTF-8" ?>
<!DOCTYPE ldml SYSTEM "http://www.unicode.org/cldr/dtd/1.2/ldml.dtd">
<ldml >
	<identity>
		<version number="1.2"/>
		<generation date="2004-08-27"/>
		<language type="be"/>
	</identity>
	<localeDisplayNames>
		<languages>
			<language type="be">Беларускі</language>
		</languages>
		<territories>
			<territory type="BY">Беларусь</territory>
		</territories>
	</localeDisplayNames>
	<characters>
		<exemplarCharacters>[а-з й-ш ы-я ’ёіў {дж} {дз}]</exemplarCharacters>
	</characters>
	<dates>
		<localizedPatternChars>GanjkHmsSEDFwWxhKzAeugXZ</localizedPatternChars>
		<calendars>
			<calendar type="gregorian">
				<months>
					<monthContext type="format">
						<monthWidth type="abbreviated">
							<month type="1">сту</month>
							<month type="2">лют</month>
							<month type="3">сак</month>
							<month type="4">кра</month>
							<month type="5">май</month>
							<month type="6">чэр</month>
							<month type="7">ліп</month>
							<month type="8">жні</month>
							<month type="9">вер</month>
							<month type="10">кас</month>
							<month type="11">ліс</month>
							<month type="12">сне</month>
						</monthWidth>
						<monthWidth type="wide">
							<month type="1">студзень</month>
							<month type="2">люты</month>
							<month type="3">сакавік</month>
							<month type="4">красавік</month>
							<month type="5">май</month>
							<month type="6">чэрвень</month>
							<month type="7">ліпень</month>
							<month type="8">жнівень</month>
							<month type="9">верасень</month>
							<month type="10">кастрычнік</month>
							<month type="11">лістапад</month>
							<month type="12">снежань</month>
						</monthWidth>
					</monthContext>
				</months>
				<days>
					<dayContext type="format">
						<dayWidth type="abbreviated">
							<day type="sun">нд</day>
							<day type="mon">пн</day>
							<day type="tue">аў</day>
							<day type="wed">ср</day>
							<day type="thu">чц</day>
							<day type="fri">пт</day>
							<day type="sat">сб</day>
						</dayWidth>
						<dayWidth type="wide">
							<day type="sun">нядзеля</day>
							<day type="mon">панядзелак</day>
							<day type="tue">аўторак</day>
							<day type="wed">серада</day>
							<day type="thu">чацвер</day>
							<day type="fri">пятніца</day>
							<day type="sat">субота</day>
						</dayWidth>
					</dayContext>
				</days>
				<week>
					<firstDay day="mon"/>
				</week>
				<eras>
					<eraAbbr>
						<era type="0">да н.е.</era>
						<era type="1">н.е.</era>
					</eraAbbr>
				</eras>
				<dateFormats>
					<dateFormatLength type="full">
						<dateFormat>
							<pattern>EEEE, d MMMM yyyy</pattern>
						</dateFormat>
					</dateFormatLength>
					<dateFormatLength type="long">
						<dateFormat>
							<pattern>d MMMM yyyy</pattern>
						</dateFormat>
					</dateFormatLength>
					<dateFormatLength type="medium">
						<dateFormat>
							<pattern>d.M.yyyy</pattern>
						</dateFormat>
					</dateFormatLength>
					<dateFormatLength type="short">
						<dateFormat>
							<pattern>d.M.yy</pattern>
						</dateFormat>
					</dateFormatLength>
				</dateFormats>
				<timeFormats>
					<timeFormatLength type="full">
						<timeFormat>
							<pattern>HH.mm.ss z</pattern>
						</timeFormat>
					</timeFormatLength>
					<timeFormatLength type="long">
						<timeFormat>
							<pattern>HH.mm.ss z</pattern>
						</timeFormat>
					</timeFormatLength>
					<timeFormatLength type="medium">
						<timeFormat>
							<pattern>HH.mm.ss</pattern>
						</timeFormat>
					</timeFormatLength>
					<timeFormatLength type="short">
						<timeFormat>
							<pattern>HH.mm</pattern>
						</timeFormat>
					</timeFormatLength>
				</timeFormats>
			</calendar>
		</calendars>
	</dates>
	<numbers>
		<symbols>
			<decimal>,</decimal>
			<group> </group>
		</symbols>
		<currencies>
			<currency type="BYB">
				<displayName>BYB</displayName>
				<symbol>Руб</symbol>
			</currency>
		</currencies>
	</numbers>
	<posix draft="true">
		<messages>
			<yesstr>Так</yesstr>
			<nostr>Не</nostr>
			<yesexpr>Т</yesexpr>
			<noexpr>Н</noexpr>
		</messages>
	</posix>
</ldml>
<!-- Old Comments. See root.xml for more info.
URL: http://oss.software.ibm.com/cvs/icu/icu/source/data/locales/be.txt?only_with_tag=final-update-LDML

        "Cyrl",     // Abbreviation
Currency display names
                1, // "Minimal Days in First Week" is unknown. Root value used instead
-->

