<?xml version="1.0" encoding="UTF-8" ?>
<!DOCTYPE ldml SYSTEM "http://www.unicode.org/cldr/dtd/1.2/ldml.dtd">
<ldml >
	<identity>
		<version number="1.2"/>
		<generation date="2004-08-27"/>
		<language type="cs"/>
	</identity>
	<localeDisplayNames>
		<languages>
			<language type="aa">Afarština</language>
			<language type="ab">Abcházština</language>
			<language type="af">Afrikánština</language>
			<language type="am">Amharština</language>
			<language type="ar">Arabština</language>
			<language type="as">Assaméština</language>
			<language type="ay">Aymárština</language>
			<language type="az">Azerbajdžánština</language>
			<language type="ba">Baskirština</language>
			<language type="be">Běloruština</language>
			<language type="bg">Bulharština</language>
			<language type="bh">Biharština</language>
			<language type="bi">Bislámština</language>
			<language type="bn">Bengálština</language>
			<language type="bo">Tibetština</language>
			<language type="br">Bretaňština</language>
			<language type="ca">Katalánština</language>
			<language type="co">Korsičtina</language>
			<language type="cs">Čeština</language>
			<language type="cy">Velština</language>
			<language type="da">Dánština</language>
			<language type="de">Němčina</language>
			<language type="dz">Bhútánština</language>
			<language type="el">Řečtina</language>
			<language type="en">Angličtina</language>
			<language type="eo">Esperanto</language>
			<language type="es">Španělština</language>
			<language type="et">Estonština</language>
			<language type="eu">Baskičtina</language>
			<language type="fa">Perština</language>
			<language type="fi">Finština</language>
			<language type="fj">Fidži</language>
			<language type="fo">Faerština</language>
			<language type="fr">Francouzština</language>
			<language type="fy">Fríština</language>
			<language type="ga">Irština</language>
			<language type="gd">Skotská galština</language>
			<language type="gl">Haličština</language>
			<language type="gn">Guaranština</language>
			<language type="gu">Gujaratština</language>
			<language type="ha">Hausa</language>
			<language type="he">Hebrejština</language>
			<language type="hi">Hindština</language>
			<language type="hr">Chorvatština</language>
			<language type="hu">Maďarština</language>
			<language type="hy">Arménština</language>
			<language type="ia">Interlingua</language>
			<language type="id">Indonéština</language>
			<language type="ie">Interlingue</language>
			<language type="ik">Inupiakština</language>
			<language type="is">Islandština</language>
			<language type="it">Italština</language>
			<language type="iu">Inuktitutština</language>
			<language type="ja">Japonština</language>
			<language type="jv">Javánština</language>
			<language type="ka">Gruzínština</language>
			<language type="kk">Kazachština</language>
			<language type="kl">Grónština</language>
			<language type="km">Kambodžština</language>
			<language type="kn">Kannadština</language>
			<language type="ko">Korejština</language>
			<language type="ks">Kašmírština</language>
			<language type="ku">Kurdština</language>
			<language type="ky">Kirgizština</language>
			<language type="la">Latina</language>
			<language type="ln">Lingalština</language>
			<language type="lo">Laoština</language>
			<language type="lt">Litevština</language>
			<language type="lv">Lotyština</language>
			<language type="mg">Malgaština</language>
			<language type="mi">Maorština</language>
			<language type="mk">Makedonština</language>
			<language type="ml">Malabarština</language>
			<language type="mn">Mongolština</language>
			<language type="mo">Moldavština</language>
			<language type="mr">Marathi</language>
			<language type="ms">Malajština</language>
			<language type="mt">Maltština</language>
			<language type="my">Barmština</language>
			<language type="na">Nauru</language>
			<language type="ne">Nepálština</language>
			<language type="nl">Holandština</language>
			<language type="no">Norština</language>
			<language type="oc">Occitan</language>
			<language type="om">Oromo (Afan)</language>
			<language type="or">Oriya</language>
			<language type="pa">Paňdžábština</language>
			<language type="pl">Polština</language>
			<language type="ps">Pashto (Pushto)</language>
			<language type="pt">Portugalština</language>
			<language type="qu">Kečuánština</language>
			<language type="rm">Rétorománština</language>
			<language type="rn">Kirundi</language>
			<language type="ro">Rumunština</language>
			<language type="ru">Ruština</language>
			<language type="rw">Kinyarwandština</language>
			<language type="sa">Sanskrt</language>
			<language type="sd">Sindhi</language>
			<language type="sg">Sangho</language>
			<language type="sh">Srbochorvatština</language>
			<language type="si">Sinhálština</language>
			<language type="sk">Slovenština</language>
			<language type="sl">Slovinština</language>
			<language type="sm">Samoyština</language>
			<language type="sn">Shona</language>
			<language type="so">Somálština</language>
			<language type="sq">Albánština</language>
			<language type="sr">Srbština</language>
			<language type="ss">Siswatština</language>
			<language type="st">Sesotho</language>
			<language type="su">Sundanština</language>
			<language type="sv">Švédština</language>
			<language type="sw">Svahilština</language>
			<language type="ta">Tamilština</language>
			<language type="te">Telugština</language>
			<language type="tg">Tádžičtina</language>
			<language type="th">Thajština</language>
			<language type="ti">Tigrinijština</language>
			<language type="tk">Turkmenština</language>
			<language type="tl">Tagalog</language>
			<language type="tn">Setswanština</language>
			<language type="to">Tonga</language>
			<language type="tr">Turečtina</language>
			<language type="ts">Tsonga</language>
			<language type="tt">Tatarština</language>
			<language type="tw">Twi</language>
			<language type="ug">Uighurština</language>
			<language type="uk">Ukrajinština</language>
			<language type="ur">Urdština</language>
			<language type="uz">Uzbečtina</language>
			<language type="vi">Vietnamština</language>
			<language type="vo">Volapuk</language>
			<language type="wo">Wolof</language>
			<language type="xh">Xhosa</language>
			<language type="yi">Jidiš</language>
			<language type="yo">Yoruba</language>
			<language type="za">Zhuang</language>
			<language type="zh">Čínština</language>
			<language type="zu">Zulu</language>
		</languages>
		<territories>
			<territory type="AD">Andorra</territory>
			<territory type="AE">Spojené arabské emiráty</territory>
			<territory type="AF">Afghánistán</territory>
			<territory type="AG">Antigua a Barbuda</territory>
			<territory type="AI">Anguila</territory>
			<territory type="AL">Albánie</territory>
			<territory type="AM">Arménie</territory>
			<territory type="AN">Nizozemské Antily</territory>
			<territory type="AO">Angola</territory>
			<territory type="AQ">Antarktida</territory>
			<territory type="AR">Argentina</territory>
			<territory type="AS">Americká Samoa</territory>
			<territory type="AT">Rakousko</territory>
			<territory type="AU">Austrálie</territory>
			<territory type="AW">Aruba</territory>
			<territory type="AZ">Ázerbájdžán</territory>
			<territory type="BA">Bosna a Hercegovina</territory>
			<territory type="BB">Barbados</territory>
			<territory type="BD">Bangladéš</territory>
			<territory type="BE">Belgie</territory>
			<territory type="BF">Burkina Faso</territory>
			<territory type="BG">Bulharsko</territory>
			<territory type="BH">Bahrajn</territory>
			<territory type="BI">Burundi</territory>
			<territory type="BJ">Benin</territory>
			<territory type="BM">Bermudy</territory>
			<territory type="BN">Brunej Darussalam</territory>
			<territory type="BO">Bolívie</territory>
			<territory type="BR">Brazílie</territory>
			<territory type="BS">Bahamy</territory>
			<territory type="BT">Bhútán</territory>
			<territory type="BV">Ostrov Bouvet</territory>
			<territory type="BW">Botswana</territory>
			<territory type="BY">Bělorusko</territory>
			<territory type="BZ">Belize</territory>
			<territory type="CA">Kanada</territory>
			<territory type="CC">Kokosové ostrovy</territory>
			<territory type="CD">Kongo, demokratická republika</territory>
			<territory type="CF">Středoafrická republika</territory>
			<territory type="CG">Kongo</territory>
			<territory type="CH">Švýcarsko</territory>
			<territory type="CI">Pobřeží slonoviny</territory>
			<territory type="CK">Cookovy ostrovy</territory>
			<territory type="CL">Chile</territory>
			<territory type="CM">Kamerun</territory>
			<territory type="CN">Čína</territory>
			<territory type="CO">Kolumbie</territory>
			<territory type="CR">Kostarika</territory>
			<territory type="CU">Kuba</territory>
			<territory type="CV">Kapverdy</territory>
			<territory type="CX">Vánoční ostrovy</territory>
			<territory type="CY">Kypr</territory>
			<territory type="CZ">Česká republika</territory>
			<territory type="DE">Německo</territory>
			<territory type="DJ">Džibuti</territory>
			<territory type="DK">Dánsko</territory>
			<territory type="DM">Dominika</territory>
			<territory type="DO">Dominikánská republika</territory>
			<territory type="DZ">Alžírsko</territory>
			<territory type="EC">Ekvádor</territory>
			<territory type="EE">Estonsko</territory>
			<territory type="EG">Egypt</territory>
			<territory type="EH">Západní Sahara</territory>
			<territory type="ER">Eritrea</territory>
			<territory type="ES">Španělsko</territory>
			<territory type="ET">Etiopie</territory>
			<territory type="FI">Finsko</territory>
			<territory type="FJ">Fidži</territory>
			<territory type="FK">Falklandské ostrovy</territory>
			<territory type="FM">Mikronésie, federativní stát</territory>
			<territory type="FO">Faerské ostrovy</territory>
			<territory type="FR">Francie</territory>
			<territory type="GA">Gabon</territory>
			<territory type="GB">Velká Británie</territory>
			<territory type="GD">Grenada</territory>
			<territory type="GE">Gruzie</territory>
			<territory type="GF">Francouzská Guyana</territory>
			<territory type="GH">Ghana</territory>
			<territory type="GI">Gibraltar</territory>
			<territory type="GL">Grónsko</territory>
			<territory type="GM">Gambie</territory>
			<territory type="GN">Guinea</territory>
			<territory type="GP">Guadeloupe</territory>
			<territory type="GQ">Rovníková Guinea</territory>
			<territory type="GR">Řecko</territory>
			<territory type="GS">Jižní Georgie a Jižní Sandwichovy ostrovy</territory>
			<territory type="GT">Guatemala</territory>
			<territory type="GU">Guam</territory>
			<territory type="GW">Guinea-Bissau</territory>
			<territory type="GY">Guyana</territory>
			<territory type="HK">Hongkong, zvláštní administrativní oblast Číny</territory>
			<territory type="HM">Ostrovy Heard a McDonald</territory>
			<territory type="HN">Honduras</territory>
			<territory type="HR">Chorvatsko</territory>
			<territory type="HT">Haiti</territory>
			<territory type="HU">Maďarsko</territory>
			<territory type="ID">Indonésie</territory>
			<territory type="IE">Irsko</territory>
			<territory type="IL">Izrael</territory>
			<territory type="IN">Indie</territory>
			<territory type="IO">Britské území v Indickém oceánu</territory>
			<territory type="IQ">Irák</territory>
			<territory type="IR">Írán</territory>
			<territory type="IS">Island</territory>
			<territory type="IT">Itálie</territory>
			<territory type="JM">Jamajka</territory>
			<territory type="JO">Jordánsko</territory>
			<territory type="JP">Japonsko</territory>
			<territory type="KE">Keňa</territory>
			<territory type="KG">Kyrgyzstán</territory>
			<territory type="KH">Kambodža</territory>
			<territory type="KI">Kiribati</territory>
			<territory type="KM">Komory</territory>
			<territory type="KN">Svatý Kitts a Nevis</territory>
			<territory type="KP">Severní Korea</territory>
			<territory type="KR">Jižní Korea</territory>
			<territory type="KW">Kuvajt</territory>
			<territory type="KY">Kajmanské ostrovy</territory>
			<territory type="KZ">Kazachstán</territory>
			<territory type="LA">Lidově demokratická republika Laos</territory>
			<territory type="LB">Libanon</territory>
			<territory type="LC">Svatá Lucie</territory>
			<territory type="LI">Lichtenštejnsko</territory>
			<territory type="LK">Srí Lanka</territory>
			<territory type="LR">Libérie</territory>
			<territory type="LS">Lesotho</territory>
			<territory type="LT">Litva</territory>
			<territory type="LU">Lucembursko</territory>
			<territory type="LV">Lotyšsko</territory>
			<territory type="LY">Libye</territory>
			<territory type="MA">Maroko</territory>
			<territory type="MC">Monako</territory>
			<territory type="MD">Moldavsko, republika</territory>
			<territory type="MG">Madagaskar</territory>
			<territory type="MH">Marshallovy ostrovy</territory>
			<territory type="MK">Macedonia</territory>
			<territory type="ML">Mali</territory>
			<territory type="MM">Myanmar (Burma)</territory>
			<territory type="MN">Mongolsko</territory>
			<territory type="MO">Macao S.A.R., China</territory>
			<territory type="MP">Severní Mariany</territory>
			<territory type="MQ">Martinik</territory>
			<territory type="MR">Mauritánie</territory>
			<territory type="MS">Montserrat</territory>
			<territory type="MT">Malta</territory>
			<territory type="MU">Mauricius</territory>
			<territory type="MV">Maladivy</territory>
			<territory type="MW">Malawi</territory>
			<territory type="MX">Mexiko</territory>
			<territory type="MY">Malajsie</territory>
			<territory type="MZ">Mosambik</territory>
			<territory type="NA">Namibie</territory>
			<territory type="NC">Nová Kaledonie</territory>
			<territory type="NE">Niger</territory>
			<territory type="NF">Norfolk</territory>
			<territory type="NG">Nigérie</territory>
			<territory type="NI">Nikaragua</territory>
			<territory type="NL">Nizozemsko</territory>
			<territory type="NO">Norsko</territory>
			<territory type="NP">Nepál</territory>
			<territory type="NR">Nauru</territory>
			<territory type="NU">Niue</territory>
			<territory type="NZ">Nový Zéland</territory>
			<territory type="OM">Omán</territory>
			<territory type="PA">Panama</territory>
			<territory type="PE">Peru</territory>
			<territory type="PF">Francouzská Polynésie</territory>
			<territory type="PG">Papua-Nová Guinea</territory>
			<territory type="PH">Filipíny</territory>
			<territory type="PK">Pákistán</territory>
			<territory type="PL">Polsko</territory>
			<territory type="PM">Svatý Pierre a Miquelon</territory>
			<territory type="PN">Pitcairn</territory>
			<territory type="PR">Portoriko</territory>
			<territory type="PS">Palestinian Territory</territory>
			<territory type="PT">Portugalsko</territory>
			<territory type="PW">Palau</territory>
			<territory type="PY">Paraguay</territory>
			<territory type="QA">Katar</territory>
			<territory type="RE">Réunion</territory>
			<territory type="RO">Rumunsko</territory>
			<territory type="RU">Rusko</territory>
			<territory type="RW">Rwanda</territory>
			<territory type="SA">Saúdská Arábie</territory>
			<territory type="SB">Šalamounovy ostrovy</territory>
			<territory type="SC">Seychely</territory>
			<territory type="SD">Súdán</territory>
			<territory type="SE">Švédsko</territory>
			<territory type="SG">Singapur</territory>
			<territory type="SH">Svatá Helena</territory>
			<territory type="SI">Slovinsko</territory>
			<territory type="SJ">Svalbard a Jan Mayen</territory>
			<territory type="SK">Slovensko</territory>
			<territory type="SL">Sierra Leone</territory>
			<territory type="SM">San Marino</territory>
			<territory type="SN">Senegal</territory>
			<territory type="SO">Somálsko</territory>
			<territory type="SP">Serbia</territory>
			<territory type="SR">Surinam</territory>
			<territory type="ST">Svatý Tomáš</territory>
			<territory type="SV">El Salvador</territory>
			<territory type="SY">Sýrie</territory>
			<territory type="SZ">Svazijsko</territory>
			<territory type="TC">Ostrovy Caicos a Turks</territory>
			<territory type="TD">Čad</territory>
			<territory type="TF">Francouzská jižní teritoria</territory>
			<territory type="TG">Togo</territory>
			<territory type="TH">Thajsko</territory>
			<territory type="TJ">Tádžikistán</territory>
			<territory type="TK">Tokelau</territory>
			<territory type="TL">Východní Timor</territory>
			<territory type="TM">Turkmenistán</territory>
			<territory type="TN">Tunisko</territory>
			<territory type="TO">Tonga</territory>
			<territory type="TR">Turecko</territory>
			<territory type="TT">Trinidad a Tobago</territory>
			<territory type="TV">Tuvalu</territory>
			<territory type="TW">Tchaj-wan</territory>
			<territory type="TZ">Tanzanie</territory>
			<territory type="UA">Ukrajina</territory>
			<territory type="UG">Uganda</territory>
			<territory type="UM">Menší odlehlé ostrovy USA</territory>
			<territory type="US">Spojené státy</territory>
			<territory type="UY">Uruguay</territory>
			<territory type="UZ">Uzbekistán</territory>
			<territory type="VA">Svatý stolec</territory>
			<territory type="VC">Svatý Vincent a Grenadiny</territory>
			<territory type="VE">Venezuela</territory>
			<territory type="VG">Britské Panenské ostrovy</territory>
			<territory type="VI">Americké Panenské ostrovy</territory>
			<territory type="VN">Vietnam</territory>
			<territory type="VU">Vanuatu</territory>
			<territory type="WF">Wallis a Futuna</territory>
			<territory type="WS">Samoa</territory>
			<territory type="YE">Jemen</territory>
			<territory type="YT">Mayotte</territory>
			<territory type="YU">Jugoslávie</territory>
			<territory type="ZA">Jižní Afrika</territory>
			<territory type="ZM">Zambie</territory>
			<territory type="ZW">Zimbabwe</territory>
		</territories>
		<keys>
			<key type="collation">Třídění</key>
			<key type="calendar">Kalendář</key>
			<key type="currency">Měna</key>
		</keys>
		<types>
			<type type="japanese" key="calendar">Japonský kalendář</type>
			<type type="buddhist" key="calendar">Budhistický kalendář</type>
			<type type="islamic" key="calendar">Muslimský kalendář</type>
			<type type="islamic-civil" key="calendar">Muslimský občanský kalendář</type>
			<type type="hebrew" key="calendar">Hebrejský kalendář</type>
			<type type="chinese" key="calendar">Čínský kalendář</type>
			<type type="gregorian" key="calendar">Gregoriánský kalendář</type>
		</types>
	</localeDisplayNames>
	<characters>
		<exemplarCharacters>[a-z ý á é í ó ú ě ů č ď ň ř š ť ž]</exemplarCharacters>
	</characters>
	<dates>
		<localizedPatternChars>GuMtkHmsSEDFwWahKzUeygAZ</localizedPatternChars>
		<calendars>
			<calendar type="gregorian">
				<months>
					<monthContext type="format">
						<monthWidth type="abbreviated">
							<month type="1">1.</month>
							<month type="2">2.</month>
							<month type="3">3.</month>
							<month type="4">4.</month>
							<month type="5">5.</month>
							<month type="6">6.</month>
							<month type="7">7.</month>
							<month type="8">8.</month>
							<month type="9">9.</month>
							<month type="10">10.</month>
							<month type="11">11.</month>
							<month type="12">12.</month>
						</monthWidth>
						<monthWidth type="narrow">
							<month type="1">l</month>
							<month type="2">ú</month>
							<month type="3">b</month>
							<month type="4">d</month>
							<month type="5">k</month>
							<month type="6">č</month>
							<month type="7">č</month>
							<month type="8">s</month>
							<month type="9">z</month>
							<month type="10">ř</month>
							<month type="11">l</month>
							<month type="12">p</month>
						</monthWidth>
						<monthWidth type="wide">
							<month type="1">ledna</month>
							<month type="2">února</month>
							<month type="3">března</month>
							<month type="4">dubna</month>
							<month type="5">května</month>
							<month type="6">června</month>
							<month type="7">července</month>
							<month type="8">srpna</month>
							<month type="9">září</month>
							<month type="10">října</month>
							<month type="11">listopadu</month>
							<month type="12">prosince</month>
						</monthWidth>
					</monthContext>
					<monthContext type="stand-alone">
						<monthWidth type="abbreviated">
							<month type="1">1.</month>
							<month type="2">2.</month>
							<month type="3">3.</month>
							<month type="4">4.</month>
							<month type="5">5.</month>
							<month type="6">6.</month>
							<month type="7">7.</month>
							<month type="8">8.</month>
							<month type="9">9.</month>
							<month type="10">10.</month>
							<month type="11">11.</month>
							<month type="12">12.</month>
						</monthWidth>
						<monthWidth type="narrow">
							<month type="1">l</month>
							<month type="2">ú</month>
							<month type="3">b</month>
							<month type="4">d</month>
							<month type="5">k</month>
							<month type="6">č</month>
							<month type="7">č</month>
							<month type="8">s</month>
							<month type="9">z</month>
							<month type="10">ř</month>
							<month type="11">l</month>
							<month type="12">p</month>
						</monthWidth>
						<monthWidth type="wide">
							<month type="1">Leden</month>
							<month type="2">Únor</month>
							<month type="3">Březen</month>
							<month type="4">Duben</month>
							<month type="5">Květen</month>
							<month type="6">Červen</month>
							<month type="7">Červenec</month>
							<month type="8">Srpen</month>
							<month type="9">Září</month>
							<month type="10">Říjen</month>
							<month type="11">Listopad</month>
							<month type="12">Prosinec</month>
						</monthWidth>
					</monthContext>
				</months>
				<days>
					<dayContext type="format">
						<dayWidth type="abbreviated">
							<day type="sun">ne</day>
							<day type="mon">po</day>
							<day type="tue">út</day>
							<day type="wed">st</day>
							<day type="thu">čt</day>
							<day type="fri">pá</day>
							<day type="sat">so</day>
						</dayWidth>
						<dayWidth type="wide">
							<day type="sun">neděle</day>
							<day type="mon">pondělí</day>
							<day type="tue">úterý</day>
							<day type="wed">středa</day>
							<day type="thu">čtvrtek</day>
							<day type="fri">pátek</day>
							<day type="sat">sobota</day>
						</dayWidth>
					</dayContext>
				</days>
				<week>
					<firstDay day="mon"/>
				</week>
				<am>dop.</am>
				<pm>odp.</pm>
				<eras>
					<eraAbbr>
						<era type="0">př.Kr.</era>
						<era type="1">po Kr.</era>
					</eraAbbr>
				</eras>
				<dateFormats>
					<dateFormatLength type="full">
						<dateFormat>
							<pattern>EEEE, d. MMMM yyyy</pattern>
						</dateFormat>
					</dateFormatLength>
					<dateFormatLength type="long">
						<dateFormat>
							<pattern>d. MMMM yyyy</pattern>
						</dateFormat>
					</dateFormatLength>
					<dateFormatLength type="medium">
						<dateFormat>
							<pattern>d.M.yyyy</pattern>
						</dateFormat>
					</dateFormatLength>
					<dateFormatLength type="short">
						<dateFormat>
							<pattern>d.M.yy</pattern>
						</dateFormat>
					</dateFormatLength>
				</dateFormats>
				<timeFormats>
					<timeFormatLength type="full">
						<timeFormat>
							<pattern>H:mm:ss z</pattern>
						</timeFormat>
					</timeFormatLength>
					<timeFormatLength type="long">
						<timeFormat>
							<pattern>H:mm:ss z</pattern>
						</timeFormat>
					</timeFormatLength>
					<timeFormatLength type="medium">
						<timeFormat>
							<pattern>H:mm:ss</pattern>
						</timeFormat>
					</timeFormatLength>
					<timeFormatLength type="short">
						<timeFormat>
							<pattern>H:mm</pattern>
						</timeFormat>
					</timeFormatLength>
				</timeFormats>
			</calendar>
		</calendars>
		<timeZoneNames>
			<zone type="America/Los_Angeles">
				<long>
					<standard>Pacifický standardní čas</standard>
					<daylight>Pacifický letní čas</daylight>
				</long>
				<short>
					<standard>PST</standard>
					<daylight>PDT</daylight>
				</short>
				<exemplarCity>Los Angeles</exemplarCity>
			</zone>
			<zone type="America/Denver">
				<long>
					<standard>Horský standardní čas</standard>
					<daylight>Horský letní čas</daylight>
				</long>
				<short>
					<standard>MST</standard>
					<daylight>MDT</daylight>
				</short>
				<exemplarCity>Denver</exemplarCity>
			</zone>
			<zone type="America/Phoenix">
				<long>
					<standard>Horský standardní čas</standard>
					<daylight>Horský standardní čas</daylight>
				</long>
				<short>
					<standard>MST</standard>
					<daylight>MST</daylight>
				</short>
				<exemplarCity>Phoenix</exemplarCity>
			</zone>
			<zone type="America/Chicago">
				<long>
					<standard>Centrální standardní čas</standard>
					<daylight>Centrální letní čas</daylight>
				</long>
				<short>
					<standard>CST</standard>
					<daylight>CDT</daylight>
				</short>
				<exemplarCity>Chicago</exemplarCity>
			</zone>
			<zone type="America/New_York">
				<long>
					<standard>Východní standardní čas</standard>
					<daylight>Východní letní čas</daylight>
				</long>
				<short>
					<standard>EST</standard>
					<daylight>EDT</daylight>
				</short>
				<exemplarCity>New York</exemplarCity>
			</zone>
			<zone type="America/Indianapolis">
				<long>
					<standard>Východní standardní čas</standard>
					<daylight>Východní standardní čas</daylight>
				</long>
				<short>
					<standard>EST</standard>
					<daylight>EST</daylight>
				</short>
				<exemplarCity>Indianapolis</exemplarCity>
			</zone>
			<zone type="Pacific/Honolulu">
				<long>
					<standard>Havajský standardní čas</standard>
					<daylight>Havajský standardní čas</daylight>
				</long>
				<short>
					<standard>HST</standard>
					<daylight>HST</daylight>
				</short>
				<exemplarCity>Honolulu</exemplarCity>
			</zone>
			<zone type="America/Anchorage">
				<long>
					<standard>Aljašský standardní čas</standard>
					<daylight>Aljašský letní čas</daylight>
				</long>
				<short>
					<standard>AST</standard>
					<daylight>ADT</daylight>
				</short>
				<exemplarCity>Anchorage</exemplarCity>
			</zone>
			<zone type="America/Halifax">
				<long>
					<standard>Atlantický standardní čas</standard>
					<daylight>Atlantický letní čas</daylight>
				</long>
				<short>
					<standard>AST</standard>
					<daylight>ADT</daylight>
				</short>
				<exemplarCity>Halifax</exemplarCity>
			</zone>
			<zone type="America/St_Johns">
				<long>
					<standard>Newfoundlandský standardní čas</standard>
					<daylight>Newfoundlandský letní čas</daylight>
				</long>
				<short>
					<standard>CNT</standard>
					<daylight>CDT</daylight>
				</short>
				<exemplarCity>St. Johns</exemplarCity>
			</zone>
			<zone type="Europe/Paris">
				<long>
					<standard>Středoevropský standardní čas</standard>
					<daylight>Středoevropský letní čas</daylight>
				</long>
				<short>
					<standard>CET</standard>
					<daylight>CEST</daylight>
				</short>
				<exemplarCity>Paříž</exemplarCity>
			</zone>
			<zone type="Etc/GMT">
				<long>
					<standard>Greenwichský střední čas</standard>
					<daylight>Greenwichský střední čas</daylight>
				</long>
				<short>
					<standard>GMT</standard>
					<daylight>GMT</daylight>
				</short>
				<exemplarCity>Londýn</exemplarCity>
			</zone>
			<zone type="Africa/Casablanca">
				<long>
					<standard>Greenwichský střední čas</standard>
					<daylight>Greenwichský střední čas</daylight>
				</long>
				<short>
					<standard>GMT</standard>
					<daylight>GMT</daylight>
				</short>
				<exemplarCity>Casablanca</exemplarCity>
			</zone>
			<zone type="Asia/Jerusalem">
				<long>
					<standard>Izraelský standardní čas</standard>
					<daylight>Izraelský letní čas</daylight>
				</long>
				<short>
					<standard>IST</standard>
					<daylight>IDT</daylight>
				</short>
				<exemplarCity>Jeruzalém</exemplarCity>
			</zone>
			<zone type="Asia/Tokyo">
				<long>
					<standard>Japonský standardní čas</standard>
					<daylight>Japonský standardní čas</daylight>
				</long>
				<short>
					<standard>JST</standard>
					<daylight>JST</daylight>
				</short>
				<exemplarCity>Tokio</exemplarCity>
			</zone>
			<zone type="Europe/Bucharest">
				<long>
					<standard>Východoevropský standardní čas</standard>
					<daylight>Východoevropský letní čas</daylight>
				</long>
				<short>
					<standard>EET</standard>
					<daylight>EEST</daylight>
				</short>
				<exemplarCity>Bukurešť</exemplarCity>
			</zone>
			<zone type="Asia/Shanghai">
				<long>
					<standard>Čínský standardní čas</standard>
					<daylight>Čínský standardní čas</daylight>
				</long>
				<short>
					<standard>CTT</standard>
					<daylight>CDT</daylight>
				</short>
				<exemplarCity>Šanghaj</exemplarCity>
			</zone>
		</timeZoneNames>
	</dates>
	<numbers>
		<symbols>
			<decimal>,</decimal>
			<group> </group>
		</symbols>
		<currencies>
			<currency type="ADD">
				<displayName>Diner andorrský</displayName>
				<symbol>ADD</symbol>
			</currency>
			<currency type="ADP">
				<displayName>Peseta andorrská</displayName>
				<symbol>ADP</symbol>
			</currency>
			<currency type="AED">
				<displayName>Dirham SAE</displayName>
				<symbol>AED</symbol>
			</currency>
			<currency type="AFA">
				<displayName>Afghán (1927-2002)</displayName>
				<symbol>AFA</symbol>
			</currency>
			<currency type="AFN">
				<displayName>Afghán</displayName>
				<symbol>Af</symbol>
			</currency>
			<currency type="AIF">
				<displayName>Affars and Issas Franc</displayName>
				<symbol>AIF</symbol>
			</currency>
			<currency type="ALK">
				<displayName>Lek (1946-1961)</displayName>
				<symbol>ALK</symbol>
			</currency>
			<currency type="ALL">
				<displayName>Lek</displayName>
				<symbol>lek</symbol>
			</currency>
			<currency type="ALV">
				<displayName>Albanian Lek Valute</displayName>
				<symbol>ALV</symbol>
			</currency>
			<currency type="AMD">
				<displayName>Dram arménský</displayName>
				<symbol>dram</symbol>
			</currency>
			<currency type="ANG">
				<displayName>Zlatý Nizozemských Antil</displayName>
				<symbol>NA f.</symbol>
			</currency>
			<currency type="AOA">
				<displayName>Kwanza</displayName>
				<symbol>AOA</symbol>
			</currency>
			<currency type="AOK">
				<displayName>Kwanza (1977-1990)</displayName>
				<symbol>AOK</symbol>
			</currency>
			<currency type="AON">
				<displayName>Kwanza nová (1990-2000)</displayName>
				<symbol>AON</symbol>
			</currency>
			<currency type="AOR">
				<displayName>Kwanza reajustado (1995-1999)</displayName>
				<symbol>AOR</symbol>
			</currency>
			<currency type="AOS">
				<displayName>Escudo angolské</displayName>
				<symbol>AOS</symbol>
			</currency>
			<currency type="ARA">
				<displayName>Austral</displayName>
				<symbol>ARA</symbol>
			</currency>
			<currency type="ARM">
				<displayName>Peso argentinské Moneda Nacional</displayName>
				<symbol>ARM</symbol>
			</currency>
			<currency type="ARP">
				<displayName>Peso argentinské (1983-1985)</displayName>
				<symbol>ARP</symbol>
			</currency>
			<currency type="ARS">
				<displayName>Peso argentinské</displayName>
				<symbol>Arg$</symbol>
			</currency>
			<currency type="ATS">
				<displayName>Šilink</displayName>
				<symbol>ATS</symbol>
			</currency>
			<currency type="AUD">
				<displayName>Dolar australský</displayName>
				<symbol>$A</symbol>
			</currency>
			<currency type="AUP">
				<displayName>Libra australská</displayName>
				<symbol>AUP</symbol>
			</currency>
			<currency type="AWG">
				<displayName>Zlatý arubský</displayName>
				<symbol>AWG</symbol>
			</currency>
			<currency type="AZM">
				<displayName>Manat ázerbajdžánský</displayName>
				<symbol>AZM</symbol>
			</currency>
			<currency type="BAD">
				<displayName>Dinár Bosny a Hercegoviny</displayName>
				<symbol>BAD</symbol>
			</currency>
			<currency type="BAM">
				<displayName>Marka konvertibilní</displayName>
				<symbol>KM</symbol>
			</currency>
			<currency type="BAN">
				<displayName>Nový Dinár Bosny a Hercegoviny</displayName>
				<symbol>BAN</symbol>
			</currency>
			<currency type="BBD">
				<displayName>Dolar barbadoský</displayName>
				<symbol>BDS$</symbol>
			</currency>
			<currency type="BDT">
				<displayName>Taka</displayName>
				<symbol>Tk</symbol>
			</currency>
			<currency type="BEC">
				<displayName>Frank konvertibilní</displayName>
				<symbol>BEC</symbol>
			</currency>
			<currency type="BEF">
				<displayName>Frank belgický</displayName>
				<symbol>BF</symbol>
			</currency>
			<currency type="BEL">
				<displayName>Frank finanční</displayName>
				<symbol>BEL</symbol>
			</currency>
			<currency type="BGL">
				<displayName>Lev</displayName>
				<symbol>lev</symbol>
			</currency>
			<currency type="BGM">
				<displayName>Lev Bulharský socialistický</displayName>
				<symbol>BGM</symbol>
			</currency>
			<currency type="BGN">
				<displayName>Lev Bulharský</displayName>
				<symbol>BGN</symbol>
			</currency>
			<currency type="BGO">
				<displayName>Lev Bulharský (1879-1952)</displayName>
				<symbol>BGO</symbol>
			</currency>
			<currency type="BHD">
				<displayName>Dinár bahrajnský</displayName>
				<symbol>BD</symbol>
			</currency>
			<currency type="BIF">
				<displayName>Frank burundský</displayName>
				<symbol>Fbu</symbol>
			</currency>
			<currency type="BMD">
				<displayName>Dolar bermudský</displayName>
				<symbol>Ber$</symbol>
			</currency>
			<currency type="BMP">
				<displayName>Libra bermudská</displayName>
				<symbol>BMP</symbol>
			</currency>
			<currency type="BND">
				<displayName>Dolar brunejský</displayName>
				<symbol>BND</symbol>
			</currency>
			<currency type="BOB">
				<displayName>Boliviano</displayName>
				<symbol>Bs</symbol>
			</currency>
			<currency type="BOL">
				<displayName>Boliviano (1863-1962)</displayName>
				<symbol>BOL</symbol>
			</currency>
			<currency type="BOP">
				<displayName>Peso</displayName>
				<symbol>BOP</symbol>
			</currency>
			<currency type="BOV">
				<displayName>Mvdol</displayName>
				<symbol>BOV</symbol>
			</currency>
			<currency type="BRB">
				<displayName>Cruzeiro (1967-1986)</displayName>
				<symbol>BRB</symbol>
			</currency>
			<currency type="BRC">
				<displayName>Cruzado</displayName>
				<symbol>BRC</symbol>
			</currency>
			<currency type="BRE">
				<displayName>Cruzeiro (1990-1993)</displayName>
				<symbol>BRE</symbol>
			</currency>
			<currency type="BRL">
				<displayName>Real brazilský</displayName>
				<symbol>R$</symbol>
			</currency>
			<currency type="BRN">
				<displayName>Cruzado nové</displayName>
				<symbol>BRN</symbol>
			</currency>
			<currency type="BRR">
				<displayName>Cruzeiro real</displayName>
				<symbol>BRR</symbol>
			</currency>
			<currency type="BRZ">
				<displayName>Cruzeiro (1942-1967)</displayName>
				<symbol>BRZ</symbol>
			</currency>
			<currency type="BSD">
				<displayName>Dolar bahamský</displayName>
				<symbol>BSD</symbol>
			</currency>
			<currency type="BSP">
				<displayName>Libra bahamská</displayName>
				<symbol>BSP</symbol>
			</currency>
			<currency type="BTN">
				<displayName>Ngultrum</displayName>
				<symbol>Nu</symbol>
			</currency>
			<currency type="BTR">
				<displayName>Rupie bhútánská</displayName>
				<symbol>BTR</symbol>
			</currency>
			<currency type="BUK">
				<displayName>Kyat barmský</displayName>
				<symbol>BUK</symbol>
			</currency>
			<currency type="BUR">
				<displayName>Rupie barmská</displayName>
				<symbol>BUR</symbol>
			</currency>
			<currency type="BWP">
				<displayName>Pula</displayName>
				<symbol>BWP</symbol>
			</currency>
			<currency type="BYB">
				<displayName>Rubl nový běloruský (1994-1999)</displayName>
				<symbol>BYB</symbol>
			</currency>
			<currency type="BYL">
				<displayName>Rubl běloruský (1992-1994)</displayName>
				<symbol>BYL</symbol>
			</currency>
			<currency type="BYR">
				<displayName>Rubl běloruský</displayName>
				<symbol>Rbl</symbol>
			</currency>
			<currency type="BZD">
				<displayName>Dolar belizský</displayName>
				<symbol>BZ$</symbol>
			</currency>
			<currency type="BZH">
				<displayName>Dolar Britského Hondurasu</displayName>
				<symbol>BZH</symbol>
			</currency>
			<currency type="CAD">
				<displayName>Dolar kanadský</displayName>
				<symbol>Can$</symbol>
			</currency>
			<currency type="CDF">
				<displayName>Frank konžský</displayName>
				<symbol>CDF</symbol>
			</currency>
			<currency type="CDG">
				<displayName>Frank Konžské republiky</displayName>
				<symbol>CDG</symbol>
			</currency>
			<currency type="CDL">
				<displayName>Zaire konžský</displayName>
				<symbol>CDL</symbol>
			</currency>
			<currency type="CFF">
				<displayName>Frank Středoafrické republiky CFA</displayName>
				<symbol>CFF</symbol>
			</currency>
			<currency type="CHF">
				<displayName>Frank švýcarský</displayName>
				<symbol>SwF</symbol>
			</currency>
			<currency type="CKD">
				<displayName>Dolar Cookových ostrovů</displayName>
				<symbol>CKD</symbol>
			</currency>
			<currency type="CLC">
				<displayName>Condor chilský</displayName>
				<symbol>CLC</symbol>
			</currency>
			<currency type="CLE">
				<displayName>Escudo chilské</displayName>
				<symbol>CLE</symbol>
			</currency>
			<currency type="CLF">
				<displayName>Unidades de fomento</displayName>
				<symbol>CLF</symbol>
			</currency>
			<currency type="CLP">
				<displayName>Peso chilské</displayName>
				<symbol>Ch$</symbol>
			</currency>
			<currency type="CMF">
				<displayName>Frank kamerunský CFA</displayName>
				<symbol>CMF</symbol>
			</currency>
			<currency type="CNP">
				<displayName>Juan jen min piao</displayName>
				<symbol>CNP</symbol>
			</currency>
			<currency type="CNX">
				<displayName>Dolar lidové banky</displayName>
				<symbol>CNX</symbol>
			</currency>
			<currency type="CNY">
				<displayName>Juan renminbi</displayName>
				<symbol>Y</symbol>
			</currency>
			<currency type="COB">
				<displayName>Peso kolumbijské</displayName>
				<symbol>COB</symbol>
			</currency>
			<currency type="COF">
				<displayName>Krank konžský CFA</displayName>
				<symbol>COF</symbol>
			</currency>
			<currency type="COP">
				<displayName>Peso kolumbijské</displayName>
				<symbol>Col$</symbol>
			</currency>
			<currency type="CRC">
				<displayName>Colón kostarický</displayName>
				<symbol>C</symbol>
			</currency>
			<currency type="CSC">
				<displayName>Koruna československá</displayName>
				<symbol>CSC</symbol>
			</currency>
			<currency type="CSK">
				<displayName>Koruna československá</displayName>
				<symbol>CSK</symbol>
			</currency>
			<currency type="CUP">
				<displayName>Peso kubánské</displayName>
				<symbol>CUP</symbol>
			</currency>
			<currency type="CVE">
				<displayName>Escudo kapverdské</displayName>
				<symbol>CVEsc</symbol>
			</currency>
			<currency type="CWG">
				<displayName>Zlatý Curacao</displayName>
				<symbol>CWG</symbol>
			</currency>
			<currency type="CYP">
				<displayName>Libra kyperská</displayName>
				<symbol>£</symbol>
			</currency>
			<currency type="CZK">
				<displayName>Koruna česká</displayName>
				<symbol>Kč</symbol>
			</currency>
			<currency type="DDM">
				<displayName>Marka NDR</displayName>
				<symbol>DDM</symbol>
			</currency>
			<currency type="DEM">
				<displayName>Marka německá</displayName>
				<symbol>DEM</symbol>
			</currency>
			<currency type="DES">
				<displayName>Sperrmark německá</displayName>
				<symbol>DES</symbol>
			</currency>
			<currency type="DJF">
				<displayName>Frank džibutský</displayName>
				<symbol>DF</symbol>
			</currency>
			<currency type="DKK">
				<displayName>Koruna dánská</displayName>
				<symbol>DKr</symbol>
			</currency>
			<currency type="DOP">
				<displayName>Peso dominikánské</displayName>
				<symbol>RD$</symbol>
			</currency>
			<currency type="DZD">
				<displayName>Dinár alžírský</displayName>
				<symbol>DA</symbol>
			</currency>
			<currency type="DZF">
				<displayName>Frank nový alžírský</displayName>
				<symbol>DZF</symbol>
			</currency>
			<currency type="DZG">
				<displayName>Frank alžírský germinal</displayName>
				<symbol>DZG</symbol>
			</currency>
			<currency type="ECS">
				<displayName>Sucre ekvádorský</displayName>
				<symbol>ECS</symbol>
			</currency>
			<currency type="ECV">
				<displayName>Ecuador Unidad de Valor Constante (UVC)</displayName>
				<symbol>ECV</symbol>
			</currency>
			<currency type="EEK">
				<displayName>Kroon</displayName>
				<symbol>EEK</symbol>
			</currency>
			<currency type="EGP">
				<displayName>Libra egyptská</displayName>
				<symbol>EGP</symbol>
			</currency>
			<currency type="ERN">
				<displayName>Nakfa</displayName>
				<symbol>ERN</symbol>
			</currency>
			<currency type="ESP">
				<displayName>Peseta španělská</displayName>
				<symbol>ESP</symbol>
			</currency>
			<currency type="ETB">
				<displayName>Birr etiopský</displayName>
				<symbol>Br</symbol>
			</currency>
			<currency type="ETD">
				<displayName>Dolar etiopský</displayName>
				<symbol>ETD</symbol>
			</currency>
			<currency type="EUR">
				<displayName>Euro</displayName>
			</currency>
			<currency type="FIM">
				<displayName>Markka</displayName>
				<symbol>FIM</symbol>
			</currency>
			<currency type="FIN">
				<displayName>Markka (1860-1962)</displayName>
				<symbol>FIN</symbol>
			</currency>
			<currency type="FJD">
				<displayName>Dolar fidžijský</displayName>
				<symbol>F$</symbol>
			</currency>
			<currency type="FJP">
				<displayName>Libra fidžijská</displayName>
				<symbol>FJP</symbol>
			</currency>
			<currency type="FKP">
				<displayName>Libra falklandská</displayName>
				<symbol>FKP</symbol>
			</currency>
			<currency type="FOK">
				<displayName>Koruna Faerských ostrovů</displayName>
				<symbol>FOK</symbol>
			</currency>
			<currency type="FRF">
				<displayName>Frank francouzský</displayName>
				<symbol>FRF</symbol>
			</currency>
			<currency type="FRG">
				<displayName>Frank francouzský germinal/Frank poincare</displayName>
				<symbol>FRG</symbol>
			</currency>
			<currency type="GAF">
				<displayName>Frank gabonský CFA</displayName>
				<symbol>GAF</symbol>
			</currency>
			<currency type="GBP">
				<displayName>Libra šterlinků</displayName>
			</currency>
			<currency type="GEK">
				<displayName>Georgian Kupon Larit</displayName>
				<symbol>GEK</symbol>
			</currency>
			<currency type="GEL">
				<displayName>Lari</displayName>
				<symbol>lari</symbol>
			</currency>
			<currency type="GHC">
				<displayName>Cedi</displayName>
				<symbol>GHC</symbol>
			</currency>
			<currency type="GHO">
				<displayName>Ghana Old Cedi</displayName>
				<symbol>GHO</symbol>
			</currency>
			<currency type="GHP">
				<displayName>Libra ghanská</displayName>
				<symbol>GHP</symbol>
			</currency>
			<currency type="GHR">
				<displayName>Ghana Revalued Cedi</displayName>
				<symbol>GHR</symbol>
			</currency>
			<currency type="GIP">
				<displayName>Libra gibraltarská</displayName>
				<symbol>GIP</symbol>
			</currency>
			<currency type="GLK">
				<displayName>Greenland Krone</displayName>
				<symbol>GLK</symbol>
			</currency>
			<currency type="GMD">
				<displayName>Dalasi</displayName>
				<symbol>GMD</symbol>
			</currency>
			<currency type="GMP">
				<displayName>Libra gambijská</displayName>
				<symbol>GMP</symbol>
			</currency>
			<currency type="GNF">
				<displayName>Frank guinejský</displayName>
				<symbol>GF</symbol>
			</currency>
			<currency type="GNI">
				<displayName>Frank guinejský (1960-1972)</displayName>
				<symbol>GNI</symbol>
			</currency>
			<currency type="GNS">
				<displayName>Guinea Syli</displayName>
				<symbol>GNS</symbol>
			</currency>
			<currency type="GPF">
				<displayName>Frank guadeloupský</displayName>
				<symbol>GPF</symbol>
			</currency>
			<currency type="GQE">
				<displayName>Equatorial Guinea Ekwele Guineana</displayName>
				<symbol>GQE</symbol>
			</currency>
			<currency type="GQF">
				<displayName>Equatorial Guinea Franco</displayName>
				<symbol>GQF</symbol>
			</currency>
			<currency type="GQP">
				<displayName>Equatorial Guinea Peseta Guineana</displayName>
				<symbol>GQP</symbol>
			</currency>
			<currency type="GRD">
				<displayName>Drachma</displayName>
				<symbol>GRD</symbol>
			</currency>
			<currency type="GRN">
				<displayName>Drachma nová řecká</displayName>
				<symbol>GRN</symbol>
			</currency>
			<currency type="GTQ">
				<displayName>Quetzal</displayName>
				<symbol>Q</symbol>
			</currency>
			<currency type="GUF">
				<displayName>French Guyana Franc Guiana</displayName>
				<symbol>GUF</symbol>
			</currency>
			<currency type="GWE">
				<displayName>Escudo guinejské</displayName>
				<symbol>GWE</symbol>
			</currency>
			<currency type="GWM">
				<displayName>Portuguese Guinea Mil Reis</displayName>
				<symbol>GWM</symbol>
			</currency>
			<currency type="GWP">
				<displayName>Peso Guinnea-Bissau</displayName>
				<symbol>GWP</symbol>
			</currency>
			<currency type="GYD">
				<displayName>Dolar guyanský</displayName>
				<symbol>G$</symbol>
			</currency>
			<currency type="HKD">
				<displayName>Dolar hongkongský</displayName>
				<symbol>HK$</symbol>
			</currency>
			<currency type="HNL">
				<displayName>Lempira</displayName>
				<symbol>L</symbol>
			</currency>
			<currency type="HRD">
				<displayName>Dinar chorvatský</displayName>
				<symbol>HRD</symbol>
			</currency>
			<currency type="HRK">
				<displayName>Kuna chorvatská</displayName>
				<symbol>HRK</symbol>
			</currency>
			<currency type="HTG">
				<displayName>Gourde</displayName>
				<symbol>HTG</symbol>
			</currency>
			<currency type="HUF">
				<displayName>Forint</displayName>
				<symbol>Ft</symbol>
			</currency>
			<currency type="IBP">
				<displayName>Libra severoirská</displayName>
				<symbol>IBP</symbol>
			</currency>
			<currency type="IDG">
				<displayName>Indonesian Nica Guilder</displayName>
				<symbol>IDG</symbol>
			</currency>
			<currency type="IDJ">
				<displayName>Indonesian Java Rupiah</displayName>
				<symbol>IDJ</symbol>
			</currency>
			<currency type="IDN">
				<displayName>Indonesian New Rupiah</displayName>
				<symbol>IDN</symbol>
			</currency>
			<currency type="IDR">
				<displayName>Rupie indonézská</displayName>
				<symbol>Rp</symbol>
			</currency>
			<currency type="IEP">
				<displayName>Libra irská</displayName>
				<symbol>IR£</symbol>
			</currency>
			<currency type="ILL">
				<displayName>Šekel izraelský</displayName>
				<symbol>ILL</symbol>
			</currency>
			<currency type="ILP">
				<displayName>Libra izraelská</displayName>
				<symbol>ILP</symbol>
			</currency>
			<currency type="ILS">
				<displayName>Šekel nový izraelský</displayName>
				<symbol>ILS</symbol>
			</currency>
			<currency type="IMP">
				<displayName>Libra šterlinků Ostrov Man</displayName>
				<symbol>IMP</symbol>
			</currency>
			<currency type="INR">
				<displayName>Rupie indická</displayName>
				<symbol>INR</symbol>
			</currency>
			<currency type="IQD">
				<displayName>Dinár irácký</displayName>
				<symbol>ID</symbol>
			</currency>
			<currency type="IRR">
				<displayName>Rijál íránský</displayName>
				<symbol>RI</symbol>
			</currency>
			<currency type="ISK">
				<displayName>Koruna islandská</displayName>
				<symbol>ISK</symbol>
			</currency>
			<currency type="ITL">
				<displayName>Lira italská</displayName>
			</currency>
			<currency type="JEP">
				<displayName>Libra šterlinků Jersey</displayName>
				<symbol>JEP</symbol>
			</currency>
			<currency type="JMD">
				<displayName>Dolar jamajský</displayName>
				<symbol>J$</symbol>
			</currency>
			<currency type="JMP">
				<displayName>Libra jamajská</displayName>
				<symbol>JMP</symbol>
			</currency>
			<currency type="JOD">
				<displayName>Dinár jordánský</displayName>
				<symbol>JD</symbol>
			</currency>
			<currency type="JPY">
				<displayName>Jen</displayName>
			</currency>
			<currency type="KES">
				<displayName>Šilink keňský</displayName>
				<symbol>K Sh</symbol>
			</currency>
			<currency type="KGS">
				<displayName>Som</displayName>
				<symbol>som</symbol>
			</currency>
			<currency type="KHO">
				<displayName>Riel starý</displayName>
				<symbol>KHO</symbol>
			</currency>
			<currency type="KHR">
				<displayName>Riel</displayName>
				<symbol>CR</symbol>
			</currency>
			<currency type="KID">
				<displayName>Dolar kiribatský</displayName>
				<symbol>KID</symbol>
			</currency>
			<currency type="KMF">
				<displayName>Frank komorský</displayName>
				<symbol>CF</symbol>
			</currency>
			<currency type="KPW">
				<displayName>Won severokorejský</displayName>
				<symbol>KPW</symbol>
			</currency>
			<currency type="KRH">
				<displayName>Hwan jihokorejský</displayName>
				<symbol>KRH</symbol>
			</currency>
			<currency type="KRO">
				<displayName>Won starý jihokorejský</displayName>
				<symbol>KRO</symbol>
			</currency>
			<currency type="KRW">
				<displayName>Won jihokorejský</displayName>
				<symbol>KRW</symbol>
			</currency>
			<currency type="KWD">
				<displayName>Dinár kuvajtský</displayName>
				<symbol>KD</symbol>
			</currency>
			<currency type="KYD">
				<displayName>Dolar Kajmanských ostrovů</displayName>
				<symbol>KYD</symbol>
			</currency>
			<currency type="KZR">
				<displayName>Rubl kazašský</displayName>
				<symbol>KZR</symbol>
			</currency>
			<currency type="KZT">
				<displayName>Tenge</displayName>
				<symbol>T</symbol>
			</currency>
			<currency type="LAK">
				<displayName>Kip</displayName>
				<symbol>LAK</symbol>
			</currency>
			<currency type="LBP">
				<displayName>Libra libanonská</displayName>
				<symbol>LL</symbol>
			</currency>
			<currency type="LIF">
				<displayName>Frank lichtenštejnský</displayName>
				<symbol>LIF</symbol>
			</currency>
			<currency type="LKR">
				<displayName>Rupie srílanská</displayName>
				<symbol>SL Re</symbol>
			</currency>
			<currency type="LNR">
				<displayName>Rupie cejlonská</displayName>
				<symbol>LNR</symbol>
			</currency>
			<currency type="LRD">
				<displayName>Dolar liberijský</displayName>
				<symbol>LRD</symbol>
			</currency>
			<currency type="LSL">
				<displayName>Loti</displayName>
				<symbol>M</symbol>
			</currency>
			<currency type="LTL">
				<displayName>Litus litevský</displayName>
				<symbol>LTL</symbol>
			</currency>
			<currency type="LTT">
				<displayName>Talon</displayName>
				<symbol>LTT</symbol>
			</currency>
			<currency type="LUF">
				<displayName>Frank lucemburský</displayName>
				<symbol>LUF</symbol>
			</currency>
			<currency type="LVL">
				<displayName>Lat lotyšský</displayName>
				<symbol>LVL</symbol>
			</currency>
			<currency type="LVR">
				<displayName>Rubl lotyšský</displayName>
				<symbol>LVR</symbol>
			</currency>
			<currency type="LYD">
				<displayName>Dinár lybijský</displayName>
				<symbol>LD</symbol>
			</currency>
			<currency type="LYP">
				<displayName>Libra lybijská</displayName>
				<symbol>LYP</symbol>
			</currency>
			<currency type="MAD">
				<displayName>Dirham marocký</displayName>
				<symbol>MAD</symbol>
			</currency>
			<currency type="MAF">
				<displayName>Frank marocký</displayName>
				<symbol>MAF</symbol>
			</currency>
			<currency type="MCF">
				<displayName>Frank nouveau monacký</displayName>
				<symbol>MCF</symbol>
			</currency>
			<currency type="MCG">
				<displayName>Frank monacký germinal</displayName>
				<symbol>MCG</symbol>
			</currency>
			<currency type="MDC">
				<displayName>Moldovan Leu Cupon</displayName>
				<symbol>MDC</symbol>
			</currency>
			<currency type="MDL">
				<displayName>Leu moldavský</displayName>
				<symbol>MDL</symbol>
			</currency>
			<currency type="MDR">
				<displayName>Moldovan Ruble Cupon</displayName>
				<symbol>MDR</symbol>
			</currency>
			<currency type="MGA">
				<displayName>Ariary madagaskarský</displayName>
				<symbol>MGA</symbol>
			</currency>
			<currency type="MGF">
				<displayName>Frank madagaskarský</displayName>
				<symbol>MGF</symbol>
			</currency>
			<currency type="MHD">
				<displayName>Dolar Marshallových ostrovů</displayName>
				<symbol>MHD</symbol>
			</currency>
			<currency type="MKD">
				<displayName>Denár</displayName>
				<symbol>MDen</symbol>
			</currency>
			<currency type="MKN">
				<displayName>Denár (1992-1993)</displayName>
				<symbol>MKN</symbol>
			</currency>
			<currency type="MLF">
				<displayName>Frank malijský</displayName>
				<symbol>MLF</symbol>
			</currency>
			<currency type="MMK">
				<displayName>Kyat</displayName>
				<symbol>MMK</symbol>
			</currency>
			<currency type="MNT">
				<displayName>Tugrik</displayName>
				<symbol>Tug</symbol>
			</currency>
			<currency type="MOP">
				<displayName>Pataca</displayName>
				<symbol>MOP</symbol>
			</currency>
			<currency type="MQF">
				<displayName>Frank martinikský</displayName>
				<symbol>MQF</symbol>
			</currency>
			<currency type="MRO">
				<displayName>Ouguiya</displayName>
				<symbol>UM</symbol>
			</currency>
			<currency type="MTL">
				<displayName>Lira maltská</displayName>
				<symbol>Lm</symbol>
			</currency>
			<currency type="MTP">
				<displayName>Libra maltská</displayName>
				<symbol>MTP</symbol>
			</currency>
			<currency type="MUR">
				<displayName>Rupie mauricijská</displayName>
				<symbol>MUR</symbol>
			</currency>
			<currency type="MVP">
				<displayName>Rupie maledivská</displayName>
				<symbol>MVP</symbol>
			</currency>
			<currency type="MVR">
				<displayName>Rufiyaa</displayName>
				<symbol>MVR</symbol>
			</currency>
			<currency type="MWK">
				<displayName>Kwacha</displayName>
				<symbol>MK</symbol>
			</currency>
			<currency type="MWP">
				<displayName>Libra malawijská</displayName>
				<symbol>MWP</symbol>
			</currency>
			<currency type="MXN">
				<displayName>Peso mexické</displayName>
				<symbol>MEX$</symbol>
			</currency>
			<currency type="MXP">
				<displayName>Peso stříbrné mexické (1861-1992)</displayName>
				<symbol>MXP</symbol>
			</currency>
			<currency type="MXV">
				<displayName>Mexican Unidad de Inversion (UDI)</displayName>
				<symbol>MXV</symbol>
			</currency>
			<currency type="MYR">
				<displayName>Ringgit malajskijský</displayName>
				<symbol>RM</symbol>
			</currency>
			<currency type="MZE">
				<displayName>Escudo Mosambiku</displayName>
				<symbol>MZE</symbol>
			</currency>
			<currency type="MZM">
				<displayName>Metical</displayName>
				<symbol>Mt</symbol>
			</currency>
			<currency type="NAD">
				<displayName>Dolar namibijský</displayName>
				<symbol>N$</symbol>
			</currency>
			<currency type="NCF">
				<displayName>Frank Nové Kaledonie germinal</displayName>
				<symbol>NCF</symbol>
			</currency>
			<currency type="NGN">
				<displayName>Naira</displayName>
				<symbol>NGN</symbol>
			</currency>
			<currency type="NGP">
				<displayName>Libra nigerijská</displayName>
				<symbol>NGP</symbol>
			</currency>
			<currency type="NHF">
				<displayName>Frank Nových Hebrid CFP</displayName>
				<symbol>NHF</symbol>
			</currency>
			<currency type="NIC">
				<displayName>Cordoba</displayName>
				<symbol>NIC</symbol>
			</currency>
			<currency type="NIG">
				<displayName>Cordoba zlatá</displayName>
				<symbol>NIG</symbol>
			</currency>
			<currency type="NIO">
				<displayName>Cordoba oro</displayName>
				<symbol>NIO</symbol>
			</currency>
			<currency type="NLG">
				<displayName>Zlatý holandský</displayName>
				<symbol>NLG</symbol>
			</currency>
			<currency type="NOK">
				<displayName>Koruna norská</displayName>
				<symbol>NKr</symbol>
			</currency>
			<currency type="NPR">
				<displayName>Rupie nepálská</displayName>
				<symbol>Nrs</symbol>
			</currency>
			<currency type="NZD">
				<displayName>Dolar novozélandský</displayName>
				<symbol>$NZ</symbol>
			</currency>
			<currency type="NZP">
				<displayName>Libra novozélandská</displayName>
				<symbol>NZP</symbol>
			</currency>
			<currency type="OMR">
				<displayName>Rijál ománský</displayName>
				<symbol>RO</symbol>
			</currency>
			<currency type="OMS">
				<displayName>Rijál ománský saidi</displayName>
				<symbol>OMS</symbol>
			</currency>
			<currency type="PAB">
				<displayName>Balboa</displayName>
				<symbol>PAB</symbol>
			</currency>
			<currency type="PDK">
				<displayName>Transdniestria Ruble Kupon</displayName>
				<symbol>PDK</symbol>
			</currency>
			<currency type="PDN">
				<displayName>Transdniestria New Ruble</displayName>
				<symbol>PDN</symbol>
			</currency>
			<currency type="PDR">
				<displayName>Transdniestria Ruble</displayName>
				<symbol>PDR</symbol>
			</currency>
			<currency type="PEI">
				<displayName>Inti</displayName>
				<symbol>PEI</symbol>
			</currency>
			<currency type="PEN">
				<displayName>Nuevo sol</displayName>
				<symbol>PEN</symbol>
			</currency>
			<currency type="PES">
				<displayName>Sol</displayName>
				<symbol>PES</symbol>
			</currency>
			<currency type="PGK">
				<displayName>Kina</displayName>
				<symbol>PGK</symbol>
			</currency>
			<currency type="PHP">
				<displayName>Peso filipínské</displayName>
				<symbol>PHP</symbol>
			</currency>
			<currency type="PKR">
				<displayName>Rupie pákistánská</displayName>
				<symbol>Pra</symbol>
			</currency>
			<currency type="PLN">
				<displayName>Zlotý</displayName>
				<symbol>Zl</symbol>
			</currency>
			<currency type="PLZ">
				<displayName>Zlotý (1950-1995)</displayName>
				<symbol>PLZ</symbol>
			</currency>
			<currency type="PSP">
				<displayName>Libra palestinská</displayName>
				<symbol>PSP</symbol>
			</currency>
			<currency type="PTC">
				<displayName>Conto portugalské</displayName>
				<symbol>PTC</symbol>
			</currency>
			<currency type="PTE">
				<displayName>Escudo portugalské</displayName>
				<symbol>PTE</symbol>
			</currency>
			<currency type="PYG">
				<displayName>Guarani</displayName>
				<symbol>PYG</symbol>
			</currency>
			<currency type="QAR">
				<displayName>Rijál katarský</displayName>
				<symbol>QR</symbol>
			</currency>
			<currency type="REF">
				<displayName>Frank Reunion</displayName>
				<symbol>REF</symbol>
			</currency>
			<currency type="ROL">
				<displayName>Lei</displayName>
				<symbol>leu</symbol>
			</currency>
			<currency type="RON">
				<displayName>Lei nový</displayName>
				<symbol>RON</symbol>
			</currency>
			<currency type="RUB">
				<displayName>Rubl ruský</displayName>
				<symbol>RUB</symbol>
			</currency>
			<currency type="RUR">
				<displayName>Rubl ruský (1991-1998)</displayName>
				<symbol>RUR</symbol>
			</currency>
			<currency type="RWF">
				<displayName>Frank rwandský</displayName>
				<symbol>RWF</symbol>
			</currency>
			<currency type="SAR">
				<displayName>Rijál saudský</displayName>
				<symbol>SRl</symbol>
			</currency>
			<currency type="SAS">
				<displayName>Rijál saudský sovereign</displayName>
				<symbol>SAS</symbol>
			</currency>
			<currency type="SBD">
				<displayName>Dolar Šalamounových ostrovů</displayName>
				<symbol>SI$</symbol>
			</currency>
			<currency type="SCR">
				<displayName>Rupie seychelská</displayName>
				<symbol>SR</symbol>
			</currency>
			<currency type="SDD">
				<displayName>Dinár súdánský</displayName>
				<symbol>SDD</symbol>
			</currency>
			<currency type="SDP">
				<displayName>Libra súdánská</displayName>
				<symbol>SDP</symbol>
			</currency>
			<currency type="SEK">
				<displayName>Koruna švédská</displayName>
				<symbol>SKr</symbol>
			</currency>
			<currency type="SGD">
				<displayName>Dolar singapurský</displayName>
				<symbol>S$</symbol>
			</currency>
			<currency type="SHP">
				<displayName>Libra Svaté Heleny</displayName>
				<symbol>SHP</symbol>
			</currency>
			<currency type="SIB">
				<displayName>Slovenia Tolar Bons</displayName>
				<symbol>SIB</symbol>
			</currency>
			<currency type="SIT">
				<displayName>Tolar</displayName>
				<symbol>SIT</symbol>
			</currency>
			<currency type="SKK">
				<displayName>Koruna slovenská</displayName>
				<symbol>Sk</symbol>
			</currency>
			<currency type="SML">
				<displayName>Lira San Marino</displayName>
				<symbol>SML</symbol>
			</currency>
			<currency type="SOS">
				<displayName>Šilink somálský</displayName>
				<symbol>So. Sh.</symbol>
			</currency>
			<currency type="SQS">
				<displayName>Somaliland Shilling</displayName>
				<symbol>SQS</symbol>
			</currency>
			<currency type="SRG">
				<displayName>Zlatý surinamský</displayName>
				<symbol>Sf</symbol>
			</currency>
			<currency type="SSP">
				<displayName>Libra skotská</displayName>
				<symbol>SSP</symbol>
			</currency>
			<currency type="STD">
				<displayName>Dobra</displayName>
				<symbol>Db</symbol>
			</currency>
			<currency type="STE">
				<displayName>Escudo Svatého Tomáše</displayName>
				<symbol>STE</symbol>
			</currency>
			<currency type="SUN">
				<displayName>Rubl nový</displayName>
				<symbol>SUN</symbol>
			</currency>
			<currency type="SUR">
				<displayName>Rubl</displayName>
				<symbol>SUR</symbol>
			</currency>
			<currency type="SVC">
				<displayName>Colon salvadorský</displayName>
				<symbol>SVC</symbol>
			</currency>
			<currency type="SYP">
				<displayName>Libra syrská</displayName>
				<symbol>LS</symbol>
			</currency>
			<currency type="SZL">
				<displayName>Lilangeni</displayName>
				<symbol>E</symbol>
			</currency>
			<currency type="TCC">
				<displayName>Koruna Turks a Caicos</displayName>
				<symbol>TCC</symbol>
			</currency>
			<currency type="TDF">
				<displayName>Frank čadský CFA</displayName>
				<symbol>TDF</symbol>
			</currency>
			<currency type="THB">
				<displayName>Baht</displayName>
				<symbol>THB</symbol>
			</currency>
			<currency type="TJR">
				<displayName>Tajikistan Ruble</displayName>
				<symbol>TJR</symbol>
			</currency>
			<currency type="TJS">
				<displayName>Somoni</displayName>
				<symbol>TJS</symbol>
			</currency>
			<currency type="TMM">
				<displayName>Manat</displayName>
				<symbol>TMM</symbol>
			</currency>
			<currency type="TND">
				<displayName>Dinár tuniský</displayName>
				<symbol>TND</symbol>
			</currency>
			<currency type="TOS">
				<displayName>Libra šterlinků tonžská</displayName>
				<symbol>TOS</symbol>
			</currency>
			<currency type="TPE">
				<displayName>Escudo timorské</displayName>
				<symbol>TPE</symbol>
			</currency>
			<currency type="TPP">
				<displayName>Pataca timorská</displayName>
				<symbol>TPP</symbol>
			</currency>
			<currency type="TRL">
				<displayName>Lira turecká</displayName>
				<symbol>TL</symbol>
			</currency>
			<currency type="TTD">
				<displayName>Dolar Trinidad a Tobago</displayName>
				<symbol>TT$</symbol>
			</currency>
			<currency type="TTO">
				<displayName>Dolar starý Trinidad a Tobago</displayName>
				<symbol>TTO</symbol>
			</currency>
			<currency type="TVD">
				<displayName>Dolar tuvalský</displayName>
				<symbol>TVD</symbol>
			</currency>
			<currency type="TWD">
				<displayName>Dolar tchajvanský nový</displayName>
				<symbol>NT$</symbol>
			</currency>
			<currency type="TZS">
				<displayName>Šilink tanzanský</displayName>
				<symbol>T Sh</symbol>
			</currency>
			<currency type="UAH">
				<displayName>Hřivna</displayName>
				<symbol>UAH</symbol>
			</currency>
			<currency type="UAK">
				<displayName>Karbovanec</displayName>
				<symbol>UAK</symbol>
			</currency>
			<currency type="UGS">
				<displayName>Šilink ugandský (1966-1987)</displayName>
				<symbol>UGS</symbol>
			</currency>
			<currency type="UGX">
				<displayName>Šilink ugandský</displayName>
				<symbol>U Sh</symbol>
			</currency>
			<currency type="USD">
				<displayName>Dolar americký</displayName>
				<symbol>US$</symbol>
			</currency>
			<currency type="USN">
				<displayName>Dolar americký (příští den)</displayName>
				<symbol>USN</symbol>
			</currency>
			<currency type="USS">
				<displayName>Dolar americký (týž den)</displayName>
				<symbol>USS</symbol>
			</currency>
			<currency type="UYF">
				<displayName>Peso uruguayské fuerte</displayName>
				<symbol>UYF</symbol>
			</currency>
			<currency type="UYP">
				<displayName>Peso uruguayské (1975-1993)</displayName>
				<symbol>UYP</symbol>
			</currency>
			<currency type="UYU">
				<displayName>Peso uruguayské</displayName>
				<symbol>Ur$</symbol>
			</currency>
			<currency type="UZC">
				<displayName>Uzbekistan Coupon Som</displayName>
				<symbol>UZC</symbol>
			</currency>
			<currency type="UZS">
				<displayName>Sum uzbecký</displayName>
				<symbol>UZS</symbol>
			</currency>
			<currency type="VAL">
				<displayName>Lira Vatikánu</displayName>
				<symbol>VAL</symbol>
			</currency>
			<currency type="VEB">
				<displayName>Bolivar</displayName>
				<symbol>Be</symbol>
			</currency>
			<currency type="VGD">
				<displayName>Dolar Britských Panenských ostrovů</displayName>
				<symbol>VGD</symbol>
			</currency>
			<currency type="VUV">
				<displayName>Vatu</displayName>
				<symbol>VT</symbol>
			</currency>
			<currency type="WSP">
				<displayName>Libra Západní Samoa</displayName>
				<symbol>WSP</symbol>
			</currency>
			<currency type="WST">
				<displayName>Tala</displayName>
				<symbol>WST</symbol>
			</currency>
			<currency type="XAF">
				<displayName>Frank BEAC/CFA</displayName>
				<symbol>XAF</symbol>
			</currency>
			<currency type="XAM">
				<displayName>Asijská peněžní jednotka</displayName>
				<symbol>XAM</symbol>
			</currency>
			<currency type="XAU">
				<displayName>Zlato</displayName>
				<symbol>XAU</symbol>
			</currency>
			<currency type="XBA">
				<displayName>Evropská smíšená jednotka</displayName>
				<symbol>XBA</symbol>
			</currency>
			<currency type="XBB">
				<displayName>Evropská peněžní jednotka</displayName>
				<symbol>XBB</symbol>
			</currency>
			<currency type="XBC">
				<displayName>Evropská jednotka účtu 9 (XBC)</displayName>
				<symbol>XBC</symbol>
			</currency>
			<currency type="XBD">
				<displayName>Evropská jednotka účtu 17 (XBD)</displayName>
				<symbol>XBD</symbol>
			</currency>
			<currency type="XCD">
				<displayName>Dolar východokaribský</displayName>
				<symbol>EC$</symbol>
			</currency>
			<currency type="XCF">
				<displayName>Frank Nouveau CFA</displayName>
				<symbol>XCF</symbol>
			</currency>
			<currency type="XDR">
				<displayName>SDR</displayName>
				<symbol>XDR</symbol>
			</currency>
			<currency type="XEF">
				<displayName>Frank BCEAEC/CFA</displayName>
				<symbol>XEF</symbol>
			</currency>
			<currency type="XEU">
				<displayName>Evropská měnová jednotka</displayName>
				<symbol>XEU</symbol>
			</currency>
			<currency type="XFO">
				<displayName>Frank zlatý</displayName>
				<symbol>XFO</symbol>
			</currency>
			<currency type="XFU">
				<displayName>Frank UIC</displayName>
				<symbol>XFU</symbol>
			</currency>
			<currency type="XID">
				<displayName>Dinár islámský</displayName>
				<symbol>XID</symbol>
			</currency>
			<currency type="XNF">
				<displayName>Frank Francouzských Antil CFA</displayName>
				<symbol>XNF</symbol>
			</currency>
			<currency type="XOF">
				<displayName>Frank BCEAO/CFA</displayName>
				<symbol>XOF</symbol>
			</currency>
			<currency type="XPF">
				<displayName>Frank CFP</displayName>
				<symbol>CFPF</symbol>
			</currency>
			<currency type="YDD">
				<displayName>Dinár jemenský</displayName>
				<symbol>YDD</symbol>
			</currency>
			<currency type="YEI">
				<displayName>Rijál jemenský imadi</displayName>
				<symbol>YEI</symbol>
			</currency>
			<currency type="YER">
				<displayName>Rijál jemenský</displayName>
				<symbol>YRl</symbol>
			</currency>
			<currency type="YUD">
				<displayName>Dinár jugoslávský nový</displayName>
				<symbol>YUD</symbol>
			</currency>
			<currency type="YUF">
				<displayName>Dinár jugoslávský federativní</displayName>
				<symbol>YUF</symbol>
			</currency>
			<currency type="YUG">
				<displayName>Dinár jugoslávský 1994</displayName>
				<symbol>YUG</symbol>
			</currency>
			<currency type="YUM">
				<displayName>Dinár jugoslávský</displayName>
				<symbol>YUM</symbol>
			</currency>
			<currency type="YUN">
				<displayName>Dinár jugoslávský</displayName>
				<symbol>YUN</symbol>
			</currency>
			<currency type="YUR">
				<displayName>Dinár jugoslávský reformovaný</displayName>
				<symbol>YUR</symbol>
			</currency>
			<currency type="ZAL">
				<displayName>Rand finanční</displayName>
				<symbol>ZAL</symbol>
			</currency>
			<currency type="ZAP">
				<displayName>Libra jihoafrická</displayName>
				<symbol>ZAP</symbol>
			</currency>
			<currency type="ZAR">
				<displayName>Rand</displayName>
				<symbol>R</symbol>
			</currency>
			<currency type="ZMK">
				<displayName>Kwacha</displayName>
				<symbol>ZMK</symbol>
			</currency>
			<currency type="ZMP">
				<displayName>Libra zambijská</displayName>
				<symbol>ZMP</symbol>
			</currency>
			<currency type="ZRN">
				<displayName>Zaire nový</displayName>
				<symbol>ZRN</symbol>
			</currency>
			<currency type="ZRZ">
				<displayName>Zaire</displayName>
				<symbol>ZRZ</symbol>
			</currency>
			<currency type="ZWD">
				<displayName>Dolar zimbabwský</displayName>
				<symbol>Z$</symbol>
			</currency>
		</currencies>
	</numbers>
	<posix>
		<messages>
			<yesstr>ANO</yesstr>
			<nostr>NE</nostr>
			<yesexpr>A</yesexpr>
			<noexpr>N</noexpr>
		</messages>
	</posix>
</ldml>
<!-- Old Comments. See root.xml for more info.
URL: http://oss.software.ibm.com/cvs/icu/icu/source/data/locales/cs.txt?only_with_tag=final-update-LDML

        KP { "Severn\u00ED Korea" } // alternate name { "Korea, lidov\u011B demokratick\u00E1 republika" }
        KR { "Ji\u017En\u00ED Korea" } // alternate name { "Korea, republika" }
        LY { "Libye" }    // alternate name { "Libye" }
MK { "Makedonie, republika" }
MO { "\u010C\u00EDna, zvl\u00E1\u0161tn\u00ED administrativn\u00ED oblast \u010C\u00EDny" }
PS { "Palestinsk\u00E9 \u00FAzem\u00ED" }
RE { "R\u00E9union" }
        SY { "S\u00FDrie" }    // alternate name { "S\u00FDrie" }
in { "Indon\u00E9\u0161tina" }
iw { "Hebrej\u0161tina" }
ji { "Jidi\u0161" }
                1, // "Minimal Days in First Week" is unknown. Root value used instead
-->

