<?xml version="1.0" encoding="UTF-8" ?>
<!DOCTYPE ldml SYSTEM "http://www.unicode.org/cldr/dtd/1.2/ldml.dtd">
<ldml >
	<identity>
		<version number="1.2"/>
		<generation date="2004-08-27"/>
		<language type="de"/>
		<territory type="CH"/>
	</identity>
	<localeDisplayNames>
		<territories>
			<territory type="BD">Bangladesh</territory>
			<territory type="BN">Brunei</territory>
			<territory type="BW">Botswana</territory>
			<territory type="CV">Kapverden</territory>
			<territory type="DJ">Djibouti</territory>
			<territory type="GB">Grossbritannien</territory>
			<territory type="MH">Marshall-Inseln</territory>
			<territory type="RW">Rwanda</territory>
			<territory type="SB">Salomon-Inseln</territory>
			<territory type="ST">Sao Tomé und Principe</territory>
			<territory type="ZW">Zimbabwe</territory>
		</territories>
	</localeDisplayNames>
	<numbers>
		<symbols>
			<decimal>.</decimal>
			<group>'</group>
		</symbols>
		<currencyFormats>
			<currencyFormatLength>
				<currencyFormat>
					<pattern>¤ #,##0.00;¤-#,##0.00</pattern>
				</currencyFormat>
			</currencyFormatLength>
		</currencyFormats>
	</numbers>
</ldml>
<!-- Old Comments. See root.xml for more info.
URL: http://oss.software.ibm.com/cvs/icu/icu/source/data/locales/de_CH.txt?only_with_tag=final-update-LDML

Country names in de, de_AT, and de_CH are short names from the
list of names maintained by the German
Federal Permanent Committee for Geographic Names,
Sta"ndiger Ausschuss fu"r Geographische Namen (StAGN),
as published at its web site at
http://www.ifag.de/kartographie/Stagn/Staatennamen.htm
Date there: 1999-apr-19
-->

