<?xml version="1.0" encoding="UTF-8" ?>
<!DOCTYPE ldml SYSTEM "http://www.unicode.org/cldr/dtd/1.2/ldml.dtd">
<ldml draft="true" >
	<identity>
		<version number="1.2"/>
		<generation date="2004-06-04"/>
		<language type="dv"/>
	</identity>
	<localeDisplayNames>
		<languages>
			<language type="dv">ދިވެހިބަސް</language>
		</languages>
		<territories>
			<territory type="MV">ދިވެހި ރާއްޖެ</territory>
		</territories>
	</localeDisplayNames>
	<characters>
		<exemplarCharacters>[[:Thaa:]‌‍‏‎]</exemplarCharacters>
	</characters>
	<numbers>
		<symbols>
			<list>،</list>
			<nativeZeroDigit>٠</nativeZeroDigit>
		</symbols>
		<decimalFormats>
			<decimalFormatLength>
				<decimalFormat>
					<pattern>#,##,##0.###;-#,##,##0.###</pattern>
				</decimalFormat>
			</decimalFormatLength>
		</decimalFormats>
		<percentFormats>
			<percentFormatLength>
				<percentFormat>
					<pattern>#,##,##0%</pattern>
				</percentFormat>
			</percentFormatLength>
		</percentFormats>
		<currencyFormats>
			<currencyFormatLength>
				<currencyFormat>
					<pattern>¤ #,##,##0.00;-¤ #,##,##0.00</pattern>
				</currencyFormat>
			</currencyFormatLength>
		</currencyFormats>
		<currencies>
			<currency type="MVR">
				<displayName>MVR</displayName>
				<symbol>ރ.</symbol>
			</currency>
		</currencies>
	</numbers>
</ldml>

