<?xml version="1.0" encoding="UTF-8" ?>
<!DOCTYPE ldml SYSTEM "http://www.unicode.org/cldr/dtd/1.2/ldml.dtd">
<ldml draft="true" >
	<!-- Locale Data Format
Draft: 2004-08-02
By Pema geyleg <pema_geyleg@druknet.bt>
	-->
	<identity>
		<version number="1.2">First available version</version>
		<generation date="2004-08-09"/>
		<language type="dz"/>
		<territory type="BT"/>
	</identity>
	<numbers>
		<symbols>
			<list>དང་</list>
			<percentSign>བརྒ་ཆཱ</percentSign>
			<nativeZeroDigit>༠</nativeZeroDigit>
			<infinity>གྲངས་མེད</infinity>
			<nan>ཨང་མད</nan>
		</symbols>
		<decimalFormats>
			<decimalFormatLength type="long">
				<decimalFormat>
					<!-- number grouping same as India (thousands, lakhs, crores, etc.) -->
					<pattern>#,##,##0.###;-#,##,##0.###</pattern>
				</decimalFormat>
			</decimalFormatLength>
		</decimalFormats>
		<scientificFormats>
			<default type="long"/>
			<scientificFormatLength type="long">
				<scientificFormat>
					<pattern>#E+00</pattern>
				</scientificFormat>
			</scientificFormatLength>
		</scientificFormats>
		<percentFormats>
			<percentFormatLength type="long">
				<percentFormat>
					<pattern>#,##,##0 བརྒ་ཆཱ</pattern>
				</percentFormat>
			</percentFormatLength>
		</percentFormats>
		<currencyFormats>
			<currencyFormatLength type="long">
				<currencyFormat>
					<pattern>¤#,##,##0.00;-¤#,##,##0.00</pattern>
				</currencyFormat>
			</currencyFormatLength>
		</currencyFormats>
		<currencies>
			<currency type="BTN">
				<displayName>དངུལ་ཀྲམ་</displayName>
				<symbol>Nu</symbol>
			</currency>
		</currencies>
	</numbers>
</ldml>

