<?xml version="1.0" encoding="UTF-8" ?>
<!DOCTYPE ldml SYSTEM "http://www.unicode.org/cldr/dtd/1.2/ldml.dtd">
<ldml >
	<identity>
		<version number="1.2"/>
		<generation date="2004-08-27"/>
		<language type="el"/>
	</identity>
	<localeDisplayNames>
		<languages>
			<language type="ar">Αραβικά</language>
			<language type="arc">Αραμαϊκά</language>
			<language type="be">Λευκορωσικά</language>
			<language type="bg">Βουλγαρικά</language>
			<language type="bo">Θιβετιανά</language>
			<language type="bs">Βοσνιακά</language>
			<language type="ca">Καταλανικά</language>
			<language type="co">Κορσικανικά</language>
			<language type="cop">Κοπτικά</language>
			<language type="cs">Τσεχικά</language>
			<language type="cy">Ουαλικά</language>
			<language type="da">Δανικά</language>
			<language type="de">Γερμανικά</language>
			<language type="egy">Αιγυπτιακά (Αρχαία)</language>
			<language type="el">Ελληνικά</language>
			<language type="en">Αγγλικά</language>
			<language type="es">Ισπανικά</language>
			<language type="et">Εσθονικά</language>
			<language type="eu">Βασκικά</language>
			<language type="fa">Περσικά</language>
			<language type="fi">Φινλανδικά</language>
			<language type="fr">Γαλλικά</language>
			<language type="ga">Ιρλανδικά</language>
			<language type="gd">Σκωτικά Κελτικά</language>
			<language type="grc">Ελληνικά, Αρχαία (έως 1453)</language>
			<language type="haw">Χαβανεζικά</language>
			<language type="he">Εβραϊκά</language>
			<language type="hr">Κροατικά</language>
			<language type="hu">Ουγγρικά</language>
			<language type="hy">Αρμενικά</language>
			<language type="id">Ινδονησιακά</language>
			<language type="ine">Ινδοευρωπαϊκά (¨Αλλη)</language>
			<language type="ira">Ιρανικά</language>
			<language type="is">Ισλανδικά</language>
			<language type="it">Ιταλικά</language>
			<language type="ja">Ιαπωνικά</language>
			<language type="ka">Γεωργιανά</language>
			<language type="ko">Κορεατικά</language>
			<language type="la">Λατινικά</language>
			<language type="lt">Λιθουανικά</language>
			<language type="lv">Λετονικά</language>
			<language type="mk">Σλαβομακεδονικά</language>
			<language type="mn">Μογγολικά</language>
			<language type="mo">Μολδαβικά</language>
			<language type="mt">Μαλτεζικά</language>
			<language type="mul">Πολλαπλές Γλώσσες</language>
			<language type="nai">Ινδιανικά Βόρειας Αμερικής (Άλλα)</language>
			<language type="nl">Ολλανδικά</language>
			<language type="no">Νορβηγικά</language>
			<language type="ota">Τουρκικά, Οθωμανικά (1500-1928)</language>
			<language type="peo">Αρχαία Περσικά (600-400 π.Χ.)</language>
			<language type="phi">Φιλιππινέζικα (Άλλα)</language>
			<language type="phn">Φοινικικά</language>
			<language type="pl">Πολωνικά</language>
			<language type="pt">Πορτογαλικά</language>
			<language type="ro">Ρουμανικά</language>
			<language type="rom">Ρωμανικά</language>
			<language type="ru">Ρωσικά</language>
			<language type="sem">Σημιτικά (Άλλα)</language>
			<language type="sh">Σερβοκροατικά</language>
			<language type="sk">Σλοβακικά</language>
			<language type="sl">Σλοβενικά</language>
			<language type="sla">Σλαβικά (Άλλα)</language>
			<language type="sq">Αλβανικά</language>
			<language type="sr">Σερβικά</language>
			<language type="sv">Σουηδικά</language>
			<language type="tr">Τουρκικά</language>
			<language type="uk">Ουκρανικά</language>
			<language type="vi">Βιετναμεζικά</language>
			<language type="yi">Ιουδαϊκά</language>
			<language type="zh">Κινεζικά</language>
		</languages>
		<scripts>
			<script type="Arab">Αραβικό</script>
			<script type="Armn">Αρμενικό</script>
			<script type="Brai">Μπράιγ</script>
			<script type="Copt">Κοπτικό</script>
			<script type="Cprt">Κυπριακό</script>
			<script type="Cyrl">Κυριλλικό</script>
			<script type="Ethi">Αιθιοπικό</script>
			<script type="Geor">Γεωργιανό</script>
			<script type="Goth">Γοτθικό</script>
			<script type="Grek">Ελληνικό</script>
			<script type="Hebr">Εβραϊκό</script>
			<script type="Latn">Λατινικό</script>
			<script type="Mong">Μογγολικό</script>
			<script type="Syrc">Συριακό</script>
			<script type="Thai">Ταϊλανδικό</script>
			<script type="Tibt">Θιβετιανό</script>
			<script type="Zyyy">Κοινό</script>
		</scripts>
		<territories>
			<territory type="AD">Ανδόρα</territory>
			<territory type="AE">Ηνωμένα Αραβικά Εμιράτα</territory>
			<territory type="AF">Αφγανιστάν</territory>
			<territory type="AG">Αντίγκουα και Μπαρμπούντα</territory>
			<territory type="AI">Ανγκουίλα</territory>
			<territory type="AL">Αλβανία</territory>
			<territory type="AM">Αρμενία</territory>
			<territory type="AN">Ολλανδικές Αντίλλες</territory>
			<territory type="AO">Ανγκόλα</territory>
			<territory type="AQ">Ανταρκτική</territory>
			<territory type="AR">Αργεντινή</territory>
			<territory type="AS">Αμερικανική Σαμόα</territory>
			<territory type="AT">Αυστρία</territory>
			<territory type="AU">Αυστραλία</territory>
			<territory type="AW">Αρούμπα</territory>
			<territory type="AZ">Αζερμπαϊτζάν</territory>
			<territory type="BA">Βοσνία - Ερζεγοβίνη</territory>
			<territory type="BB">Μπαρμπάντος</territory>
			<territory type="BD">Μπανγκλαντές</territory>
			<territory type="BE">Βέλγιο</territory>
			<territory type="BF">Μπουρκίνα Φάσο</territory>
			<territory type="BG">Βουλγαρία</territory>
			<territory type="BH">Μπαχρέιν</territory>
			<territory type="BI">Μπουρούντι</territory>
			<territory type="BJ">Μπένιν</territory>
			<territory type="BM">Βερμούδες</territory>
			<territory type="BN">Μπρουνέι Νταρουσαλάμ</territory>
			<territory type="BO">Βολιβία</territory>
			<territory type="BR">Βραζιλία</territory>
			<territory type="BS">Μπαχάμες</territory>
			<territory type="BT">Μπουτάν</territory>
			<territory type="BV">Νήσος Μπουβέ</territory>
			<territory type="BW">Μποτσουάνα</territory>
			<territory type="BY">Λευκορωσία</territory>
			<territory type="BZ">Μπελίζ</territory>
			<territory type="CA">Καναδάς</territory>
			<territory type="CC">Νήσοι Κόκος (Κήλινγκ)</territory>
			<territory type="CD">Κονγκό, Λαϊκή Δημοκρατία του</territory>
			<territory type="CF">Κεντροαφρικανική Δημοκρατία</territory>
			<territory type="CG">Κονγκό</territory>
			<territory type="CH">Ελβετία</territory>
			<territory type="CI">Ακτή Ελεφαντόδοντος</territory>
			<territory type="CK">Νήσοι Κουκ</territory>
			<territory type="CL">Χιλή</territory>
			<territory type="CM">Καμερούν</territory>
			<territory type="CN">Κίνα</territory>
			<territory type="CO">Κολομβία</territory>
			<territory type="CR">Κόστα Ρίκα</territory>
			<territory type="CU">Κούβα</territory>
			<territory type="CV">Νήσοι Πράσινου Ακρωτηρίου</territory>
			<territory type="CX">Νήσος Χριστουγέννων</territory>
			<territory type="CY">Κύπρος</territory>
			<territory type="CZ">Τσεχία</territory>
			<territory type="DE">Γερμανία</territory>
			<territory type="DJ">Τζιμπουτί</territory>
			<territory type="DK">Δανία</territory>
			<territory type="DM">Ντομίνικα</territory>
			<territory type="DO">Δομινικανή Δημοκρατία</territory>
			<territory type="DZ">Αλγερία</territory>
			<territory type="EC">Ισημερινός</territory>
			<territory type="EE">Εσθονία</territory>
			<territory type="EG">Αίγυπτος</territory>
			<territory type="EH">Δυτική Σαχάρα</territory>
			<territory type="ER">Ερυθραία</territory>
			<territory type="ES">Ισπανία</territory>
			<territory type="ET">Αιθιοπία</territory>
			<territory type="FI">Φινλανδία</territory>
			<territory type="FJ">Φίτζι</territory>
			<territory type="FK">Νήσοι Φώκλαντ</territory>
			<territory type="FM">Μικρονησία, Ομόσπονδες Πολιτείες της</territory>
			<territory type="FO">Νήσοι Φερόες</territory>
			<territory type="FR">Γαλλία</territory>
			<territory type="GA">Γκαμπόν</territory>
			<territory type="GB">Ηνωμένο Βασίλειο</territory>
			<territory type="GD">Γρενάδα</territory>
			<territory type="GE">Γεωργία</territory>
			<territory type="GF">Γαλλική Γουιάνα</territory>
			<territory type="GH">Γκάνα</territory>
			<territory type="GI">Γιβραλτάρ</territory>
			<territory type="GL">Γροιλανδία</territory>
			<territory type="GM">Γκάμπια</territory>
			<territory type="GN">Γουινέα</territory>
			<territory type="GP">Γουαδελούπη</territory>
			<territory type="GQ">Ισημερινή Γουινέα</territory>
			<territory type="GR">Ελλάδα</territory>
			<territory type="GS">Νότια Γεωργία και Νήσοι Νότιες Σάντουιτς</territory>
			<territory type="GT">Γουατεμάλα</territory>
			<territory type="GU">Γκουάμ</territory>
			<territory type="GW">Γουινέα-Μπισάου</territory>
			<territory type="GY">Γουιάνα</territory>
			<territory type="HK">Χονγκ Κονγκ, Ειδική Διοικητική Περιφέρεια της Κίνας</territory>
			<territory type="HM">Νήσοι Χερντ και Μακντόναλντ</territory>
			<territory type="HN">Ονδούρα</territory>
			<territory type="HR">Κροατία</territory>
			<territory type="HT">Αϊτή</territory>
			<territory type="HU">Ουγγαρία</territory>
			<territory type="ID">Ινδονησία</territory>
			<territory type="IE">Ιρλανδία</territory>
			<territory type="IL">Ισραήλ</territory>
			<territory type="IN">Ινδία</territory>
			<territory type="IO">Βρετανικά Έδάφη Ινδικού Ωκεανού</territory>
			<territory type="IQ">Ιράκ</territory>
			<territory type="IR">Ιράν, Ισλαμική Δημοκρατία του</territory>
			<territory type="IS">Ισλανδία</territory>
			<territory type="IT">Ιταλία</territory>
			<territory type="JM">Τζαμάικα</territory>
			<territory type="JO">Ιορδανία</territory>
			<territory type="JP">Ιαπωνία</territory>
			<territory type="KE">Κένυα</territory>
			<territory type="KG">Κιργιζία</territory>
			<territory type="KH">Καμπότζη</territory>
			<territory type="KI">Κιριμπάτι</territory>
			<territory type="KM">Κομόρες</territory>
			<territory type="KN">Σαιντ Κιτς και Νέβις</territory>
			<territory type="KP">Κορέα, Βόρεια</territory>
			<territory type="KR">Κορέα, Νότια</territory>
			<territory type="KW">Κουβέιτ</territory>
			<territory type="KY">Νήσοι Κέιμαν</territory>
			<territory type="KZ">Καζακστάν</territory>
			<territory type="LA">Λατινική Αμερική</territory>
			<territory type="LB">Λίβανος</territory>
			<territory type="LC">Αγία Λουκία</territory>
			<territory type="LI">Λιχτενστάιν</territory>
			<territory type="LK">Σρι Λάνκα</territory>
			<territory type="LR">Λιβερία</territory>
			<territory type="LS">Λεσότο</territory>
			<territory type="LT">Λιθουανία</territory>
			<territory type="LU">Λουξεμβούργο</territory>
			<territory type="LV">Λετονία</territory>
			<territory type="MA">Μαρόκο</territory>
			<territory type="MC">Μονακό</territory>
			<territory type="MD">Μολδαβία, Δημοκρατία της</territory>
			<territory type="MG">Μαδαγασκάρη</territory>
			<territory type="MH">Νήσοι Μάρσαλ</territory>
			<territory type="MK">ΠΓΔ Μακεδονίας</territory>
			<territory type="ML">Μάλι</territory>
			<territory type="MM">Μιανμάρ</territory>
			<territory type="MN">Μογγολία</territory>
			<territory type="MO">Μακάο, Ειδική Διοικητική Περιφέρεια της Κίνας</territory>
			<territory type="MP">Νήσοι Βόρειες Μαριάνες</territory>
			<territory type="MQ">Μαρτινίκα</territory>
			<territory type="MR">Μαυριτανία</territory>
			<territory type="MS">Μονσεράτ</territory>
			<territory type="MT">Μάλτα</territory>
			<territory type="MU">Μαυρίκιος</territory>
			<territory type="MV">Μαλδίβες</territory>
			<territory type="MW">Μαλάουι</territory>
			<territory type="MX">Μεξικό</territory>
			<territory type="MY">Μαλαισία</territory>
			<territory type="MZ">Μοζαμβίκη</territory>
			<territory type="NA">Ναμίμπια</territory>
			<territory type="NC">Νέα Καληδονία</territory>
			<territory type="NE">Νίγηρ</territory>
			<territory type="NF">Νήσος Νόρφολκ</territory>
			<territory type="NG">Νιγηρία</territory>
			<territory type="NI">Νικαράγουα</territory>
			<territory type="NL">Ολλανδία</territory>
			<territory type="NO">Νορβηγία</territory>
			<territory type="NP">Νεπάλ</territory>
			<territory type="NR">Ναούρου</territory>
			<territory type="NU">Νιούε</territory>
			<territory type="NZ">Νέα Ζηλανδία</territory>
			<territory type="OM">Ομάν</territory>
			<territory type="PA">Παναμάς</territory>
			<territory type="PE">Περού</territory>
			<territory type="PF">Γαλλική Πολυνησία</territory>
			<territory type="PG">Παπούα - Νέα Γουινέα</territory>
			<territory type="PH">Φιλιππίνες</territory>
			<territory type="PK">Πακιστάν</territory>
			<territory type="PL">Πολωνία</territory>
			<territory type="PM">Σαιντ Πιέρ και Μικελόν</territory>
			<territory type="PN">Πίτκερν</territory>
			<territory type="PR">Πουέρτο Ρίκο</territory>
			<territory type="PS">Παλαιστινιακά Εδάφη</territory>
			<territory type="PT">Πορτογαλία</territory>
			<territory type="PW">Παλάου</territory>
			<territory type="PY">Παραγουάη</territory>
			<territory type="QA">Κατάρ</territory>
			<territory type="RE">Ρεϋνιόν</territory>
			<territory type="RO">Ρουμανία</territory>
			<territory type="RU">Ρωσία</territory>
			<territory type="RW">Ρουάντα</territory>
			<territory type="SA">Σαουδική Αραβία</territory>
			<territory type="SB">Νήσοι Σολομώντος</territory>
			<territory type="SC">Σεϋχέλλες</territory>
			<territory type="SD">Σουδάν</territory>
			<territory type="SE">Σουηδία</territory>
			<territory type="SG">Σιγκαπούρη</territory>
			<territory type="SH">Αγία Ελένη</territory>
			<territory type="SI">Σλοβενία</territory>
			<territory type="SJ">Νήσοι Σβάλμπαρ και Γιαν Μαγιέν</territory>
			<territory type="SK">Σλοβακία</territory>
			<territory type="SL">Σιέρα Λεόνε</territory>
			<territory type="SM">Άγιος Μαρίνος</territory>
			<territory type="SN">Σενεγάλη</territory>
			<territory type="SO">Σομαλία</territory>
			<territory type="SP">Σερβία</territory>
			<territory type="SR">Σουρινάμ</territory>
			<territory type="ST">Σάο Τομέ και Πρίνσιπε</territory>
			<territory type="SV">Ελ Σαλβαδόρ</territory>
			<territory type="SY">Συρία, Αραβική Δημοκρατία της</territory>
			<territory type="SZ">Σουαζιλάνδη</territory>
			<territory type="TC">Νήσοι Τερκς και Κάικος</territory>
			<territory type="TD">Τσαντ</territory>
			<territory type="TF">Γαλλικά Νότια Εδάφη</territory>
			<territory type="TG">Τόγκο</territory>
			<territory type="TH">Ταϊλάνδη</territory>
			<territory type="TJ">Τατζικιστάν</territory>
			<territory type="TK">Τοκελάου</territory>
			<territory type="TL">Ανατολικό Τιμόρ</territory>
			<territory type="TM">Τουρκμενιστάν</territory>
			<territory type="TN">Τυνησία</territory>
			<territory type="TO">Τόνγκα</territory>
			<territory type="TR">Τουρκία</territory>
			<territory type="TT">Τρινιδάδ και Τομπάγκο</territory>
			<territory type="TV">Τουβαλού</territory>
			<territory type="TW">Ταϊβάν</territory>
			<territory type="TZ">Τανζανία</territory>
			<territory type="UA">Ουκρανία</territory>
			<territory type="UG">Ουγκάντα</territory>
			<territory type="UM">Απομακρυσμένες Νησίδες των Ηνωμένων Πολιτειών</territory>
			<territory type="US">Ηνωμένες Πολιτείες</territory>
			<territory type="UY">Ουρουγουάη</territory>
			<territory type="UZ">Ουζμπεκιστάν</territory>
			<territory type="VA">Αγία Έδρα (Βατικανό)</territory>
			<territory type="VC">Άγιος Βικέντιος και Γρεναδίνες</territory>
			<territory type="VE">Βενεζουέλα</territory>
			<territory type="VG">Βρετανικές Παρθένοι Νήσοι</territory>
			<territory type="VI">Αμερικανικές Παρθένοι Νήσοι</territory>
			<territory type="VN">Βιετνάμ</territory>
			<territory type="VU">Βανουάτου</territory>
			<territory type="WF">Νήσοι Ουαλλίς και Φουτουνά</territory>
			<territory type="WS">Σαμόα</territory>
			<territory type="YE">Υεμένη</territory>
			<territory type="YT">Μαγιότ</territory>
			<territory type="YU">Γιουγκοσλαβία</territory>
			<territory type="ZA">Νότια Αφρική</territory>
			<territory type="ZM">Ζάμπια</territory>
			<territory type="ZW">Ζιμπάμπουε</territory>
		</territories>
		<keys>
			<key type="collation">Τακτοποίηση</key>
			<key type="calendar">Ημερολόγιο</key>
			<key type="currency">Νόμισμα</key>
		</keys>
		<types>
			<type type="japanese" key="calendar">Ιαπωνικό Ημερολόγιο</type>
			<type type="buddhist" key="calendar">Βουδιστικό Ημερολόγιο</type>
			<type type="islamic" key="calendar">Ισλαμικό Ημερολόγιο</type>
			<type type="islamic-civil" key="calendar">Ισλαμικό-Αστικό Ημερολόγιο</type>
			<type type="hebrew" key="calendar">Εβραϊκό Ημερολόγιο</type>
			<type type="chinese" key="calendar">Κινέζικο Ημερολόγιο</type>
			<type type="gregorian" key="calendar">Γρηγοριανό Ημερολόγιο</type>
			<type type="traditional" key="collation">Παραδοσιακή</type>
			<type type="phonebook" key="collation">Σειρά Τηλεφωνικού Καταλόγου</type>
			<type type="pinyin" key="collation">Σειρά Pinyin</type>
			<type type="stroke" key="collation">Σειρά Stroke</type>
			<type type="direct" key="collation">Σειρά Direct</type>
		</types>
	</localeDisplayNames>
	<characters>
		<exemplarCharacters>[ΐά-ώ]</exemplarCharacters>
	</characters>
	<dates>
		<localizedPatternChars>GanjkHmsSEDFwWxhKzAeugXZ</localizedPatternChars>
		<calendars>
			<calendar type="gregorian">
				<months>
					<monthContext type="format">
						<monthWidth type="abbreviated">
							<month type="1">Ιαν</month>
							<month type="2">Φεβ</month>
							<month type="3">Μαρ</month>
							<month type="4">Απρ</month>
							<month type="5">Μαϊ</month>
							<month type="6">Ιουν</month>
							<month type="7">Ιουλ</month>
							<month type="8">Αυγ</month>
							<month type="9">Σεπ</month>
							<month type="10">Οκτ</month>
							<month type="11">Νοε</month>
							<month type="12">Δεκ</month>
						</monthWidth>
						<monthWidth type="narrow">
							<month type="1">Ι</month>
							<month type="2">Φ</month>
							<month type="3">Μ</month>
							<month type="4">Α</month>
							<month type="5">Μ</month>
							<month type="6">Ι</month>
							<month type="7">Ι</month>
							<month type="8">Α</month>
							<month type="9">Σ</month>
							<month type="10">Ο</month>
							<month type="11">Ν</month>
							<month type="12">Δ</month>
						</monthWidth>
						<monthWidth type="wide">
							<month type="1">Ιανουαρίου</month>
							<month type="2">Φεβρουαρίου</month>
							<month type="3">Μαρτίου</month>
							<month type="4">Απριλίου</month>
							<month type="5">Μαΐου</month>
							<month type="6">Ιουνίου</month>
							<month type="7">Ιουλίου</month>
							<month type="8">Αυγούστου</month>
							<month type="9">Σεπτεμβρίου</month>
							<month type="10">Οκτωβρίου</month>
							<month type="11">Νοεμβρίου</month>
							<month type="12">Δεκεμβρίου</month>
						</monthWidth>
					</monthContext>
					<monthContext type="stand-alone">
						<monthWidth type="abbreviated">
							<month type="1">Ιαν</month>
							<month type="2">Φεβ</month>
							<month type="3">Μαρ</month>
							<month type="4">Απρ</month>
							<month type="5">Μαϊ</month>
							<month type="6">Ιουν</month>
							<month type="7">Ιουλ</month>
							<month type="8">Αυγ</month>
							<month type="9">Σεπ</month>
							<month type="10">Οκτ</month>
							<month type="11">Νοε</month>
							<month type="12">Δεκ</month>
						</monthWidth>
						<monthWidth type="narrow">
							<month type="1">Ι</month>
							<month type="2">Φ</month>
							<month type="3">Μ</month>
							<month type="4">Α</month>
							<month type="5">Μ</month>
							<month type="6">Ι</month>
							<month type="7">Ι</month>
							<month type="8">Α</month>
							<month type="9">Σ</month>
							<month type="10">Ο</month>
							<month type="11">Ν</month>
							<month type="12">Δ</month>
						</monthWidth>
						<monthWidth type="wide">
							<month type="1">Ιανουάριος</month>
							<month type="2">Φεβρουάριος</month>
							<month type="3">Μάρτιος</month>
							<month type="4">Απρίλιος</month>
							<month type="5">Μάιος</month>
							<month type="6">Ιούνιος</month>
							<month type="7">Ιούλιος</month>
							<month type="8">Αύγουστος</month>
							<month type="9">Σεπτέμβριος</month>
							<month type="10">Οκτώβριος</month>
							<month type="11">Νοέμβριος</month>
							<month type="12">Δεκέμβριος</month>
						</monthWidth>
					</monthContext>
				</months>
				<days>
					<dayContext type="format">
						<dayWidth type="abbreviated">
							<day type="sun">Κυρ</day>
							<day type="mon">Δευ</day>
							<day type="tue">Τρι</day>
							<day type="wed">Τετ</day>
							<day type="thu">Πεμ</day>
							<day type="fri">Παρ</day>
							<day type="sat">Σαβ</day>
						</dayWidth>
						<dayWidth type="narrow">
							<day type="sun">Κ</day>
							<day type="mon">Δ</day>
							<day type="tue">Τ</day>
							<day type="wed">Τ</day>
							<day type="thu">Π</day>
							<day type="fri">Π</day>
							<day type="sat">Σ</day>
						</dayWidth>
						<dayWidth type="wide">
							<day type="sun">Κυριακή</day>
							<day type="mon">Δευτέρα</day>
							<day type="tue">Τρίτη</day>
							<day type="wed">Τετάρτη</day>
							<day type="thu">Πέμπτη</day>
							<day type="fri">Παρασκευή</day>
							<day type="sat">Σάββατο</day>
						</dayWidth>
					</dayContext>
				</days>
				<week>
					<firstDay day="mon"/>
				</week>
				<am>ΠΜ</am>
				<pm>ΜΜ</pm>
				<eras>
					<eraAbbr>
						<era type="0">π.Χ.</era>
						<era type="1">μ.Χ.</era>
					</eraAbbr>
				</eras>
				<dateFormats>
					<dateFormatLength type="full">
						<dateFormat>
							<pattern>EEEE, dd MMMM yyyy</pattern>
						</dateFormat>
					</dateFormatLength>
					<dateFormatLength type="long">
						<dateFormat>
							<pattern>dd MMMM yyyy</pattern>
						</dateFormat>
					</dateFormatLength>
					<dateFormatLength type="medium">
						<dateFormat>
							<pattern>dd MMM yyyy</pattern>
						</dateFormat>
					</dateFormatLength>
					<dateFormatLength type="short">
						<dateFormat>
							<pattern>dd/MM/yyyy</pattern>
						</dateFormat>
					</dateFormatLength>
				</dateFormats>
				<timeFormats>
					<timeFormatLength type="full">
						<timeFormat>
							<pattern>h:mm:ss a z</pattern>
						</timeFormat>
					</timeFormatLength>
					<timeFormatLength type="long">
						<timeFormat>
							<pattern>h:mm:ss a z</pattern>
						</timeFormat>
					</timeFormatLength>
					<timeFormatLength type="medium">
						<timeFormat>
							<pattern>h:mm:ss a</pattern>
						</timeFormat>
					</timeFormatLength>
					<timeFormatLength type="short">
						<timeFormat>
							<pattern>h:mm a</pattern>
						</timeFormat>
					</timeFormatLength>
				</timeFormats>
			</calendar>
		</calendars>
	</dates>
	<numbers>
		<symbols>
			<decimal>,</decimal>
			<group>.</group>
		</symbols>
		<currencies>
			<currency type="ADD">
				<displayName>Δηνάριο Ανδόρας</displayName>
				<symbol>ADD</symbol>
			</currency>
			<currency type="ADP">
				<displayName>Πεσέτα Ανδόρας</displayName>
				<symbol>ADP</symbol>
			</currency>
			<currency type="AED">
				<displayName>Ντιράμ Ηνωμένων Αραβικών Εμιράτων</displayName>
				<symbol>AED</symbol>
			</currency>
			<currency type="AIF">
				<displayName>Φράγκο Affars και Issas</displayName>
				<symbol>AIF</symbol>
			</currency>
			<currency type="ALK">
				<displayName>Λεκ Αλβανίας (1946-1961)</displayName>
				<symbol>ALK</symbol>
			</currency>
			<currency type="ALL">
				<displayName>Λεκ Αλβανίας</displayName>
				<symbol>lek</symbol>
			</currency>
			<currency type="ALV">
				<displayName>Λεκ Valute Αλβανίας</displayName>
				<symbol>ALV</symbol>
			</currency>
			<currency type="ALX">
				<displayName>Αλβανικά Πιστοποιητικά Ξένου Συναλλάγματος σε Δολάρια</displayName>
				<symbol>ALX</symbol>
			</currency>
			<currency type="AMD">
				<displayName>Dram Αρμενίας</displayName>
				<symbol>dram</symbol>
			</currency>
			<currency type="ANG">
				<displayName>Γκίλντα Ολλανδικών Αντιλλών</displayName>
				<symbol>NA f.</symbol>
			</currency>
			<currency type="AOA">
				<displayName>Kwanza Ανγκόλας</displayName>
				<symbol>AOA</symbol>
			</currency>
			<currency type="AOK">
				<displayName>Kwanza Ανγκόλας (1977-1990)</displayName>
				<symbol>AOK</symbol>
			</currency>
			<currency type="AON">
				<displayName>Νέα Kwanza Ανγκόλας (1990-2000)</displayName>
				<symbol>AON</symbol>
			</currency>
			<currency type="AOR">
				<displayName>Kwanza Reajustado Ανγκόλας (1995-1999)</displayName>
				<symbol>AOR</symbol>
			</currency>
			<currency type="AOS">
				<displayName>Εσκούδο Ανγκόλας</displayName>
				<symbol>AOS</symbol>
			</currency>
			<currency type="ARA">
				<displayName>Austral Αργεντινής</displayName>
				<symbol>ARA</symbol>
			</currency>
			<currency type="ARM">
				<displayName>Εθνικό Νόμισμα Πέσο Αργεντινής</displayName>
				<symbol>ARM</symbol>
			</currency>
			<currency type="ARP">
				<displayName>Πέσο Αργεντινής (1983-1985)</displayName>
				<symbol>ARP</symbol>
			</currency>
			<currency type="ARS">
				<displayName>Πέσο Αργεντινής</displayName>
				<symbol>Arg$</symbol>
			</currency>
			<currency type="ATS">
				<displayName>Σελίνι Αυστρίας</displayName>
				<symbol>ATS</symbol>
			</currency>
			<currency type="AUD">
				<displayName>Δολάριο Αυστραλίας</displayName>
				<symbol>$A</symbol>
			</currency>
			<currency type="AUP">
				<displayName>Λίρα Αυστραλίας</displayName>
				<symbol>AUP</symbol>
			</currency>
			<currency type="AWG">
				<displayName>Γκίλντα Αρούμπα</displayName>
				<symbol>AWG</symbol>
			</currency>
			<currency type="AZM">
				<displayName>Μανάτ Αζερμπαϊτζάν</displayName>
				<symbol>AZM</symbol>
			</currency>
			<currency type="BAD">
				<displayName>Δηνάριο Βοσνίας-Ερζεγοβίνης</displayName>
				<symbol>BAD</symbol>
			</currency>
			<currency type="BAM">
				<displayName>Μάρκο Βοσνίας-Ερζεγοβίνης</displayName>
				<symbol>KM</symbol>
			</currency>
			<currency type="BAN">
				<displayName>Νέο Δηνάριο Βοσνίας-Ερζεγοβίνης</displayName>
				<symbol>BAN</symbol>
			</currency>
			<currency type="BBD">
				<displayName>Δολάριο Μπαρμπάντος</displayName>
				<symbol>BDS$</symbol>
			</currency>
			<currency type="BDT">
				<displayName>Τάκα Μπαγκλαντές</displayName>
				<symbol>Tk</symbol>
			</currency>
			<currency type="BEC">
				<displayName>Φράγκο Βελγίου (μετατρέψιμο)</displayName>
				<symbol>BEC</symbol>
			</currency>
			<currency type="BEF">
				<displayName>Φράγκο Βελγίου</displayName>
				<symbol>BF</symbol>
			</currency>
			<currency type="BEL">
				<displayName>Φράγκο Βελγίου (οικονομικό)</displayName>
				<symbol>BEL</symbol>
			</currency>
			<currency type="BGL">
				<displayName>Μεταλλικό Λεβ Βουλγαρίας</displayName>
				<symbol>lev</symbol>
			</currency>
			<currency type="BGM">
				<displayName>Σοσιαλιστικό Λεβ Βουλγαρίας</displayName>
				<symbol>BGM</symbol>
			</currency>
			<currency type="BGN">
				<displayName>Νέο Λεβ Βουλγαρίας</displayName>
				<symbol>BGN</symbol>
			</currency>
			<currency type="BGO">
				<displayName>Λεβ Βουλγαρίας (1879-1952)</displayName>
				<symbol>BGO</symbol>
			</currency>
			<currency type="BGX">
				<displayName>Πιστοποιητικά Ξένου Συναλλάγματος σε Λεβ</displayName>
				<symbol>BGX</symbol>
			</currency>
			<currency type="BHD">
				<displayName>Δηνάριο Bahraini</displayName>
				<symbol>BD</symbol>
			</currency>
			<currency type="BIF">
				<displayName>Φράγκο Burundi</displayName>
				<symbol>Fbu</symbol>
			</currency>
			<currency type="BMD">
				<displayName>Δολάριο Βερμούδων</displayName>
				<symbol>Ber$</symbol>
			</currency>
			<currency type="BMP">
				<displayName>Λίρα Βερμούδων</displayName>
				<symbol>BMP</symbol>
			</currency>
			<currency type="BND">
				<displayName>Δολάριο Brunei</displayName>
				<symbol>BND</symbol>
			</currency>
			<currency type="BOP">
				<displayName>Πέσο Βολιβίας</displayName>
				<symbol>BOP</symbol>
			</currency>
			<currency type="BOV">
				<displayName>Mvdol Βολιβίας</displayName>
				<symbol>BOV</symbol>
			</currency>
			<currency type="BRB">
				<displayName>Νέο Cruzeiro Βραζιλίας (1967-1986)</displayName>
				<symbol>BRB</symbol>
			</currency>
			<currency type="BRC">
				<displayName>Cruzado Βραζιλίας</displayName>
				<symbol>BRC</symbol>
			</currency>
			<currency type="BRE">
				<displayName>Cruzeiro Βραζιλίας (1990-1993)</displayName>
				<symbol>BRE</symbol>
			</currency>
			<currency type="BRL">
				<displayName>Real Βραζιλίας</displayName>
				<symbol>R$</symbol>
			</currency>
			<currency type="BRN">
				<displayName>Νέο Cruzado Βραζιλίας</displayName>
				<symbol>BRN</symbol>
			</currency>
			<currency type="BRR">
				<displayName>Cruzeiro Βραζιλίας</displayName>
				<symbol>BRR</symbol>
			</currency>
			<currency type="BRZ">
				<displayName>Cruzeiro Βραζιλίας (1942-1967)</displayName>
				<symbol>BRZ</symbol>
			</currency>
			<currency type="BSD">
				<displayName>Δολάριο Μπαχάμες</displayName>
				<symbol>BSD</symbol>
			</currency>
			<currency type="BSP">
				<displayName>Λίρα Μπαχάμες</displayName>
				<symbol>BSP</symbol>
			</currency>
			<currency type="BTN">
				<displayName>Ngultrum Μπουτάν</displayName>
				<symbol>Nu</symbol>
			</currency>
			<currency type="BTR">
				<displayName>Ρούπια Μπουτάν</displayName>
				<symbol>BTR</symbol>
			</currency>
			<currency type="BUK">
				<displayName>Kyat Βιρμανίας</displayName>
				<symbol>BUK</symbol>
			</currency>
			<currency type="BUR">
				<displayName>Ρούπια Βιρμανίας</displayName>
				<symbol>BUR</symbol>
			</currency>
			<currency type="BWP">
				<displayName>Pula Μποτσουάνα</displayName>
				<symbol>BWP</symbol>
			</currency>
			<currency type="BYB">
				<displayName>Νέο Ρούβλι Λευκορωσίας (1994-1999)</displayName>
				<symbol>BYB</symbol>
			</currency>
			<currency type="BYL">
				<displayName>Ρούβλι Λευκορωσίας (1992-1994)</displayName>
				<symbol>BYL</symbol>
			</currency>
			<currency type="BYR">
				<displayName>Ρούβλι Λευκορωσίας</displayName>
				<symbol>Rbl</symbol>
			</currency>
			<currency type="BZD">
				<displayName>Δολάριο Belize</displayName>
				<symbol>BZ$</symbol>
			</currency>
			<currency type="BZH">
				<displayName>Δολάριο Βρετανικής Ονδούρας</displayName>
				<symbol>BZH</symbol>
			</currency>
			<currency type="CAD">
				<displayName>Δολάριο Καναδά</displayName>
				<symbol>Can$</symbol>
			</currency>
			<currency type="CDF">
				<displayName>Φράγκο Congolais Κονγκό</displayName>
				<symbol>CDF</symbol>
			</currency>
			<currency type="CDG">
				<displayName>Φράγκο Δημοκρατίας Κονγκό</displayName>
				<symbol>CDG</symbol>
			</currency>
			<currency type="CDL">
				<displayName>Congolese Ζαΐρ</displayName>
				<symbol>CDL</symbol>
			</currency>
			<currency type="CFF">
				<displayName>Φράγκο Κεντρικής Αφρικανικής Δημοκρατίας CFA</displayName>
				<symbol>CFF</symbol>
			</currency>
			<currency type="CHF">
				<displayName>Φράγκο Ελβετίας</displayName>
				<symbol>SwF</symbol>
			</currency>
			<currency type="CKD">
				<displayName>Δολάριο Νήσων Κουκ</displayName>
				<symbol>CKD</symbol>
			</currency>
			<currency type="CLC">
				<displayName>Condor Χιλής</displayName>
				<symbol>CLC</symbol>
			</currency>
			<currency type="CLE">
				<displayName>Εσκούδο Χιλής</displayName>
				<symbol>CLE</symbol>
			</currency>
			<currency type="CLF">
				<displayName>Unidades de Fomento Χιλής</displayName>
				<symbol>CLF</symbol>
			</currency>
			<currency type="CLP">
				<displayName>Πέσο Χιλής</displayName>
				<symbol>Ch$</symbol>
			</currency>
			<currency type="CMF">
				<displayName>Φράγκο Καμερούν CFA</displayName>
				<symbol>CMF</symbol>
			</currency>
			<currency type="CNP">
				<displayName>Jen Min Piao Yuan Κίνας</displayName>
				<symbol>CNP</symbol>
			</currency>
			<currency type="CNX">
				<displayName>Πιστοποιητικά Ξένου Συναλλάγματος σε Δολάρια ΗΠΑ, Κίνας</displayName>
				<symbol>CNX</symbol>
			</currency>
			<currency type="CNY">
				<displayName>Yuan Renminbi Κίνας</displayName>
				<symbol>Y</symbol>
			</currency>
			<currency type="COB">
				<displayName>Χάρτινο Πέσο Κολομβίας</displayName>
				<symbol>COB</symbol>
			</currency>
			<currency type="COF">
				<displayName>Φράγκο Κονγκό CFA</displayName>
				<symbol>COF</symbol>
			</currency>
			<currency type="COP">
				<displayName>Πέσο Κολομβίας</displayName>
				<symbol>Col$</symbol>
			</currency>
			<currency type="CRC">
				<displayName>Colon Κόστα Ρίκα</displayName>
				<symbol>C</symbol>
			</currency>
			<currency type="CSC">
				<displayName>Κορόνα Τσεχοσλοβακίας</displayName>
				<symbol>CSC</symbol>
			</currency>
			<currency type="CSK">
				<displayName>Σκληρή Κορόνα Τσεχοσλοβακίας</displayName>
				<symbol>CSK</symbol>
			</currency>
			<currency type="CUP">
				<displayName>Πέσο Κούβας</displayName>
				<symbol>CUP</symbol>
			</currency>
			<currency type="CUX">
				<displayName>Πιστοποιητικά Ξένου Συναλλάγματος Κούβας</displayName>
				<symbol>CUX</symbol>
			</currency>
			<currency type="CVE">
				<displayName>Εσκούδο Πράσινου Ακρωτηρίου</displayName>
				<symbol>CVEsc</symbol>
			</currency>
			<currency type="CWG">
				<displayName>Γκίλντα Curacao</displayName>
				<symbol>CWG</symbol>
			</currency>
			<currency type="CYP">
				<displayName>Λίρα Κύπρου</displayName>
				<symbol>£</symbol>
			</currency>
			<currency type="CZK">
				<displayName>Κορόνα Τσέχικης Δημοκρατίας</displayName>
				<symbol>CZK</symbol>
			</currency>
			<currency type="DDM">
				<displayName>Ostmark Ανατολικής Γερμανίας</displayName>
				<symbol>DDM</symbol>
			</currency>
			<currency type="DEM">
				<displayName>Μάρκο Γερμανίας</displayName>
				<symbol>DEM</symbol>
			</currency>
			<currency type="DES">
				<displayName>Sperrmark Γερμανίας</displayName>
				<symbol>DES</symbol>
			</currency>
			<currency type="DJF">
				<displayName>Φράγκο Τζιμπουτί</displayName>
				<symbol>DF</symbol>
			</currency>
			<currency type="DKK">
				<displayName>Κορόνα Δανίας</displayName>
				<symbol>DKr</symbol>
			</currency>
			<currency type="DOP">
				<displayName>Πέσο Δομίνικου</displayName>
				<symbol>RD$</symbol>
			</currency>
			<currency type="DZD">
				<displayName>Δηνάριο Αλγερίας</displayName>
				<symbol>DA</symbol>
			</currency>
			<currency type="DZF">
				<displayName>Νέο Φράγκο Αλγερίας</displayName>
				<symbol>DZF</symbol>
			</currency>
			<currency type="DZG">
				<displayName>Germinal Φράγκο Αλγερίας</displayName>
				<symbol>DZG</symbol>
			</currency>
			<currency type="ECS">
				<displayName>Sucre Ισημερινού</displayName>
				<symbol>ECS</symbol>
			</currency>
			<currency type="ECV">
				<displayName>Unidad de Valor Constante (UVC) Ισημερινού</displayName>
				<symbol>ECV</symbol>
			</currency>
			<currency type="EEK">
				<displayName>Κορόνα Εσθονίας</displayName>
				<symbol>EEK</symbol>
			</currency>
			<currency type="EGP">
				<displayName>Λίρα Αιγύπτου</displayName>
				<symbol>EGP</symbol>
			</currency>
			<currency type="ERN">
				<displayName>Eritrean Nakfa</displayName>
				<symbol>ERN</symbol>
			</currency>
			<currency type="ESP">
				<displayName>Πεσέτα Ισπανίας</displayName>
				<symbol>ESP</symbol>
			</currency>
			<currency type="ETB">
				<displayName>Birr Αιθιοπίας</displayName>
				<symbol>Br</symbol>
			</currency>
			<currency type="ETD">
				<displayName>Δολάριο Αιθιοπίας</displayName>
				<symbol>ETD</symbol>
			</currency>
			<currency type="EUR">
				<displayName>Ευρώ</displayName>
				<symbol>€</symbol>
			</currency>
			<currency type="FIM">
				<displayName>Μάρκο Φινλανδίας</displayName>
				<symbol>FIM</symbol>
			</currency>
			<currency type="FIN">
				<displayName>Μάρκο Φινλανδίας (1860-1962)</displayName>
				<symbol>FIN</symbol>
			</currency>
			<currency type="FJD">
				<displayName>Δολάριο Φίτζι</displayName>
				<symbol>F$</symbol>
			</currency>
			<currency type="FJP">
				<displayName>Λίρα Φίτζι</displayName>
				<symbol>FJP</symbol>
			</currency>
			<currency type="FKP">
				<displayName>Λίρα Νησιών Φώλκλαντ</displayName>
				<symbol>FKP</symbol>
			</currency>
			<currency type="FOK">
				<displayName>Kronur Νήσων Faeroe</displayName>
				<symbol>FOK</symbol>
			</currency>
			<currency type="FRF">
				<displayName>Φράγκο Γαλλίας</displayName>
				<symbol>FRF</symbol>
			</currency>
			<currency type="FRG">
				<displayName>Φράγκο Germinal/Φράγκο Poincare Γαλλίας</displayName>
				<symbol>FRG</symbol>
			</currency>
			<currency type="GAF">
				<displayName>Φράγκο Γκαμπόν CFA</displayName>
				<symbol>GAF</symbol>
			</currency>
			<currency type="GBP">
				<displayName>Λίρα Στερλίνα Βρετανίας</displayName>
				<symbol>£</symbol>
			</currency>
			<currency type="GEK">
				<displayName>Kupon Larit Γεωργίας</displayName>
				<symbol>GEK</symbol>
			</currency>
			<currency type="GEL">
				<displayName>Lari Γεωργίας</displayName>
				<symbol>lari</symbol>
			</currency>
			<currency type="GHC">
				<displayName>Cedi Γκάνας</displayName>
				<symbol>GHC</symbol>
			</currency>
			<currency type="GHO">
				<displayName>Παλαιό Cedi Γκάνας</displayName>
				<symbol>GHO</symbol>
			</currency>
			<currency type="GHP">
				<displayName>Λίρα Γκάνας</displayName>
				<symbol>GHP</symbol>
			</currency>
			<currency type="GHR">
				<displayName>Ανατιμημένο Cedi Γκάνας</displayName>
				<symbol>GHR</symbol>
			</currency>
			<currency type="GIP">
				<displayName>Λίρα Γιβραλτάρ</displayName>
				<symbol>GIP</symbol>
			</currency>
			<currency type="GLK">
				<displayName>Κορόνα Γροιλανδίας</displayName>
				<symbol>GLK</symbol>
			</currency>
			<currency type="GMD">
				<displayName>Dalasi Γκάμπια</displayName>
				<symbol>GMD</symbol>
			</currency>
			<currency type="GMP">
				<displayName>Λίρα Γκάμπια</displayName>
				<symbol>GMP</symbol>
			</currency>
			<currency type="GNF">
				<displayName>Φράγκο Γουινέας</displayName>
				<symbol>GF</symbol>
			</currency>
			<currency type="GNI">
				<displayName>Φράγκο Γουινέας (1960-1972)</displayName>
				<symbol>GNI</symbol>
			</currency>
			<currency type="GNS">
				<displayName>Syli Γουινέας</displayName>
				<symbol>GNS</symbol>
			</currency>
			<currency type="GPF">
				<displayName>Φράγκο Γουαδελούπης</displayName>
				<symbol>GPF</symbol>
			</currency>
			<currency type="GQE">
				<displayName>Ekwele Guineana Ισημερινής Γουινέας</displayName>
				<symbol>GQE</symbol>
			</currency>
			<currency type="GQF">
				<displayName>Φράγκο Ισημερινής Γουινέας</displayName>
				<symbol>GQF</symbol>
			</currency>
			<currency type="GQP">
				<displayName>Πεσέτα Guineana Ισημερινής Γουινέας</displayName>
				<symbol>GQP</symbol>
			</currency>
			<currency type="GRD">
				<displayName>Δρχ</displayName>
				<symbol>Δρχ</symbol>
			</currency>
			<currency alt="proposed" draft="true" type="GRD">
				<displayName>Δραχμή Ελλάδας</displayName>
				<symbol>GRD</symbol>
			</currency>
			<currency type="GRN">
				<displayName>Νέα Δραχμή Ελλάδας</displayName>
				<symbol>GRN</symbol>
			</currency>
			<currency type="GTQ">
				<displayName>Quetzal Γουατεμάλα</displayName>
				<symbol>Q</symbol>
			</currency>
			<currency type="GUF">
				<displayName>Φράγκο Guiana Γαλλικής Γουιάνας</displayName>
				<symbol>GUF</symbol>
			</currency>
			<currency type="GWE">
				<displayName>Γκινέα Εσκούδο Πορτογαλίας</displayName>
				<symbol>GWE</symbol>
			</currency>
			<currency type="GWM">
				<displayName>Γκινέα Mil Reis Πορτογαλίας</displayName>
				<symbol>GWM</symbol>
			</currency>
			<currency type="GWP">
				<displayName>Πέσο Guinea-Bissau</displayName>
				<symbol>GWP</symbol>
			</currency>
			<currency type="GYD">
				<displayName>Δολάριο Γουιάνας</displayName>
				<symbol>G$</symbol>
			</currency>
			<currency type="HKD">
				<displayName>Δολάριο Χονγκ Κονγκ</displayName>
				<symbol>HK$</symbol>
			</currency>
			<currency type="HRD">
				<displayName>Δηνάριο Κροατίας</displayName>
				<symbol>HRD</symbol>
			</currency>
			<currency type="HRK">
				<displayName>Kuna Δηνάριο</displayName>
				<symbol>HRK</symbol>
			</currency>
			<currency type="HTG">
				<displayName>Gourde Αϊτής</displayName>
				<symbol>HTG</symbol>
			</currency>
			<currency type="HUF">
				<displayName>Φιορίνι Ουγγαρίας</displayName>
				<symbol>Ft</symbol>
			</currency>
			<currency type="IBP">
				<displayName>Λίρα Βόρειας Ιρλανδίας</displayName>
				<symbol>IBP</symbol>
			</currency>
			<currency type="IDG">
				<displayName>Γκίλντα Nica Ινδονησίας</displayName>
				<symbol>IDG</symbol>
			</currency>
			<currency type="IDJ">
				<displayName>Ρούπια Ιάβας Ινδονησίας</displayName>
				<symbol>IDJ</symbol>
			</currency>
			<currency type="IDN">
				<displayName>Νέα Ρούπια Ινδονησίας</displayName>
				<symbol>IDN</symbol>
			</currency>
			<currency type="IDR">
				<displayName>Ρούπια Ινδονησίας</displayName>
				<symbol>Rp</symbol>
			</currency>
			<currency type="IEP">
				<displayName>Λίρα Ιρλανδίας</displayName>
				<symbol>IR£</symbol>
			</currency>
			<currency type="ILL">
				<displayName>Sheqel Ισραήλ</displayName>
				<symbol>ILL</symbol>
			</currency>
			<currency type="ILP">
				<displayName>Λίρα Ισραήλ</displayName>
				<symbol>ILP</symbol>
			</currency>
			<currency type="ILS">
				<displayName>Νέο Sheqel Ισραήλ</displayName>
				<symbol>ILS</symbol>
			</currency>
			<currency type="IMP">
				<displayName>Λίρα Στερλίνα Νήσου Man</displayName>
				<symbol>IMP</symbol>
			</currency>
			<currency type="INR">
				<displayName>Ρούπια Ινδίας</displayName>
				<symbol>INR</symbol>
			</currency>
			<currency type="IQD">
				<displayName>Δηνάριο Ιράκ</displayName>
				<symbol>ID</symbol>
			</currency>
			<currency type="IRR">
				<displayName>Rial Ιράκ</displayName>
				<symbol>RI</symbol>
			</currency>
			<currency type="ISK">
				<displayName>Κορόνα Ισλανδίας</displayName>
				<symbol>ISK</symbol>
			</currency>
			<currency type="ITL">
				<displayName>Λιρέτα Ιταλίας</displayName>
			</currency>
			<currency type="JEP">
				<displayName>Λίρα Στερλίνα Υερσέης</displayName>
				<symbol>JEP</symbol>
			</currency>
			<currency type="JMD">
				<displayName>Δολάριο Τζαμάικας</displayName>
				<symbol>J$</symbol>
			</currency>
			<currency type="JMP">
				<displayName>Λίρα Τζαμάικας</displayName>
				<symbol>JMP</symbol>
			</currency>
			<currency type="JOD">
				<displayName>Δηνάριο Ιορδανίας</displayName>
				<symbol>JD</symbol>
			</currency>
			<currency type="JPY">
				<displayName>Γιεν Ιαπωνίας</displayName>
				<symbol>¥</symbol>
			</currency>
			<currency type="KES">
				<displayName>Σελίνι Κένυας</displayName>
				<symbol>K Sh</symbol>
			</currency>
			<currency type="KHO">
				<displayName>Παλαιό Riel Καμπότζης</displayName>
				<symbol>KHO</symbol>
			</currency>
			<currency type="KHR">
				<displayName>Riel Καμπότζης</displayName>
				<symbol>CR</symbol>
			</currency>
			<currency type="KID">
				<displayName>Δολάριο Kiribati</displayName>
				<symbol>KID</symbol>
			</currency>
			<currency type="KMF">
				<displayName>Φράγκο Comoro</displayName>
				<symbol>CF</symbol>
			</currency>
			<currency type="KPP">
				<displayName>Won Δημοκρατίας Βόρειας Κορέας</displayName>
				<symbol>KPP</symbol>
			</currency>
			<currency type="KPW">
				<displayName>Won Βόρειας Κορέας</displayName>
				<symbol>KPW</symbol>
			</currency>
			<currency type="KRH">
				<displayName>Hwan Νότιας Κορέας</displayName>
				<symbol>KRH</symbol>
			</currency>
			<currency type="KRO">
				<displayName>Παλαιό Won Νότιας Κορέας</displayName>
				<symbol>KRO</symbol>
			</currency>
			<currency type="KRW">
				<displayName>Won Νότιας Κορέας</displayName>
				<symbol>KRW</symbol>
			</currency>
			<currency type="KWD">
				<displayName>Δηνάριο Κουβέιτ</displayName>
				<symbol>KD</symbol>
			</currency>
			<currency type="KYD">
				<displayName>Δολάριο Νήσων Κάιμαν</displayName>
				<symbol>KYD</symbol>
			</currency>
			<currency type="KZR">
				<displayName>Ρούβλι Καζακστάν</displayName>
				<symbol>KZR</symbol>
			</currency>
			<currency type="KZT">
				<displayName>Tenge Καζακστάν</displayName>
				<symbol>T</symbol>
			</currency>
			<currency type="LAK">
				<displayName>Kip Λάος</displayName>
				<symbol>LAK</symbol>
			</currency>
			<currency type="LBP">
				<displayName>Λίρα Λιβάνου</displayName>
				<symbol>LL</symbol>
			</currency>
			<currency type="LIF">
				<displayName>Φράγκο Λιχτενστάιν</displayName>
				<symbol>LIF</symbol>
			</currency>
			<currency type="LKR">
				<displayName>Ρούπια Σρι Λάνκα</displayName>
				<symbol>SL Re</symbol>
			</currency>
			<currency type="LNR">
				<displayName>Ρούπια Ceylon</displayName>
				<symbol>LNR</symbol>
			</currency>
			<currency type="LRD">
				<displayName>Δολάριο Λιβερίας</displayName>
				<symbol>LRD</symbol>
			</currency>
			<currency type="LTL">
				<displayName>Lita Λιθουανίας</displayName>
				<symbol>LTL</symbol>
			</currency>
			<currency type="LTT">
				<displayName>Talonas Λιθουανίας</displayName>
				<symbol>LTT</symbol>
			</currency>
			<currency type="LUF">
				<displayName>Φράγκο Λουξεμβούργου</displayName>
				<symbol>LUF</symbol>
			</currency>
			<currency type="LVL">
				<displayName>Lats Λετονίας</displayName>
				<symbol>LVL</symbol>
			</currency>
			<currency type="LVR">
				<displayName>Ρούβλι Λετονίας</displayName>
				<symbol>LVR</symbol>
			</currency>
			<currency type="LYB">
				<displayName>Λίρα Βρετανικής Στρατιωτικής Εξουσίας Λιβύης</displayName>
				<symbol>LYB</symbol>
			</currency>
			<currency type="LYD">
				<displayName>Δηνάριο Λιβύης</displayName>
				<symbol>LD</symbol>
			</currency>
			<currency type="LYP">
				<displayName>Λίρα Λιβύης</displayName>
				<symbol>LYP</symbol>
			</currency>
			<currency type="MAD">
				<displayName>Ντιράμ Μαρόκου</displayName>
				<symbol>MAD</symbol>
			</currency>
			<currency type="MAF">
				<displayName>Φράγκο Μαρόκου</displayName>
				<symbol>MAF</symbol>
			</currency>
			<currency type="MCF">
				<displayName>Νέο Φράγκο Μονακό</displayName>
				<symbol>MCF</symbol>
			</currency>
			<currency type="MCG">
				<displayName>Φράγκο Germinal Μονακό</displayName>
				<symbol>MCG</symbol>
			</currency>
			<currency type="MDC">
				<displayName>Λέι Cupon Μολδαβίας</displayName>
				<symbol>MDC</symbol>
			</currency>
			<currency type="MDL">
				<displayName>Λέι Μολδαβίας</displayName>
				<symbol>MDL</symbol>
			</currency>
			<currency type="MDR">
				<displayName>Ρούβλι Cupon Μολδαβίας</displayName>
				<symbol>MDR</symbol>
			</currency>
			<currency type="MGA">
				<displayName>Ariary Μαδαγασκάρης</displayName>
				<symbol>MGA</symbol>
			</currency>
			<currency type="MGF">
				<displayName>Φράγκο Μαδαγασκάρης</displayName>
				<symbol>MGF</symbol>
			</currency>
			<currency type="MHD">
				<displayName>Δολάριο Νήσων Marshall</displayName>
				<symbol>MHD</symbol>
			</currency>
			<currency type="MKD">
				<displayName>Δηνάριο Π.Γ.Δ.Μ.</displayName>
				<symbol>MDen</symbol>
			</currency>
			<currency type="MKN">
				<displayName>Δηνάριο Π.Γ.Δ.Μ. (1992-1993)</displayName>
				<symbol>MKN</symbol>
			</currency>
			<currency type="MLF">
				<displayName>Φράγκο Μαλί</displayName>
				<symbol>MLF</symbol>
			</currency>
			<currency type="MMK">
				<displayName>Kyat Μιανμάρ</displayName>
				<symbol>MMK</symbol>
			</currency>
			<currency type="MMX">
				<displayName>Πιστοποιητικά Ξένου Συναλλάγματος σε Δολάρια, Μιανμάρ</displayName>
				<symbol>MMX</symbol>
			</currency>
			<currency type="MNT">
				<displayName>Tugrik Μογγολίας</displayName>
				<symbol>Tug</symbol>
			</currency>
			<currency type="MOP">
				<displayName>Pataca Μακάο</displayName>
				<symbol>MOP</symbol>
			</currency>
			<currency type="MQF">
				<displayName>Φράγκο Μαρτινίκας</displayName>
				<symbol>MQF</symbol>
			</currency>
			<currency type="MRO">
				<displayName>Ouguiya Μαυριτανίας</displayName>
				<symbol>UM</symbol>
			</currency>
			<currency type="MTL">
				<displayName>Λιρέτα Μάλτας</displayName>
				<symbol>Lm</symbol>
			</currency>
			<currency type="MTP">
				<displayName>Λίρα Μάλτας</displayName>
				<symbol>MTP</symbol>
			</currency>
			<currency type="MUR">
				<displayName>Ρούπια Μαυρικίου</displayName>
				<symbol>MUR</symbol>
			</currency>
			<currency type="MVP">
				<displayName>Ρούπια Νήσων Μαλδίβων</displayName>
				<symbol>MVP</symbol>
			</currency>
			<currency type="MVR">
				<displayName>Rufiyaa Νήσων Μαλδίβων</displayName>
				<symbol>MVR</symbol>
			</currency>
			<currency type="MWK">
				<displayName>Kwacha Μαλάουι</displayName>
				<symbol>MK</symbol>
			</currency>
			<currency type="MWP">
				<displayName>Λίρα Μαλάουι</displayName>
				<symbol>MWP</symbol>
			</currency>
			<currency type="MXN">
				<displayName>Πέσο Μεξικού</displayName>
				<symbol>MEX$</symbol>
			</currency>
			<currency type="MXP">
				<displayName>Ασημένιο Πέσο Μεξικού (1861-1992)</displayName>
				<symbol>MXP</symbol>
			</currency>
			<currency type="MXV">
				<displayName>Unidad de Inversion (UDI) Μεξικού</displayName>
				<symbol>MXV</symbol>
			</currency>
			<currency type="MYR">
				<displayName>Ringgit Μαλαισίας</displayName>
				<symbol>RM</symbol>
			</currency>
			<currency type="MZE">
				<displayName>Εσκούδο Μοζαμβίκης</displayName>
				<symbol>MZE</symbol>
			</currency>
			<currency type="MZM">
				<displayName>Metical Μοζαμβίκης</displayName>
				<symbol>Mt</symbol>
			</currency>
			<currency type="NAD">
				<displayName>Δολάριο Ναμίμπια</displayName>
				<symbol>N$</symbol>
			</currency>
			<currency type="NCF">
				<displayName>Φράγκο Germinal Νέας Καληδονίας</displayName>
				<symbol>NCF</symbol>
			</currency>
			<currency type="NGN">
				<displayName>Naira Νιγηρίας</displayName>
				<symbol>NGN</symbol>
			</currency>
			<currency type="NGP">
				<displayName>Λίρα Νιγηρίας</displayName>
				<symbol>NGP</symbol>
			</currency>
			<currency type="NHF">
				<displayName>Φράγκο Νέων Εβρίδων CFP</displayName>
				<symbol>NHF</symbol>
			</currency>
			<currency type="NIC">
				<displayName>Κόρδοβα Νικαράγουας</displayName>
				<symbol>NIC</symbol>
			</currency>
			<currency type="NIG">
				<displayName>Χρυσή Κόρδοβα Νικαράγουας</displayName>
				<symbol>NIG</symbol>
			</currency>
			<currency type="NIO">
				<displayName>Χρυσή Κόρδοβα Νικαράγουας</displayName>
				<symbol>NIO</symbol>
			</currency>
			<currency type="NLG">
				<displayName>Γκίλντα Ολλανδίας</displayName>
				<symbol>NLG</symbol>
			</currency>
			<currency type="NOK">
				<displayName>Κορόνα Νορβηγίας</displayName>
				<symbol>NKr</symbol>
			</currency>
			<currency type="NPR">
				<displayName>Ρούπια Νεπάλ</displayName>
				<symbol>Nrs</symbol>
			</currency>
			<currency type="NZD">
				<displayName>Δολάριο Νέας Ζηλανδίας</displayName>
				<symbol>$NZ</symbol>
			</currency>
			<currency type="NZP">
				<displayName>Λίρα Νέας Ζηλανδίας</displayName>
				<symbol>NZP</symbol>
			</currency>
			<currency type="OMR">
				<displayName>Rial Ομάν</displayName>
				<symbol>RO</symbol>
			</currency>
			<currency type="OMS">
				<displayName>Rial Saidi Ομάν</displayName>
				<symbol>OMS</symbol>
			</currency>
			<currency type="PAB">
				<displayName>Μπαλμπόα Παναμά</displayName>
				<symbol>PAB</symbol>
			</currency>
			<currency type="PEI">
				<displayName>Inti Περού</displayName>
				<symbol>PEI</symbol>
			</currency>
			<currency type="PEN">
				<displayName>Sol Nuevo Περού</displayName>
				<symbol>PEN</symbol>
			</currency>
			<currency type="PES">
				<displayName>Sol Περού</displayName>
				<symbol>PES</symbol>
			</currency>
			<currency type="PGK">
				<displayName>Kina Παπούα Νέα Γουινέα</displayName>
				<symbol>PGK</symbol>
			</currency>
			<currency type="PHP">
				<displayName>Πέσο Φιλιππίνων</displayName>
				<symbol>PHP</symbol>
			</currency>
			<currency type="PKR">
				<displayName>Ρούπια Πακιστάν</displayName>
				<symbol>Pra</symbol>
			</currency>
			<currency type="PLN">
				<displayName>Ζλότυ Πολωνίας</displayName>
				<symbol>Zl</symbol>
			</currency>
			<currency type="PLX">
				<displayName>Πιστοποιητικά Ξένου Συναλλάγματος σε Δολάρια, Πολωνίας</displayName>
				<symbol>PLX</symbol>
			</currency>
			<currency type="PLZ">
				<displayName>Ζλότυ Πολωνίας (1950-1995)</displayName>
				<symbol>PLZ</symbol>
			</currency>
			<currency type="PSP">
				<displayName>Λίρα Παλαιστίνης</displayName>
				<symbol>PSP</symbol>
			</currency>
			<currency type="PTC">
				<displayName>Conto Πορτογαλίας</displayName>
				<symbol>PTC</symbol>
			</currency>
			<currency type="PTE">
				<displayName>Εσκούδο Πορτογαλίας</displayName>
				<symbol>PTE</symbol>
			</currency>
			<currency type="PYG">
				<displayName>Γκουαρανί Παραγουάης</displayName>
				<symbol>PYG</symbol>
			</currency>
			<currency type="QAR">
				<displayName>Rial Κατάρ</displayName>
				<symbol>QR</symbol>
			</currency>
			<currency type="REF">
				<displayName>Φράγκο Reunion</displayName>
				<symbol>REF</symbol>
			</currency>
			<currency type="ROL">
				<displayName>Λέι Ρουμανίας</displayName>
				<symbol>leu</symbol>
			</currency>
			<currency type="RON">
				<displayName>Νέο Λέι Ρουμανίας</displayName>
				<symbol>RON</symbol>
			</currency>
			<currency type="RUB">
				<displayName>Ρούβλι Ρωσίας</displayName>
				<symbol>RUB</symbol>
			</currency>
			<currency type="RUR">
				<displayName>Ρούβλι Ρωσίας (1991-1998)</displayName>
				<symbol>RUR</symbol>
			</currency>
			<currency type="RWF">
				<displayName>Φράγκο Ρουάντας</displayName>
				<symbol>RWF</symbol>
			</currency>
			<currency type="SBD">
				<displayName>Δολάριο Νήσων Σολομώντος</displayName>
				<symbol>SI$</symbol>
			</currency>
			<currency type="SCR">
				<displayName>Ρούπια Σεϋχέλες</displayName>
				<symbol>SR</symbol>
			</currency>
			<currency type="SDD">
				<displayName>Δηνάριο Σουδάν</displayName>
				<symbol>SDD</symbol>
			</currency>
			<currency type="SDP">
				<displayName>Λίρα Σουδάν</displayName>
				<symbol>SDP</symbol>
			</currency>
			<currency type="SEK">
				<displayName>Κορόνα Σουηδίας</displayName>
				<symbol>SKr</symbol>
			</currency>
			<currency type="SGD">
				<displayName>Δολάριο Σιγκαπούρης</displayName>
				<symbol>S$</symbol>
			</currency>
			<currency type="SHP">
				<displayName>Λίρα Αγίας Ελένης</displayName>
				<symbol>SHP</symbol>
			</currency>
			<currency type="SIB">
				<displayName>Tolar Bons Σλοβενίας</displayName>
				<symbol>SIB</symbol>
			</currency>
			<currency type="SIT">
				<displayName>Tolar Σλοβενίας</displayName>
				<symbol>SIT</symbol>
			</currency>
			<currency type="SKK">
				<displayName>Κορόνα Σλοβενίας</displayName>
				<symbol>Sk</symbol>
			</currency>
			<currency type="SLL">
				<displayName>Leone Σιέρα Λεόνε</displayName>
				<symbol>SLL</symbol>
			</currency>
			<currency type="SML">
				<displayName>Λιρέτα Αγίου Μαρίνου</displayName>
				<symbol>SML</symbol>
			</currency>
			<currency type="SOS">
				<displayName>Σελίνι Σομαλίας</displayName>
				<symbol>So. Sh.</symbol>
			</currency>
			<currency type="SQS">
				<displayName>Σελίνι Σομαλίας</displayName>
				<symbol>SQS</symbol>
			</currency>
			<currency type="SRG">
				<displayName>Γκίλντα Σουρινάμ</displayName>
				<symbol>Sf</symbol>
			</currency>
			<currency type="SSP">
				<displayName>Λίρα Σκωτίας</displayName>
				<symbol>SSP</symbol>
			</currency>
			<currency type="SUN">
				<displayName>Νέο Σοβιετικό Ρούβλι</displayName>
				<symbol>SUN</symbol>
			</currency>
			<currency type="SUR">
				<displayName>Σοβιετικό Ρούβλι</displayName>
				<symbol>SUR</symbol>
			</currency>
			<currency type="SVC">
				<displayName>Colon Ελ Σαλβαδόρ</displayName>
				<symbol>SVC</symbol>
			</currency>
			<currency type="SYP">
				<displayName>Λίρα Συρίας</displayName>
				<symbol>LS</symbol>
			</currency>
			<currency type="SZL">
				<displayName>Lilangeni Ζουαζιλάνδη</displayName>
				<symbol>E</symbol>
			</currency>
			<currency type="TCC">
				<displayName>Κορόνα Νήσων Τερκς και Κάικος</displayName>
				<symbol>TCC</symbol>
			</currency>
			<currency type="TDF">
				<displayName>Φράγκο Τσαντ CFA</displayName>
				<symbol>TDF</symbol>
			</currency>
			<currency type="THB">
				<displayName>Μπατ Ταϊλάνδης</displayName>
				<symbol>THB</symbol>
			</currency>
			<currency type="TJR">
				<displayName>Ρούβλι Τατζικιστάν</displayName>
				<symbol>TJR</symbol>
			</currency>
			<currency type="TJS">
				<displayName>Somoni Τατζικιστάν</displayName>
				<symbol>TJS</symbol>
			</currency>
			<currency type="TMM">
				<displayName>Μανάτ Τουρκμενιστάν</displayName>
				<symbol>TMM</symbol>
			</currency>
			<currency type="TND">
				<displayName>Δηνάριο Τυνησίας</displayName>
				<symbol>TND</symbol>
			</currency>
			<currency type="TOS">
				<displayName>Λίρα Στερλίνα Τόνγκα</displayName>
				<symbol>TOS</symbol>
			</currency>
			<currency type="TPE">
				<displayName>Εσκούδο Τιμόρ</displayName>
				<symbol>TPE</symbol>
			</currency>
			<currency type="TPP">
				<displayName>Pataca Τιμόρ</displayName>
				<symbol>TPP</symbol>
			</currency>
			<currency type="TRL">
				<displayName>Λίρα Τουρκίας</displayName>
				<symbol>TL</symbol>
			</currency>
			<currency type="TTD">
				<displayName>Δολάριο Τρινιδάδ και Τομπάγκο</displayName>
				<symbol>TT$</symbol>
			</currency>
			<currency type="TTO">
				<displayName>Παλαιό Δολάριο Τρινιδάδ και Τομπάγκο</displayName>
				<symbol>TTO</symbol>
			</currency>
			<currency type="TVD">
				<displayName>Tuvalu Δολάριο</displayName>
				<symbol>TVD</symbol>
			</currency>
			<currency type="TWD">
				<displayName>Νέο Δολάριο Ταϊβάν</displayName>
				<symbol>NT$</symbol>
			</currency>
			<currency type="TZS">
				<displayName>Σελίνι Τανζανίας</displayName>
				<symbol>T Sh</symbol>
			</currency>
			<currency type="UAH">
				<displayName>Hryvnia Ουκρανίας</displayName>
				<symbol>UAH</symbol>
			</currency>
			<currency type="UAK">
				<displayName>Karbovanetz Ουκρανίας</displayName>
				<symbol>UAK</symbol>
			</currency>
			<currency type="UGS">
				<displayName>Σελίνι Ουγκάντας (1966-1987)</displayName>
				<symbol>UGS</symbol>
			</currency>
			<currency type="UGX">
				<displayName>Σελίνι Ουγκάντας</displayName>
				<symbol>U Sh</symbol>
			</currency>
			<currency type="USD">
				<displayName>Δολάριο ΗΠΑ</displayName>
				<symbol>US$</symbol>
			</currency>
			<currency type="USN">
				<displayName>Δολάριο ΗΠΑ (Επόμενη Ημέρα)</displayName>
				<symbol>USN</symbol>
			</currency>
			<currency type="USS">
				<displayName>Δολάριο ΗΠΑ (Ίδια Ημέρα)</displayName>
				<symbol>USS</symbol>
			</currency>
			<currency type="UYF">
				<displayName>Μεταλλικό Πέσο Ουρουγουάης</displayName>
				<symbol>UYF</symbol>
			</currency>
			<currency type="UYP">
				<displayName>Πέσο Ουρουγουάης (1975-1993)</displayName>
				<symbol>UYP</symbol>
			</currency>
			<currency type="UYU">
				<displayName>Πέσο Uruguayo Ουρουγουάης</displayName>
				<symbol>Ur$</symbol>
			</currency>
			<currency type="UZC">
				<displayName>Coupon Som Ουζμπεκιστάν</displayName>
				<symbol>UZC</symbol>
			</currency>
			<currency type="UZS">
				<displayName>Sum Ουζμπεκιστάν</displayName>
				<symbol>UZS</symbol>
			</currency>
			<currency type="VAL">
				<displayName>Λιρέτα Βατικανού</displayName>
				<symbol>VAL</symbol>
			</currency>
			<currency type="VDD">
				<displayName>Piastre Dong Viet Βορείου Βιετνάμ</displayName>
				<symbol>VDD</symbol>
			</currency>
			<currency type="VDN">
				<displayName>Νέο Dong Βορείου Βιετνάμ</displayName>
				<symbol>VDN</symbol>
			</currency>
			<currency type="VDP">
				<displayName>Viet Minh Piastre Dong Viet Βορείου Βιετνάμ</displayName>
				<symbol>VDP</symbol>
			</currency>
			<currency type="VEB">
				<displayName>Μπολιβάλ Βενεζουέλας</displayName>
				<symbol>Be</symbol>
			</currency>
			<currency type="VGD">
				<displayName>Δολάριο Βρετανικών Παρθένων Νήσων</displayName>
				<symbol>VGD</symbol>
			</currency>
			<currency type="VND">
				<displayName>Dong Βιετνάμ</displayName>
				<symbol>VND</symbol>
			</currency>
			<currency type="VNN">
				<displayName>Νέο Dong Βιετνάμ</displayName>
				<symbol>VNN</symbol>
			</currency>
			<currency type="VNR">
				<displayName>Dong Δημοκρατίας Βιετνάμ</displayName>
				<symbol>VNR</symbol>
			</currency>
			<currency type="VNS">
				<displayName>Εθνικό Dong Βιετνάμ</displayName>
				<symbol>VNS</symbol>
			</currency>
			<currency type="WSP">
				<displayName>Λίρα Δυτικής Σαμόα</displayName>
				<symbol>WSP</symbol>
			</currency>
			<currency type="WST">
				<displayName>Tala Δυτικής Σαμόα</displayName>
				<symbol>WST</symbol>
			</currency>
			<currency type="XAD">
				<displayName>Μονάδα Λογαριασμού Ασιατικού Δηναρίου</displayName>
				<symbol>XAD</symbol>
			</currency>
			<currency type="XAF">
				<displayName>Φράγκο BEAC CFA</displayName>
				<symbol>XAF</symbol>
			</currency>
			<currency type="XAM">
				<displayName>Ασιατική Νομισματική Μονάδα</displayName>
				<symbol>XAM</symbol>
			</currency>
			<currency type="XAU">
				<displayName>Χρυσός</displayName>
				<symbol>XAU</symbol>
			</currency>
			<currency type="XBA">
				<displayName>Ευρωπαϊκή Σύνθετη Μονάδα</displayName>
				<symbol>XBA</symbol>
			</currency>
			<currency type="XBB">
				<displayName>Ευρωπαϊκή Νομισματική Μονάδα</displayName>
				<symbol>XBB</symbol>
			</currency>
			<currency type="XBC">
				<displayName>Ευρωπαϊκή Μονάδα Λογαριασμού (XBC)</displayName>
				<symbol>XBC</symbol>
			</currency>
			<currency type="XBD">
				<displayName>Ευρωπαϊκή Μονάδα Λογαριασμού (XBD)</displayName>
				<symbol>XBD</symbol>
			</currency>
			<currency type="XCD">
				<displayName>Δολάριο Ανατολικής Καραϊβικής</displayName>
				<symbol>EC$</symbol>
			</currency>
			<currency type="XCF">
				<displayName>Νέο Φράγκο CFA</displayName>
				<symbol>XCF</symbol>
			</currency>
			<currency type="XDR">
				<displayName>Ειδικά Δικαιώματα Ανάληψης</displayName>
				<symbol>XDR</symbol>
			</currency>
			<currency type="XEF">
				<displayName>Φράγκο BCEAEC CFA</displayName>
				<symbol>XEF</symbol>
			</currency>
			<currency type="XEU">
				<displayName>Ευρωπαϊκή Συναλλαγματική Μονάδα</displayName>
				<symbol>XEU</symbol>
			</currency>
			<currency type="XFO">
				<displayName>Χρυσό Φράγκο Γαλλίας</displayName>
				<symbol>XFO</symbol>
			</currency>
			<currency type="XFU">
				<displayName>UIC-Φράγκο Γαλλίας</displayName>
				<symbol>XFU</symbol>
			</currency>
			<currency type="XID">
				<displayName>Ισλαμικό Δηνάριο</displayName>
				<symbol>XID</symbol>
			</currency>
			<currency type="XMF">
				<displayName>Νέο Μητροπολιτικό Φράγκο Γαλλίας</displayName>
				<symbol>XMF</symbol>
			</currency>
			<currency type="XNF">
				<displayName>Φράγκο Γαλλικών Αντιλλών CFA</displayName>
				<symbol>XNF</symbol>
			</currency>
			<currency type="XOF">
				<displayName>Φράγκο BCEAO CFA</displayName>
				<symbol>XOF</symbol>
			</currency>
			<currency type="XPF">
				<displayName>Φράγκο CFP</displayName>
				<symbol>CFPF</symbol>
			</currency>
			<currency type="XTR">
				<displayName>Μεταβιβάσιμο Ρούβλι COMECON</displayName>
				<symbol>XTR</symbol>
			</currency>
			<currency type="YDD">
				<displayName>Δηνάριο Υεμένης</displayName>
				<symbol>YDD</symbol>
			</currency>
			<currency type="YEI">
				<displayName>Imadi Riyal Υεμένης</displayName>
				<symbol>YEI</symbol>
			</currency>
			<currency type="YER">
				<displayName>Rial Υεμένης</displayName>
				<symbol>YRl</symbol>
			</currency>
			<currency type="YUD">
				<displayName>Μεταλλικό Δηνάριο Γιουγκοσλαβίας</displayName>
				<symbol>YUD</symbol>
			</currency>
			<currency type="YUF">
				<displayName>Δηνάριο Γιουγκοσλαβικής Ομοσπονδίας</displayName>
				<symbol>YUF</symbol>
			</currency>
			<currency type="YUG">
				<displayName>Δηνάριο Γιουγκοσλαβίας</displayName>
				<symbol>YUG</symbol>
			</currency>
			<currency type="YUM">
				<displayName>Νέο Δηνάριο Γιουγκοσλαβίας</displayName>
				<symbol>YUM</symbol>
			</currency>
			<currency type="YUN">
				<displayName>Μετατρέψιμο Δηνάριο Γιουγκοσλαβίας</displayName>
				<symbol>YUN</symbol>
			</currency>
			<currency type="YUO">
				<displayName>Οκτωβριανό Δηνάριο Γιουγκοσλαβίας</displayName>
				<symbol>YUO</symbol>
			</currency>
			<currency type="YUR">
				<displayName>Ανανεωμένο Δηνάριο Γιουγκοσλαβίας</displayName>
				<symbol>YUR</symbol>
			</currency>
			<currency type="ZAL">
				<displayName>Ραντ Νότιας Αφρικής (οικονομικό)</displayName>
				<symbol>ZAL</symbol>
			</currency>
			<currency type="ZAP">
				<displayName>Λίρα Νότιας Αφρικής</displayName>
				<symbol>ZAP</symbol>
			</currency>
			<currency type="ZAR">
				<displayName>Ραντ Νότιας Αφρικής</displayName>
				<symbol>R</symbol>
			</currency>
			<currency type="ZMK">
				<displayName>Kwacha Ζάμπιας</displayName>
				<symbol>ZMK</symbol>
			</currency>
			<currency type="ZMP">
				<displayName>Λίρα Ζάμπιας</displayName>
				<symbol>ZMP</symbol>
			</currency>
			<currency type="ZRN">
				<displayName>Νέο Zaire Ζαΐρ</displayName>
				<symbol>ZRN</symbol>
			</currency>
			<currency type="ZRZ">
				<displayName>Zaire Ζαΐρ</displayName>
				<symbol>ZRZ</symbol>
			</currency>
			<currency type="ZWD">
				<displayName>Δολάριο Ζιμπάμπουε</displayName>
				<symbol>Z$</symbol>
			</currency>
		</currencies>
	</numbers>
	<posix>
		<messages>
			<yesstr>Ναι</yesstr>
			<nostr>Όχι</nostr>
			<yesexpr>Ν</yesexpr>
			<noexpr>Ο</noexpr>
		</messages>
	</posix>
</ldml>
<!-- Old Comments. See root.xml for more info.
URL: http://oss.software.ibm.com/cvs/icu/icu/source/data/locales/el.txt?only_with_tag=final-update-LDML

AS { "\u0391\u03c3\u03af\u03b1 (\u0391\u03b3\u03b3\u03bb\u03b9\u03ba\u03ac)" } // Old Value
AU { "\u0391\u03c5\u03c3\u03c4\u03c1\u03b1\u03bb\u03af\u03b1 (\u0391\u03b3\u03b3\u03bb\u03b9\u03ba\u03ac)" } // Old Value
CN { "\u039a\u03af\u03bd\u03b1 (\u039b.\u0394.\u039a.)" } // Old Value
CZ { "\u03A4\u03C3\u03B5\u03C7\u03B9\u03BA\u03AE \u0394\u03B7\u03BC\u03BF\u03BA\u03C1\u03B1\u03C4\u03AF\u03B1" } // From translation center
        FK { "\u039D\u03AE\u03C3\u03BF\u03B9 \u03A6\u03CE\u03BA\u03BB\u03B1\u03BD\u03C4" } // Is this okay?
        HK { "\u03A7\u03BF\u03BD\u03B3\u03BA \u039A\u03BF\u03BD\u03B3\u03BA, \u0395\u03B9\u03B4\u03B9\u03BA\u03AE \u0394\u03B9\u03BF\u03B9\u03BA\u03B7\u03C4\u03B9\u03BA\u03AE \u03A0\u03B5\u03C1\u03B9\u03C6\u03AD\u03C1\u03B5\u03B9\u03B1 \u03C4\u03B7\u03C2 \u039A\u03AF\u03BD\u03B1\u03C2" } // Is this okay?
        KP { "\u039A\u03BF\u03C1\u03AD\u03B1, \u0392\u03CC\u03C1\u03B5\u03B9\u03B1" }    // alternate name { "\u039A\u03BF\u03C1\u03AD\u03B1, \u039B\u03B1\u03CA\u03BA\u03AE \u0394\u03B7\u03BC\u03BF\u03BA\u03C1\u03B1\u03C4\u03AF\u03B1 \u03C4\u03B7\u03C2" }
        KR { "\u039A\u03BF\u03C1\u03AD\u03B1, \u039D\u03CC\u03C4\u03B9\u03B1" }    // alternate name { "\u039A\u03BF\u03C1\u03AD\u03B1, \u0394\u03B7\u03BC\u03BF\u03BA\u03C1\u03B1\u03C4\u03AF\u03B1 \u03C4\u03B7\u03C2" }
LA { "\u039B\u03AC\u03BF\u03C2, \u039B\u03B1\u03CA\u03BA\u03AE \u0394\u03B7\u03BC\u03BF\u03BA\u03C1\u03B1\u03C4\u03AF\u03B1 \u03C4\u03BF\u03C5" } // From translation center
        MO { "\u039C\u03B1\u03BA\u03AC\u03BF, \u0395\u03B9\u03B4\u03B9\u03BA\u03AE \u0394\u03B9\u03BF\u03B9\u03BA\u03B7\u03C4\u03B9\u03BA\u03AE \u03A0\u03B5\u03C1\u03B9\u03C6\u03AD\u03C1\u03B5\u03B9\u03B1 \u03C4\u03B7\u03C2 \u039A\u03AF\u03BD\u03B1\u03C2" } // Is this okay?
        PS { "\u03A0\u03B1\u03BB\u03B1\u03B9\u03C3\u03C4\u03B9\u03BD\u03B9\u03B1\u03BA\u03AC \u0395\u03B4\u03AC\u03C6\u03B7" } // Is this okay?
RU { "\u03A1\u03C9\u03C3\u03B9\u03BA\u03AE \u039F\u03BC\u03BF\u03C3\u03C0\u03BF\u03BD\u03B4\u03AF\u03B1" } // From translation center
        SY { "\u03A3\u03C5\u03C1\u03AF\u03B1, \u0391\u03C1\u03B1\u03B2\u03B9\u03BA\u03AE \u0394\u03B7\u03BC\u03BF\u03BA\u03C1\u03B1\u03C4\u03AF\u03B1 \u03C4\u03B7\u03C2" }    // alternate name { "\u03A3\u03C5\u03C1\u03AF\u03B1" }
TW { "\u03A4\u03B1\u03CA\u03B2\u03AC\u03BD" } // From translation center
        TZ { "\u03A4\u03B1\u03BD\u03B6\u03B1\u03BD\u03AF\u03B1" } // Is this okay?
US { "\u0397\u03bd\u03c9\u03bc\u03ad\u03bd\u03b5\u03c2 \u03a0\u03bf\u03bb\u03b9\u03c4\u03b5\u03af\u03b5\u03c2 \u0391\u03bc\u03b5\u03c1\u03b9\u03ba\u03ae\u03c2" } // Old Value
        VG { "\u0392\u03C1\u03B5\u03C4\u03B1\u03BD\u03B9\u03BA\u03AD\u03C2 \u03A0\u03B1\u03C1\u03B8\u03AD\u03BD\u03BF\u03B9 \u039D\u03AE\u03C3\u03BF\u03B9" } // Is this okay?
        VI { "\u0391\u03BC\u03B5\u03C1\u03B9\u03BA\u03B1\u03BD\u03B9\u03BA\u03AD\u03C2 \u03A0\u03B1\u03C1\u03B8\u03AD\u03BD\u03BF\u03B9 \u039D\u03AE\u03C3\u03BF\u03B9" } // Is this okay?
        VN { "\u0392\u03B9\u03B5\u03C4\u03BD\u03AC\u03BC" } // Is this okay?
ZA { "\u039d\u03cc\u03c4\u03b9\u03bf\u03c2 \u0391\u03c6\u03c1\u03b9\u03ba\u03ae" } // Old Value
Currency display names
        EUR { "\u20AC", "\u0395\u03A5\u03A1\u03A9" } // lowercase is \u03B5\u03C5\u03C1\u03CE
        GRD { "\u0394\u03C1\u03C7", "\u0394\u03C1\u03C7" } // Currency symbol is the same as the name. This may need to change.
The following only have the currency names. The currency symbols are missing or need verification.
cs { "\u03a4\u03c3\u03ad\u03c7\u03b9\u03ba\u03b1" } // Old Value
da { "\u0394\u03b1\u03bd\u03ad\u03b6\u03b9\u03ba\u03b1" } // Old Value
el { "\u03b5\u03bb\u03bb\u03b7\u03bd\u03b9\u03ba\u03ac" } // Old Value
zh_cn { "\u039A\u03B9\u03BD\u03B5\u03B6\u03B9\u03BA\u03AC (\u0391\u03C0\u03BB\u03BF\u03C0\u03BF\u03B9\u03B7\u03BC\u03AD\u03BD\u03B1)" }
zh_tw { "\u039A\u03B9\u03BD\u03B5\u03B6\u03B9\u03BA\u03AC (\u03A0\u03B1\u03C1\u03B1\u03B4\u03BF\u03C3\u03B9\u03B1\u03BA\u03AC)" }
        "Grek"  // ISO 15924 Name 
                "\u03A0\u039C", // The lowercase form is "\u03C0\u03BC". Both are valid. It's also been seen as mixed case too.
                "\u039C\u039C", // The lowercase form is "\u03BC\u03BC". Both are valid. It's also been seen as mixed case too.
                "h:mm a",   // While Greece uses both 12 and 24 hour formats, we use one for consistency due to limitations of current ICU API.
-->

