<?xml version="1.0" encoding="UTF-8" ?>
<!DOCTYPE ldml SYSTEM "http://www.unicode.org/cldr/dtd/1.2/ldml.dtd">
<ldml version="1.2">
	<identity>
		<version number="1.2"/>
		<generation date="2004-08-27"/>
		<language type="en"/>
		<territory type="GB"/>
	</identity>
	<dates>
		<calendars>
			<calendar type="gregorian">
				<week>
					<firstDay day="mon"/>
				</week>
				<dateFormats>
					<dateFormatLength type="full">
						<dateFormat>
							<pattern>EEEE, d MMMM yyyy</pattern>
						</dateFormat>
					</dateFormatLength>
					<dateFormatLength type="long">
						<dateFormat>
							<pattern>d MMMM yyyy</pattern>
						</dateFormat>
					</dateFormatLength>
					<dateFormatLength type="medium">
						<dateFormat>
							<pattern>d MMM yyyy</pattern>
						</dateFormat>
					</dateFormatLength>
					<dateFormatLength type="short">
						<dateFormat>
							<pattern>dd/MM/yyyy</pattern>
						</dateFormat>
					</dateFormatLength>
				</dateFormats>
				<timeFormats>
					<timeFormatLength type="full">
						<timeFormat>
							<pattern>HH:mm:ss z</pattern>
						</timeFormat>
					</timeFormatLength>
					<timeFormatLength type="long">
						<timeFormat>
							<pattern>HH:mm:ss z</pattern>
						</timeFormat>
					</timeFormatLength>
					<timeFormatLength type="medium">
						<timeFormat>
							<pattern>HH:mm:ss</pattern>
						</timeFormat>
					</timeFormatLength>
					<timeFormatLength type="short">
						<timeFormat>
							<pattern>HH:mm</pattern>
						</timeFormat>
					</timeFormatLength>
				</timeFormats>
			</calendar>
		</calendars>
		<timeZoneNames>
			<zone type="Europe/London">
				<long>
					<standard>Greenwich Mean Time</standard>
				</long>
				<short>
					<standard>GMT</standard>
				</short>
			</zone>
		</timeZoneNames>
	</dates>
</ldml>

