<?xml version="1.0" encoding="UTF-8" ?>
<!DOCTYPE ldml SYSTEM "http://www.unicode.org/cldr/dtd/1.2/ldml.dtd">
<ldml >
	<identity>
		<version number="1.2"/>
		<generation date="2004-08-27"/>
		<language type="es"/>
	</identity>
	<localeDisplayNames>
		<languages>
			<language type="aa">afar</language>
			<language type="ab">abkhaziano</language>
			<language draft="true" type="ace">acehnés</language>
			<language draft="true" type="ach">acoli</language>
			<language draft="true" type="ada">adangme</language>
			<language draft="true" type="ady">adigeo</language>
			<language type="ae">avéstico</language>
			<language type="af">afrikaans</language>
			<language draft="true" type="afa">afroasiática (otra)</language>
			<language draft="true" type="afh">afrihili</language>
			<language type="ak">akan</language>
			<language draft="true" type="akk">acadio</language>
			<language draft="true" type="ale">aleutiano</language>
			<language draft="true" type="alg">lenguas algonquinas</language>
			<language type="am">amárico</language>
			<language type="an">aragonés</language>
			<language draft="true" type="ang">inglés antiguo (450-1100 aprox.)</language>
			<language draft="true" type="apa">lenguas apache</language>
			<language type="ar">árabe</language>
			<language draft="true" type="arc">arameo</language>
			<language draft="true" type="arn">araucano</language>
			<language draft="true" type="arp">arapaho</language>
			<language draft="true" type="art">artificiales (otras)</language>
			<language draft="true" type="arw">arahuaco</language>
			<language type="as">asamés</language>
			<language draft="true" type="ast">asturiano</language>
			<language draft="true" type="ath">lenguas atabascas</language>
			<language draft="true" type="aus">lenguas australianas</language>
			<language type="av">avar</language>
			<language draft="true" type="awa">avadhi</language>
			<language type="ay">aymara</language>
			<language type="az">azerí</language>
			<language type="ba">bashkir</language>
			<language draft="true" type="bad">banda</language>
			<language draft="true" type="bai">lenguas bamileke</language>
			<language draft="true" type="bal">baluchi</language>
			<language draft="true" type="ban">balinés</language>
			<language draft="true" type="bas">basa</language>
			<language draft="true" type="bat">bálticas (otras)</language>
			<language type="be">bielorruso</language>
			<language draft="true" type="bej">beja</language>
			<language draft="true" type="bem">bemba</language>
			<language draft="true" type="ber">bereber</language>
			<language type="bg">búlgaro</language>
			<language type="bh">bihari</language>
			<language draft="true" type="bho">bhojpuri</language>
			<language type="bi">bislama</language>
			<language draft="true" type="bik">bicol</language>
			<language draft="true" type="bin">bini</language>
			<language draft="true" type="bla">siksika</language>
			<language type="bm">bambara</language>
			<language type="bn">bengalí</language>
			<language draft="true" type="bnt">bantú</language>
			<language type="bo">tibetano</language>
			<language type="br">bretón</language>
			<language draft="true" type="bra">braj</language>
			<language type="bs">bosnio</language>
			<language draft="true" type="btk">batak</language>
			<language draft="true" type="bua">buriat</language>
			<language draft="true" type="bug">buginés</language>
			<language type="byn">blin</language>
			<language type="ca">catalán</language>
			<language draft="true" type="cad">caddo</language>
			<language draft="true" type="cai">indias centroamericanas (otras)</language>
			<language draft="true" type="car">caribe</language>
			<language draft="true" type="cau">caucásicas (otras)</language>
			<language type="ce">checheno</language>
			<language draft="true" type="ceb">cebuano</language>
			<language draft="true" type="cel">celtas (otras)</language>
			<language type="ch">chamorro</language>
			<language draft="true" type="chb">chibcha</language>
			<language draft="true" type="chg">chagatái</language>
			<language draft="true" type="chk">trukés</language>
			<language draft="true" type="chm">marí</language>
			<language draft="true" type="chn">jerga chinuk</language>
			<language draft="true" type="cho">choctaw</language>
			<language draft="true" type="chp">chipewyan</language>
			<language type="chr">cherokee</language>
			<language draft="true" type="chy">cheyene</language>
			<language draft="true" type="cmc">lenguas chámicas</language>
			<language type="co">corso</language>
			<language draft="true" type="cop">copto</language>
			<language draft="true" type="cpe">criollas y pidgins, basadas en el inglés (otras)</language>
			<language draft="true" type="cpp">criollas y pidgins, basadas en el portugués (otras)</language>
			<language type="cr">cree</language>
			<language draft="true" type="crh">turco de Crimea; tártaro de Crimea</language>
			<language draft="true" type="crp">criollas y pidgins (otras)</language>
			<language type="cs">checo</language>
			<language draft="true" type="csb">casubio</language>
			<language type="cu">eslavo eclesiástico</language>
			<language draft="true" type="cus">cusitas (otras)</language>
			<language type="cv">chuvash</language>
			<language type="cy">galés</language>
			<language type="da">danés</language>
			<language draft="true" type="dak">dakota</language>
			<language draft="true" type="dar">dargva</language>
			<language draft="true" type="day">dayak</language>
			<language type="de">alemán</language>
			<language draft="true" type="del">delaware</language>
			<language draft="true" type="den">slave</language>
			<language draft="true" type="dgr">dogrib</language>
			<language draft="true" type="din">dinka</language>
			<language draft="true" type="doi">dogri</language>
			<language draft="true" type="dra">dravídicas (otras)</language>
			<language draft="true" type="dsb">sorbio inferior</language>
			<language draft="true" type="dua">duala</language>
			<language draft="true" type="dum">neerlandés medio (1050-1350 aprox.)</language>
			<language type="dv">divehi</language>
			<language draft="true" type="dyu">diula</language>
			<language type="dz">bhutaní</language>
			<language type="ee">ewe</language>
			<language draft="true" type="efi">efik</language>
			<language draft="true" type="egy">egipcio (antiguo)</language>
			<language draft="true" type="eka">ekajuk</language>
			<language type="el">griego</language>
			<language draft="true" type="elx">elamita</language>
			<language type="en">inglés</language>
			<language draft="true" type="enm">inglés medieval (1100-1500)</language>
			<language type="eo">esperanto</language>
			<language type="es">español</language>
			<language type="et">estonio</language>
			<language type="eu">vasco</language>
			<language draft="true" type="ewo">ewondo</language>
			<language type="fa">farsi</language>
			<language draft="true" type="fan">fang</language>
			<language draft="true" type="fat">fanti</language>
			<language type="ff">fula</language>
			<language type="fi">finlandés</language>
			<language draft="true" type="fiu">finougrias (otras)</language>
			<language type="fj">fidji</language>
			<language type="fo">feroés</language>
			<language draft="true" type="fon">fon</language>
			<language type="fr">francés</language>
			<language draft="true" type="frm">francés medieval (1400-1600 aprox.)</language>
			<language draft="true" type="fro">francés antiguo (842-1400 aprox.)</language>
			<language draft="true" type="fur">friulano</language>
			<language type="fy">frisón</language>
			<language type="ga">irlandés</language>
			<language draft="true" type="gaa">ga</language>
			<language draft="true" type="gay">gayo</language>
			<language draft="true" type="gba">gbaya</language>
			<language type="gd">gaélico escocés</language>
			<language draft="true" type="gem">germánicas (otras)</language>
			<language type="gez">geez</language>
			<language draft="true" type="gil">gilbertés</language>
			<language type="gl">gallego</language>
			<language draft="true" type="gmh">alemán de la alta edad media (1050-1500 aprox.)</language>
			<language type="gn">guaraní</language>
			<language draft="true" type="goh">alemán de la alta edad antigua (750-1050 aprox.)</language>
			<language draft="true" type="gon">gondi</language>
			<language draft="true" type="gor">gorontalo</language>
			<language draft="true" type="got">gótico</language>
			<language draft="true" type="grb">gerbo</language>
			<language draft="true" type="grc">griego antiguo (hasta el 1453)</language>
			<language type="gu">gujarati</language>
			<language type="gv">gaélico manés</language>
			<language draft="true" type="gwi">kutchin</language>
			<language type="ha">hausa</language>
			<language draft="true" type="hai">haida</language>
			<language type="haw">hawaiano</language>
			<language type="he">hebreo</language>
			<language type="hi">hindi</language>
			<language draft="true" type="hil">hiligaynon</language>
			<language draft="true" type="him">himachali</language>
			<language draft="true" type="hit">hitita</language>
			<language draft="true" type="hmn">hmong</language>
			<language type="ho">hiri motu</language>
			<language type="hr">croata</language>
			<language draft="true" type="hsb">sorbio superior</language>
			<language type="ht">haitiano</language>
			<language type="hu">húngaro</language>
			<language draft="true" type="hup">hupa</language>
			<language type="hy">armenio</language>
			<language type="hz">herero</language>
			<language type="ia">interlingua</language>
			<language draft="true" type="iba">iban</language>
			<language type="id">indonesio</language>
			<language type="ie">interlingue</language>
			<language type="ig">igbo</language>
			<language type="ii">sichuan yi</language>
			<language draft="true" type="ijo">ijo</language>
			<language type="ik">inupiak</language>
			<language draft="true" type="ilo">ilocano</language>
			<language draft="true" type="inc">índicas (otras)</language>
			<language draft="true" type="ine">indoeuropeas (otras)</language>
			<language draft="true" type="inh">ingush</language>
			<language type="io">ido</language>
			<language draft="true" type="ira">iranio</language>
			<language draft="true" type="iro">lenguas iroquesas</language>
			<language type="is">islandés</language>
			<language type="it">italiano</language>
			<language type="iu">inuktitut</language>
			<language type="ja">japonés</language>
			<language draft="true" type="jbo">lojban</language>
			<language draft="true" type="jpr">judeo-persa</language>
			<language draft="true" type="jrb">judeo-árabe</language>
			<language type="jv">javanés</language>
			<language type="ka">georgiano</language>
			<language draft="true" type="kaa">karakalpako</language>
			<language draft="true" type="kab">cabila</language>
			<language draft="true" type="kac">kachin</language>
			<language draft="true" type="kam">kamba</language>
			<language draft="true" type="kar">karen</language>
			<language draft="true" type="kaw">kawi</language>
			<language draft="true" type="kbd">kabardiana</language>
			<language type="kg">kongo</language>
			<language draft="true" type="kha">khasi</language>
			<language draft="true" type="khi">khoisan (otras)</language>
			<language draft="true" type="kho">kotanés</language>
			<language type="ki">kikuyu</language>
			<language type="kj">kuanyama</language>
			<language type="kk">kazajo</language>
			<language type="kl">groenlandés</language>
			<language type="km">jemer</language>
			<language draft="true" type="kmb">kimbundu</language>
			<language type="kn">canarés</language>
			<language type="ko">coreano</language>
			<language type="kok">konkani</language>
			<language draft="true" type="kos">kosraeano</language>
			<language draft="true" type="kpe">kpelle</language>
			<language type="kr">kanuri</language>
			<language draft="true" type="krc">karachay-balkar</language>
			<language draft="true" type="kro">kru</language>
			<language draft="true" type="kru">kurukh</language>
			<language type="ks">cachemiro</language>
			<language type="ku">kurdo</language>
			<language draft="true" type="kum">kumyk</language>
			<language draft="true" type="kut">kutenai</language>
			<language type="kv">komi</language>
			<language type="kw">córnico</language>
			<language type="ky">kirghiz</language>
			<language type="la">latín</language>
			<language draft="true" type="lad">ladino</language>
			<language draft="true" type="lah">lahnda</language>
			<language draft="true" type="lam">lamba</language>
			<language type="lb">luxemburgués</language>
			<language draft="true" type="lez">lezgiano</language>
			<language type="lg">ganda</language>
			<language type="li">limburgués</language>
			<language type="ln">lingala</language>
			<language type="lo">laosiano</language>
			<language draft="true" type="lol">mongo</language>
			<language draft="true" type="loz">lozi</language>
			<language type="lt">lituano</language>
			<language type="lu">luba-katanga</language>
			<language draft="true" type="lua">luba-lulua</language>
			<language draft="true" type="lui">luiseño</language>
			<language draft="true" type="lun">lunda</language>
			<language draft="true" type="luo">luo</language>
			<language draft="true" type="lus">lushai</language>
			<language type="lv">letón</language>
			<language draft="true" type="mad">madurés</language>
			<language draft="true" type="mag">magahi</language>
			<language draft="true" type="mai">maithili</language>
			<language draft="true" type="mak">macasar</language>
			<language draft="true" type="man">mandingo</language>
			<language draft="true" type="map">austronesio</language>
			<language draft="true" type="mas">masai</language>
			<language draft="true" type="mdf">moksha</language>
			<language draft="true" type="mdr">mandar</language>
			<language draft="true" type="men">mende</language>
			<language type="mg">malgache</language>
			<language draft="true" type="mga">irlandés medieval (900-1200)</language>
			<language type="mh">marshalés</language>
			<language type="mi">maorí</language>
			<language draft="true" type="mic">micmac</language>
			<language draft="true" type="min">minangkabau</language>
			<language draft="true" type="mis">lenguas varias</language>
			<language type="mk">macedonio</language>
			<language draft="true" type="mkh">mon-jemer (otras)</language>
			<language type="ml">malayalam</language>
			<language type="mn">mongol</language>
			<language draft="true" type="mnc">manchú</language>
			<language draft="true" type="mni">manipuri</language>
			<language draft="true" type="mno">lenguas manobo</language>
			<language type="mo">moldavo</language>
			<language draft="true" type="moh">mohawk</language>
			<language draft="true" type="mos">mossi</language>
			<language type="mr">marathi</language>
			<language type="ms">malayo</language>
			<language type="mt">maltés</language>
			<language draft="true" type="mul">lenguas múltiples</language>
			<language draft="true" type="mun">lenguas munda</language>
			<language draft="true" type="mus">creek</language>
			<language draft="true" type="mwr">marwari</language>
			<language type="my">birmano</language>
			<language draft="true" type="myn">maya</language>
			<language draft="true" type="myv">erzya</language>
			<language type="na">nauruano</language>
			<language draft="true" type="nah">náhuatl</language>
			<language draft="true" type="nai">indias norteamericanas (otras)</language>
			<language draft="true" type="nap">napolitano</language>
			<language type="nb">bokmal noruego</language>
			<language type="nd">ndebele septentrional</language>
			<language draft="true" type="nds">bajo alemán; bajo sajón</language>
			<language type="ne">nepalí</language>
			<language draft="true" type="new">newari</language>
			<language type="ng">ndonga</language>
			<language draft="true" type="nia">nias</language>
			<language draft="true" type="nic">níger-kordofanianas (otras)</language>
			<language draft="true" type="niu">niueano</language>
			<language type="nl">holandés</language>
			<language type="nn">nynorsk noruego</language>
			<language type="no">noruego</language>
			<language draft="true" type="nog">nogai</language>
			<language draft="true" type="non">norse antiguo</language>
			<language type="nr">ndebele meridional</language>
			<language draft="true" type="nso">sesotho septentrional</language>
			<language draft="true" type="nub">lenguas nubias</language>
			<language type="nv">navajo</language>
			<language type="ny">nyanja</language>
			<language draft="true" type="nym">nyamwezi</language>
			<language draft="true" type="nyn">nyankole</language>
			<language draft="true" type="nyo">nyoro</language>
			<language draft="true" type="nzi">nzima</language>
			<language type="oc">occitano (después del 1500)</language>
			<language type="oj">ojibwa</language>
			<language type="om">oromo</language>
			<language type="or">oriya</language>
			<language type="os">osético</language>
			<language draft="true" type="osa">osage</language>
			<language draft="true" type="ota">turco otomano (1500-1928)</language>
			<language draft="true" type="oto">lenguas otomanas</language>
			<language type="pa">punjabí</language>
			<language draft="true" type="paa">papúes (otras)</language>
			<language draft="true" type="pag">pangasinán</language>
			<language draft="true" type="pal">pahlavi</language>
			<language draft="true" type="pam">pampanga</language>
			<language draft="true" type="pap">papiamento</language>
			<language draft="true" type="pau">palavano</language>
			<language draft="true" type="peo">persa antiguo (600-400 a.C. aprox.)</language>
			<language draft="true" type="phi">filipinas (otras)</language>
			<language draft="true" type="phn">fenicio</language>
			<language type="pi">pali</language>
			<language type="pl">polaco</language>
			<language draft="true" type="pon">pohnpeiano</language>
			<language draft="true" type="pra">lenguas prakrit</language>
			<language draft="true" type="pro">provenzal antiguo (hasta el 1500)</language>
			<language type="ps">pashto</language>
			<language type="pt">portugués</language>
			<language type="qu">quechua</language>
			<language draft="true" type="raj">rajasthani</language>
			<language draft="true" type="rap">rapanui</language>
			<language draft="true" type="rar">rarotongano</language>
			<language type="rm">reto-romance</language>
			<language type="rn">kiroundi</language>
			<language type="ro">rumano</language>
			<language draft="true" type="roa">románicas (otras)</language>
			<language draft="true" type="rom">romaní</language>
			<language type="root">raíz</language>
			<language type="ru">ruso</language>
			<language type="rw">kinyarwanda</language>
			<language type="sa">sánscrito</language>
			<language draft="true" type="sad">sandawe</language>
			<language draft="true" type="sah">yakut</language>
			<language draft="true" type="sai">indias sudamericanas (otras)</language>
			<language draft="true" type="sal">lenguas salishan</language>
			<language draft="true" type="sam">arameo samaritano</language>
			<language draft="true" type="sas">sasak</language>
			<language draft="true" type="sat">santali</language>
			<language type="sc">sardo</language>
			<language draft="true" type="sco">escocés</language>
			<language type="sd">sindhi</language>
			<language type="se">sami septentrional</language>
			<language draft="true" type="sel">selkup</language>
			<language draft="true" type="sem">semíticas (otras)</language>
			<language type="sg">sango</language>
			<language draft="true" type="sga">irlandés antiguo (hasta 900)</language>
			<language draft="true" type="sgn">lenguajes de signos</language>
			<language type="sh">serbo-croata</language>
			<language draft="true" type="shn">shan</language>
			<language type="si">singalés</language>
			<language type="sid">sidamo</language>
			<language draft="true" type="sio">lenguas siouan</language>
			<language draft="true" type="sit">sino-tibetanas (otras)</language>
			<language type="sk">eslovaco</language>
			<language type="sl">esloveno</language>
			<language draft="true" type="sla">eslavas (otras)</language>
			<language type="sm">samoano</language>
			<language draft="true" type="sma">sami meridional</language>
			<language draft="true" type="smi">lenguas sami (otras)</language>
			<language draft="true" type="smj">sami lule</language>
			<language draft="true" type="smn">sami inari</language>
			<language draft="true" type="sms">sami sklot</language>
			<language type="sn">shona</language>
			<language draft="true" type="snk">soninké</language>
			<language type="so">somalí</language>
			<language draft="true" type="sog">sogdiano</language>
			<language draft="true" type="son">songhai</language>
			<language type="sq">albanés</language>
			<language type="sr">serbio</language>
			<language draft="true" type="srr">serer</language>
			<language type="ss">siswati</language>
			<language draft="true" type="ssa">nilosaharianas (otras)</language>
			<language type="st">sesotho</language>
			<language type="su">sundanés</language>
			<language draft="true" type="suk">sukuma</language>
			<language draft="true" type="sus">susu</language>
			<language draft="true" type="sux">sumerio</language>
			<language type="sv">sueco</language>
			<language type="sw">swahili</language>
			<language type="syr">siriaco</language>
			<language type="ta">tamil</language>
			<language draft="true" type="tai">tai (otras)</language>
			<language type="te">telugu</language>
			<language draft="true" type="tem">temne</language>
			<language draft="true" type="ter">tereno</language>
			<language draft="true" type="tet">tetún</language>
			<language type="tg">tayiko</language>
			<language type="th">tailandés</language>
			<language type="ti">tigrinya</language>
			<language type="tig">tigré</language>
			<language draft="true" type="tiv">tiv</language>
			<language type="tk">turkmeno</language>
			<language draft="true" type="tkl">tokelauano</language>
			<language type="tl">tagalo</language>
			<language draft="true" type="tli">tlingit</language>
			<language draft="true" type="tmh">tamashek</language>
			<language type="tn">setchwana</language>
			<language type="to">tonga (Islas Tonga)</language>
			<language draft="true" type="tog">tonga (Niasa)</language>
			<language draft="true" type="tpi">tok pisin</language>
			<language type="tr">turco</language>
			<language type="ts">tsonga</language>
			<language draft="true" type="tsi">tsimshiano</language>
			<language type="tt">tatar</language>
			<language draft="true" type="tum">tumbuka</language>
			<language draft="true" type="tup">lenguas tupí</language>
			<language draft="true" type="tut">altaicas (otras)</language>
			<language draft="true" type="tvl">tuvaluano</language>
			<language type="tw">twi</language>
			<language type="ty">tahitiano</language>
			<language draft="true" type="tyv">tuviniano</language>
			<language draft="true" type="udm">udmurt</language>
			<language type="ug">uigur</language>
			<language draft="true" type="uga">ugarítico</language>
			<language type="uk">ucraniano</language>
			<language draft="true" type="umb">umbundu</language>
			<language draft="true" type="und">indeterminada</language>
			<language type="ur">urdu</language>
			<language type="uz">uzbeko</language>
			<language draft="true" type="vai">vai</language>
			<language type="ve">venda</language>
			<language type="vi">vietnamita</language>
			<language type="vo">volapuk</language>
			<language draft="true" type="vot">vótico</language>
			<language type="wa">valón</language>
			<language draft="true" type="wak">lenguas wakasha</language>
			<language draft="true" type="wal">walamo</language>
			<language draft="true" type="war">waray</language>
			<language draft="true" type="was">washo</language>
			<language draft="true" type="wen">lenguas sorbias</language>
			<language type="wo">uolof</language>
			<language draft="true" type="xal">kalmyk</language>
			<language type="xh">xhosa</language>
			<language draft="true" type="yao">yao</language>
			<language draft="true" type="yap">yapés</language>
			<language type="yi">yidish</language>
			<language type="yo">yoruba</language>
			<language draft="true" type="ypk">lenguas yupik</language>
			<language type="za">zhuang</language>
			<language draft="true" type="zap">zapoteco</language>
			<language draft="true" type="zen">zenaga</language>
			<language type="zh">chino</language>
			<language draft="true" type="znd">zande</language>
			<language type="zu">zulú</language>
			<language draft="true" type="zun">zuni</language>
		</languages>
		<scripts>
			<script type="Arab">árabe</script>
			<script type="Armn">armenio</script>
			<script type="Beng">bengalí</script>
			<script type="Bopo">bopomofo</script>
			<script type="Brai">braille</script>
			<script type="Buhd">buhid</script>
			<script type="Cans">símbolos aborígenes canadienses unificados</script>
			<script type="Cher">cherokee</script>
			<script type="Copt">copto</script>
			<script type="Cprt">chipriota</script>
			<script type="Cyrl">cirílico</script>
			<script type="Deva">devanagari</script>
			<script type="Dsrt">deseret</script>
			<script type="Ethi">etíopico</script>
			<script type="Geor">georgiano</script>
			<script type="Goth">gótico</script>
			<script type="Grek">griego</script>
			<script type="Gujr">gujarati</script>
			<script type="Guru">gurmuji</script>
			<script type="Hang">hangul</script>
			<script type="Hani">han</script>
			<script type="Hano">hanunoo</script>
			<script type="Hans">han simplificado</script>
			<script type="Hant">han tradicional</script>
			<script type="Hebr">hebreo</script>
			<script type="Hira">hiragana</script>
			<script type="Ital">antigua bastardilla</script>
			<script type="Kana">katakana</script>
			<script type="Khmr">jemer</script>
			<script type="Knda">canarés</script>
			<script type="Laoo">lao</script>
			<script type="Latn">latín</script>
			<script type="Limb">limbu</script>
			<script type="Linb">linear B</script>
			<script type="Mlym">malayálam</script>
			<script type="Mong">mongoliano</script>
			<script type="Mymr">myanmar</script>
			<script type="Ogam">ogham</script>
			<script type="Orya">oriya</script>
			<script type="Osma">osmaniya</script>
			<script type="Runr">rúnico</script>
			<script type="Shaw">shavian</script>
			<script type="Sinh">binhala</script>
			<script type="Syrc">siriaco</script>
			<script type="Tagb">tagbanúa</script>
			<script type="Tale">tai le</script>
			<script type="Taml">tamil</script>
			<script type="Telu">telugu</script>
			<script type="Tglg">tagalo</script>
			<script type="Thaa">thaana</script>
			<script type="Thai">tailandés</script>
			<script type="Tibt">tibetano</script>
			<script type="Ugar">ugarítico</script>
			<script type="Yiii">yi</script>
			<script type="Zyyy">común</script>
		</scripts>
		<territories>
			<territory type="AD">Andorra</territory>
			<territory type="AE">Emiratos Árabes Unidos</territory>
			<territory type="AF">Afganistán</territory>
			<territory type="AG">Antigua y Barbuda</territory>
			<territory type="AI">Anguila</territory>
			<territory type="AL">Albania</territory>
			<territory type="AM">Armenia</territory>
			<territory type="AN">Antillas Neerlandesas</territory>
			<territory type="AO">Angola</territory>
			<territory type="AQ">Antártida</territory>
			<territory type="AR">Argentina</territory>
			<territory type="AS">Samoa Americana</territory>
			<territory type="AT">Austria</territory>
			<territory type="AU">Australia</territory>
			<territory type="AW">Aruba</territory>
			<territory type="AZ">Azerbaiyán</territory>
			<territory type="BA">Bosnia-Herzegovina</territory>
			<territory type="BB">Barbados</territory>
			<territory type="BD">Bangladesh</territory>
			<territory type="BE">Bélgica</territory>
			<territory type="BF">Burkina Faso</territory>
			<territory type="BG">Bulgaria</territory>
			<territory type="BH">Bahráin</territory>
			<territory type="BI">Burundi</territory>
			<territory type="BJ">Benín</territory>
			<territory type="BM">Bermudas</territory>
			<territory type="BN">Brunéi</territory>
			<territory type="BO">Bolivia</territory>
			<territory type="BR">Brasil</territory>
			<territory type="BS">Bahamas</territory>
			<territory type="BT">Bután</territory>
			<territory type="BV">Isla Bouvet</territory>
			<territory type="BW">Botsuana</territory>
			<territory type="BY">Bielorrusia</territory>
			<territory type="BZ">Belice</territory>
			<territory type="CA">Canadá</territory>
			<territory type="CC">Islas Cocos (Keeling)</territory>
			<territory type="CD">República Democrática del Congo</territory>
			<territory type="CF">República Centroafricana</territory>
			<territory type="CG">Congo</territory>
			<territory type="CH">Suiza</territory>
			<territory type="CI">Costa de Marfil</territory>
			<territory type="CK">Islas Cook</territory>
			<territory type="CL">Chile</territory>
			<territory type="CM">Camerún</territory>
			<territory type="CN">China</territory>
			<territory type="CO">Colombia</territory>
			<territory type="CR">Costa Rica</territory>
			<territory type="CU">Cuba</territory>
			<territory type="CV">Cabo Verde</territory>
			<territory type="CX">Isla Navidad</territory>
			<territory type="CY">Chipre</territory>
			<territory type="CZ">República Checa</territory>
			<territory type="DE">Alemania</territory>
			<territory type="DJ">Yibuti</territory>
			<territory type="DK">Dinamarca</territory>
			<territory type="DM">Dominica</territory>
			<territory type="DO">República Dominicana</territory>
			<territory type="DZ">Argelia</territory>
			<territory type="EC">Ecuador</territory>
			<territory type="EE">Estonia</territory>
			<territory type="EG">Egipto</territory>
			<territory type="EH">Sáhara Occidental</territory>
			<territory type="ER">Eritrea</territory>
			<territory type="ES">España</territory>
			<territory type="ET">Etiopía</territory>
			<territory type="FI">Finlandia</territory>
			<territory type="FJ">Fiyi</territory>
			<territory type="FK">Islas Falkland (Malvinas)</territory>
			<territory type="FM">Micronesia</territory>
			<territory type="FO">Islas Feroe</territory>
			<territory type="FR">Francia</territory>
			<territory type="GA">Gabón</territory>
			<territory type="GB">Reino Unido</territory>
			<territory type="GD">Granada</territory>
			<territory type="GE">Georgia</territory>
			<territory type="GF">Guayana Francesa</territory>
			<territory type="GH">Ghana</territory>
			<territory type="GI">Gibraltar</territory>
			<territory type="GL">Groenlandia</territory>
			<territory type="GM">Gambia</territory>
			<territory type="GN">Guinea</territory>
			<territory type="GP">Guadalupe</territory>
			<territory type="GQ">Guinea Ecuatorial</territory>
			<territory type="GR">Grecia</territory>
			<territory type="GS">Islas Georgia del Sur y Sandwich del Sur</territory>
			<territory type="GT">Guatemala</territory>
			<territory type="GU">Guam</territory>
			<territory type="GW">Guinea-Bissau</territory>
			<territory type="GY">Guyana</territory>
			<territory type="HK">Hong-Kong, Región administrativa especial de China</territory>
			<territory type="HM">Islas Heard y McDonald</territory>
			<territory type="HN">Honduras</territory>
			<territory type="HR">Croacia</territory>
			<territory type="HT">Haití</territory>
			<territory type="HU">Hungría</territory>
			<territory type="ID">Indonesia</territory>
			<territory type="IE">Irlanda</territory>
			<territory type="IL">Israel</territory>
			<territory type="IN">India</territory>
			<territory type="IO">Territorios Británico del Océano Índico</territory>
			<territory type="IQ">Iraq</territory>
			<territory type="IR">Irán</territory>
			<territory type="IS">Islandia</territory>
			<territory type="IT">Italia</territory>
			<territory type="JM">Jamaica</territory>
			<territory type="JO">Jordania</territory>
			<territory type="JP">Japón</territory>
			<territory type="KE">Kenia</territory>
			<territory type="KG">Kirguizistán</territory>
			<territory type="KH">Camboya</territory>
			<territory type="KI">Kiribati</territory>
			<territory type="KM">Comoras</territory>
			<territory type="KN">San Cristóbal y Nieves</territory>
			<territory type="KP">Corea del Norte</territory>
			<territory type="KR">Corea del Sur</territory>
			<territory type="KW">Kuwait</territory>
			<territory type="KY">Islas Caimán</territory>
			<territory type="KZ">Kazajstán</territory>
			<territory type="LA">Laos</territory>
			<territory type="LB">Líbano</territory>
			<territory type="LC">Saint Lucia</territory>
			<territory type="LI">Liechtenstein</territory>
			<territory type="LK">Sri Lanka</territory>
			<territory type="LR">Liberia</territory>
			<territory type="LS">Lesotho</territory>
			<territory type="LT">Lituania</territory>
			<territory type="LU">Luxemburgo</territory>
			<territory type="LV">Letonia</territory>
			<territory type="LY">Libia</territory>
			<territory type="MA">Marruecos</territory>
			<territory type="MC">Mónaco</territory>
			<territory type="MD">Moldova</territory>
			<territory type="MG">Madagascar</territory>
			<territory type="MH">Islas Marshall</territory>
			<territory type="MK">Macedonia</territory>
			<territory type="ML">Malí</territory>
			<territory type="MM">Myanmar</territory>
			<territory type="MN">Mongolia</territory>
			<territory type="MO">Macao, Región administrativa especial de China</territory>
			<territory type="MP">Islas Marianas del Norte</territory>
			<territory type="MQ">Martinica</territory>
			<territory type="MR">Mauritania</territory>
			<territory type="MS">Montserrat</territory>
			<territory type="MT">Malta</territory>
			<territory type="MU">Mauricio</territory>
			<territory type="MV">Maldivas</territory>
			<territory type="MW">Malawi</territory>
			<territory type="MX">México</territory>
			<territory type="MY">Malasia</territory>
			<territory type="MZ">Mozambique</territory>
			<territory type="NA">Namibia</territory>
			<territory type="NC">Nueva Caledonia</territory>
			<territory type="NE">Níger</territory>
			<territory type="NF">Isla Norfolk</territory>
			<territory type="NG">Nigeria</territory>
			<territory type="NI">Nicaragua</territory>
			<territory type="NL">Países Bajos</territory>
			<territory type="NO">Noruega</territory>
			<territory type="NP">Nepal</territory>
			<territory type="NR">Nauru</territory>
			<territory type="NU">Isla Niue</territory>
			<territory type="NZ">Nueva Zelanda</territory>
			<territory type="OM">Omán</territory>
			<territory type="PA">Panamá</territory>
			<territory type="PE">Perú</territory>
			<territory type="PF">Polinesia Francesa</territory>
			<territory type="PG">Papúa Nueva Guinea</territory>
			<territory type="PH">Filipinas</territory>
			<territory type="PK">Pakistán</territory>
			<territory type="PL">Polonia</territory>
			<territory type="PM">San Pedro y Miquelón</territory>
			<territory type="PN">Pitcairn</territory>
			<territory type="PR">Puerto Rico</territory>
			<territory type="PS">Territorios Palestinos</territory>
			<territory type="PT">Portugal</territory>
			<territory type="PW">Palau</territory>
			<territory type="PY">Paraguay</territory>
			<territory type="QA">Qatar</territory>
			<territory type="RE">Réunion</territory>
			<territory type="RO">Rumanía</territory>
			<territory type="RU">Rusia</territory>
			<territory type="RW">Ruanda</territory>
			<territory type="SA">Arabia Saudí</territory>
			<territory type="SB">Islas Salomón</territory>
			<territory type="SC">Seychelles</territory>
			<territory type="SD">Sudán</territory>
			<territory type="SE">Suecia</territory>
			<territory type="SG">Singapur</territory>
			<territory type="SH">Santa Elena</territory>
			<territory type="SI">Eslovenia</territory>
			<territory type="SJ">Svalbard y Jan Mayen</territory>
			<territory type="SK">Eslovaquia</territory>
			<territory type="SL">Sierra Leona</territory>
			<territory type="SM">San Marino</territory>
			<territory type="SN">Senegal</territory>
			<territory type="SO">Somalia</territory>
			<territory type="SP">Serbia</territory>
			<territory type="SR">Suriname</territory>
			<territory type="ST">Santo Tomé y Príncipe</territory>
			<territory type="SV">El Salvador</territory>
			<territory type="SY">Siria</territory>
			<territory type="SZ">Suazilandia</territory>
			<territory type="TC">Islas Turcas y Caicos</territory>
			<territory type="TD">Chad</territory>
			<territory type="TF">Territorios Australes Franceses</territory>
			<territory type="TG">Togo</territory>
			<territory type="TH">Tailandia</territory>
			<territory type="TJ">Tayikistán</territory>
			<territory type="TK">Islas Tokelau</territory>
			<territory type="TL">Timor Oriental</territory>
			<territory type="TM">Turkmenistán</territory>
			<territory type="TN">Túnez</territory>
			<territory type="TO">Tonga</territory>
			<territory type="TR">Turquía</territory>
			<territory type="TT">Trinidad y Tabago</territory>
			<territory type="TV">Tuvalu</territory>
			<territory type="TW">Taiwán</territory>
			<territory type="TZ">Tanzania</territory>
			<territory type="UA">Ucrania</territory>
			<territory type="UG">Uganda</territory>
			<territory type="UM">Islas menores alejadas de los Estados Unidos</territory>
			<territory type="US">Estados Unidos</territory>
			<territory type="UY">Uruguay</territory>
			<territory type="UZ">Uzbekistán</territory>
			<territory type="VA">Ciudad del Vaticano</territory>
			<territory type="VC">San Vicente y las Granadinas</territory>
			<territory type="VE">Venezuela</territory>
			<territory type="VG">Islas Vírgenes Británicas</territory>
			<territory type="VI">Islas Vírgenes de los Estados Unidos</territory>
			<territory type="VN">Vietnam</territory>
			<territory type="VU">Vanuatu</territory>
			<territory type="WF">Wallis y Futuna</territory>
			<territory type="WS">Samoa</territory>
			<territory type="YE">Yemen</territory>
			<territory type="YT">Mayotte</territory>
			<territory type="YU">Yugoslavia</territory>
			<territory type="ZA">Sudáfrica</territory>
			<territory type="ZM">Zambia</territory>
			<territory type="ZW">Zimbabue</territory>
		</territories>
		<variants>
			<variant type="REVISED">Revisado</variant>
		</variants>
		<keys>
			<key type="calendar">calendario</key>
			<key type="collation">intercalación</key>
			<key type="currency">moneda</key>
		</keys>
		<types>
			<type type="buddhist" key="calendar">calendario budista</type>
			<type type="chinese" key="calendar">calendario chino</type>
			<type type="gregorian" key="calendar">calendario gregoriano</type>
			<type type="hebrew" key="calendar">calendario hebreo</type>
			<type type="islamic" key="calendar">calendario islámico</type>
			<type type="islamic-civil" key="calendar">calendario civil islámico</type>
			<type type="japanese" key="calendar">calendario japonés</type>
			<type type="direct" key="collation">orden directo</type>
			<type type="phonebook" key="collation">orden de listín telefónico</type>
			<type type="pinyin" key="collation">orden pinyin</type>
			<type type="stroke" key="collation">orden pincelada</type>
			<type type="traditional" key="collation">orden tradicional</type>
		</types>
	</localeDisplayNames>
	<characters>
		<exemplarCharacters>[a-z ñ á é í ó ú ü]</exemplarCharacters>
	</characters>
	<dates>
		<localizedPatternChars>GuMtkHmsSEDFwWahKzUeygAZ</localizedPatternChars>
		<calendars>
			<calendar type="gregorian">
				<months>
					<monthContext type="format">
						<monthWidth type="abbreviated">
							<month type="1">ene</month>
							<month type="2">feb</month>
							<month type="3">mar</month>
							<month type="4">abr</month>
							<month type="5">may</month>
							<month type="6">jun</month>
							<month type="7">jul</month>
							<month type="8">ago</month>
							<month type="9">sep</month>
							<month type="10">oct</month>
							<month type="11">nov</month>
							<month type="12">dic</month>
						</monthWidth>
						<monthWidth type="narrow">
							<month type="1">E</month>
							<month type="2">F</month>
							<month type="3">M</month>
							<month type="4">A</month>
							<month type="5">M</month>
							<month type="6">J</month>
							<month type="7">J</month>
							<month type="8">A</month>
							<month type="9">S</month>
							<month type="10">O</month>
							<month type="11">N</month>
							<month type="12">D</month>
						</monthWidth>
						<monthWidth type="wide">
							<month type="1">enero</month>
							<month type="2">febrero</month>
							<month type="3">marzo</month>
							<month type="4">abril</month>
							<month type="5">mayo</month>
							<month type="6">junio</month>
							<month type="7">julio</month>
							<month type="8">agosto</month>
							<month type="9">septiembre</month>
							<month type="10">octubre</month>
							<month type="11">noviembre</month>
							<month type="12">diciembre</month>
						</monthWidth>
					</monthContext>
				</months>
				<days>
					<dayContext type="format">
						<dayWidth type="abbreviated">
							<day type="sun">dom</day>
							<day type="mon">lun</day>
							<day type="tue">mar</day>
							<day type="wed">mié</day>
							<day type="thu">jue</day>
							<day type="fri">vie</day>
							<day type="sat">sáb</day>
						</dayWidth>
						<dayWidth type="narrow">
							<day type="sun">D</day>
							<day type="mon">L</day>
							<day type="tue">M</day>
							<day type="wed">M</day>
							<day type="thu">J</day>
							<day type="fri">V</day>
							<day type="sat">S</day>
						</dayWidth>
						<dayWidth type="wide">
							<day type="sun">domingo</day>
							<day type="mon">lunes</day>
							<day type="tue">martes</day>
							<day type="wed">miércoles</day>
							<day type="thu">jueves</day>
							<day type="fri">viernes</day>
							<day type="sat">sábado</day>
						</dayWidth>
					</dayContext>
				</days>
				<week>
					<firstDay day="mon"/>
				</week>
				<eras>
					<eraAbbr>
						<era type="0">a.C.</era>
						<era type="1">d.C.</era>
					</eraAbbr>
				</eras>
				<dateFormats>
					<dateFormatLength type="full">
						<dateFormat>
							<pattern>EEEE d' de 'MMMM' de 'yyyy</pattern>
						</dateFormat>
					</dateFormatLength>
					<dateFormatLength type="long">
						<dateFormat>
							<pattern>d' de 'MMMM' de 'yyyy</pattern>
						</dateFormat>
					</dateFormatLength>
					<dateFormatLength type="medium">
						<dateFormat>
							<pattern>dd-MMM-yy</pattern>
						</dateFormat>
					</dateFormatLength>
					<dateFormatLength type="short">
						<dateFormat>
							<pattern>d/MM/yy</pattern>
						</dateFormat>
					</dateFormatLength>
				</dateFormats>
				<timeFormats>
					<timeFormatLength type="full">
						<timeFormat>
							<pattern>HH'H'mm''ss&quot; z</pattern>
						</timeFormat>
					</timeFormatLength>
				</timeFormats>
			</calendar>
		</calendars>
		<timeZoneNames>
			<zone type="America/Los_Angeles">
				<long>
					<standard>Hora estándar del Pacífico</standard>
					<daylight>Hora de verano del Pacífico</daylight>
				</long>
				<short>
					<standard>PST</standard>
					<daylight>PDT</daylight>
				</short>
				<exemplarCity>Los Ángeles</exemplarCity>
			</zone>
			<zone type="America/Denver">
				<long>
					<standard>Hora estándar de Montaña</standard>
					<daylight>Hora de verano de Montaña</daylight>
				</long>
				<short>
					<standard>MST</standard>
					<daylight>MDT</daylight>
				</short>
				<exemplarCity>Denver</exemplarCity>
			</zone>
			<zone type="America/Phoenix">
				<long>
					<standard>Hora estándar de Montaña</standard>
					<daylight>Hora estándar de Montaña</daylight>
				</long>
				<short>
					<standard>MST</standard>
					<daylight>MST</daylight>
				</short>
				<exemplarCity>Phoenix</exemplarCity>
			</zone>
			<zone type="America/Chicago">
				<long>
					<standard>Hora estándar central</standard>
					<daylight>Hora de verano central</daylight>
				</long>
				<short>
					<standard>CST</standard>
					<daylight>CDT</daylight>
				</short>
				<exemplarCity>Chicago</exemplarCity>
			</zone>
			<zone type="America/New_York">
				<long>
					<standard>Hora estándar oriental</standard>
					<daylight>Hora de verano oriental</daylight>
				</long>
				<short>
					<standard>EST</standard>
					<daylight>EDT</daylight>
				</short>
				<exemplarCity>Nueva York</exemplarCity>
			</zone>
			<zone type="America/Indianapolis">
				<long>
					<standard>Hora estándar oriental</standard>
					<daylight>Hora estándar oriental</daylight>
				</long>
				<short>
					<standard>EST</standard>
					<daylight>EST</daylight>
				</short>
				<exemplarCity>Indianápolis</exemplarCity>
			</zone>
			<zone type="Pacific/Honolulu">
				<long>
					<standard>Hora estándar de Hawai</standard>
					<daylight>Hora estándar de Hawai</daylight>
				</long>
				<short>
					<standard>HST</standard>
					<daylight>HST</daylight>
				</short>
				<exemplarCity>Honolulu</exemplarCity>
			</zone>
			<zone type="America/Anchorage">
				<long>
					<standard>Hora estándar de Alaska</standard>
					<daylight>Hora de verano de Alaska</daylight>
				</long>
				<short>
					<standard>AST</standard>
					<daylight>ADT</daylight>
				</short>
				<exemplarCity>Anchorage</exemplarCity>
			</zone>
			<zone type="America/Halifax">
				<long>
					<standard>Hora estándar del Atlántico</standard>
					<daylight>Hora de verano del Atlántico</daylight>
				</long>
				<short>
					<standard>AST</standard>
					<daylight>ADT</daylight>
				</short>
				<exemplarCity>Halifax</exemplarCity>
			</zone>
			<zone type="America/St_Johns">
				<long>
					<standard>Hora estándar de Newfoundland</standard>
					<daylight>Hora de verano de Newfoundland</daylight>
				</long>
				<short>
					<standard>CNT</standard>
					<daylight>CDT</daylight>
				</short>
				<exemplarCity>St. Johns</exemplarCity>
			</zone>
			<zone type="Europe/Paris">
				<long>
					<standard>Hora estándar de Europa Central</standard>
					<daylight>Hora de verano de Europa Central</daylight>
				</long>
				<short>
					<standard>CET</standard>
					<daylight>CEST</daylight>
				</short>
				<exemplarCity>París</exemplarCity>
			</zone>
			<zone type="Etc/GMT">
				<long>
					<standard>Hora media de Greenwich</standard>
					<daylight>Hora media de Greenwich</daylight>
				</long>
				<short>
					<standard>GMT</standard>
					<daylight>GMT</daylight>
				</short>
				<exemplarCity>Londres</exemplarCity>
			</zone>
			<zone type="Africa/Casablanca">
				<long>
					<standard>Hora media de Greenwich</standard>
					<daylight>Hora media de Greenwich</daylight>
				</long>
				<short>
					<standard>GMT</standard>
					<daylight>GMT</daylight>
				</short>
				<exemplarCity>Casablanca</exemplarCity>
			</zone>
			<zone type="Asia/Jerusalem">
				<long>
					<standard>Hora estándar de Israel</standard>
					<daylight>Hora de verano de Israel</daylight>
				</long>
				<short>
					<standard>IST</standard>
					<daylight>IDT</daylight>
				</short>
				<exemplarCity>Jerusalén</exemplarCity>
			</zone>
			<zone type="Asia/Tokyo">
				<long>
					<standard>Hora estándar de Japón</standard>
					<daylight>Hora estándar de Japón</daylight>
				</long>
				<short>
					<standard>JST</standard>
					<daylight>JST</daylight>
				</short>
				<exemplarCity>Tokio</exemplarCity>
			</zone>
			<zone type="Europe/Bucharest">
				<long>
					<standard>Hora estándar de Europa del Este</standard>
					<daylight>Hora de verano de Europa del Este</daylight>
				</long>
				<short>
					<standard>EET</standard>
					<daylight>EEST</daylight>
				</short>
				<exemplarCity>Bucarest</exemplarCity>
			</zone>
			<zone type="Asia/Shanghai">
				<long>
					<standard>Hora estándar de China</standard>
					<daylight>Hora estándar de China</daylight>
				</long>
				<short>
					<standard>CTT</standard>
					<daylight>CDT</daylight>
				</short>
				<exemplarCity>Shanghai</exemplarCity>
			</zone>
		</timeZoneNames>
	</dates>
	<numbers>
		<currencyFormats>
			<currencyFormatLength>
				<currencyFormat>
					<pattern>¤#,##0.00;(¤#,##0.00)</pattern>
				</currencyFormat>
			</currencyFormatLength>
		</currencyFormats>
		<currencies>
			<currency type="ADD">
				<displayName>diner andorrano</displayName>
				<symbol>ADD</symbol>
			</currency>
			<currency type="ADP">
				<displayName>peseta andorrana</displayName>
				<symbol>ADP</symbol>
			</currency>
			<currency type="AED">
				<displayName>dirham de los Emiratos Árabes Unidos</displayName>
				<symbol>AED</symbol>
			</currency>
			<currency type="AFA">
				<displayName>afgani (1927-2002)</displayName>
				<symbol>AFA</symbol>
			</currency>
			<currency type="AFN">
				<displayName>afgani</displayName>
				<symbol>Af</symbol>
			</currency>
			<currency type="AIF">
				<displayName>franco de Affars e Issas</displayName>
				<symbol>AIF</symbol>
			</currency>
			<currency type="ALK">
				<displayName>lek albanés (1946-1961)</displayName>
				<symbol>ALK</symbol>
			</currency>
			<currency type="ALL">
				<displayName>lek albanés</displayName>
				<symbol>lek</symbol>
			</currency>
			<currency type="ALV">
				<displayName>lek valute albanés</displayName>
				<symbol>ALV</symbol>
			</currency>
			<currency type="ALX">
				<displayName>certificados de cambio albaneses en dólares</displayName>
				<symbol>ALX</symbol>
			</currency>
			<currency type="AMD">
				<displayName>dram armenio</displayName>
				<symbol>dram</symbol>
			</currency>
			<currency type="ANG">
				<displayName>florín de las Antillas Neerlandesas</displayName>
				<symbol>NA f.</symbol>
			</currency>
			<currency type="AOA">
				<displayName>kwanza angoleño</displayName>
				<symbol>AOA</symbol>
			</currency>
			<currency type="AOK">
				<displayName>kwanza angoleño (1977-1990)</displayName>
				<symbol>AOK</symbol>
			</currency>
			<currency type="AON">
				<displayName>nuevo kwanza angoleño (1990-2000)</displayName>
				<symbol>AON</symbol>
			</currency>
			<currency type="AOR">
				<displayName>kwanza reajustado angoleño (1995-1999)</displayName>
				<symbol>AOR</symbol>
			</currency>
			<currency type="AOS">
				<displayName>escudo angoleño</displayName>
				<symbol>AOS</symbol>
			</currency>
			<currency type="ARA">
				<displayName>austral argentino</displayName>
				<symbol>ARA</symbol>
			</currency>
			<currency type="ARM">
				<displayName>peso moneda nacional argentino</displayName>
				<symbol>ARM</symbol>
			</currency>
			<currency type="ARP">
				<displayName>peso argentino (1983-1985)</displayName>
				<symbol>ARP</symbol>
			</currency>
			<currency type="ARS">
				<displayName>peso argentino</displayName>
				<symbol>Arg$</symbol>
			</currency>
			<currency type="ATS">
				<displayName>chelín austriaco</displayName>
				<symbol>ATS</symbol>
			</currency>
			<currency type="AUD">
				<displayName>dólar australiano</displayName>
				<symbol>$A</symbol>
			</currency>
			<currency type="AUP">
				<displayName>libra australiana</displayName>
				<symbol>AUP</symbol>
			</currency>
			<currency type="AWG">
				<displayName>florín de Aruba</displayName>
				<symbol>AWG</symbol>
			</currency>
			<currency type="AZM">
				<displayName>manat azerí</displayName>
				<symbol>AZM</symbol>
			</currency>
			<currency type="BAD">
				<displayName>dinar bosnio</displayName>
				<symbol>BAD</symbol>
			</currency>
			<currency type="BAM">
				<displayName>marco bosnio convertible</displayName>
				<symbol>KM</symbol>
			</currency>
			<currency type="BAN">
				<displayName>nuevo dinar bosnio</displayName>
				<symbol>BAN</symbol>
			</currency>
			<currency type="BBD">
				<displayName>dólar de Barbados</displayName>
				<symbol>BDS$</symbol>
			</currency>
			<currency type="BDT">
				<displayName>taka de Bangladesh</displayName>
				<symbol>Tk</symbol>
			</currency>
			<currency type="BEC">
				<displayName>franco belga (convertible)</displayName>
				<symbol>BEC</symbol>
			</currency>
			<currency type="BEF">
				<displayName>franco belga</displayName>
				<symbol>BF</symbol>
			</currency>
			<currency type="BEL">
				<displayName>franco belga (financiero)</displayName>
				<symbol>BEL</symbol>
			</currency>
			<currency type="BGL">
				<displayName>lev fuerte búlgaro</displayName>
				<symbol>lev</symbol>
			</currency>
			<currency type="BGM">
				<displayName>lev socialista búlgaro</displayName>
				<symbol>BGM</symbol>
			</currency>
			<currency type="BGN">
				<displayName>nuevo lev búlgaro</displayName>
				<symbol>BGN</symbol>
			</currency>
			<currency type="BGO">
				<displayName>lev búlgaro (1879-1952)</displayName>
				<symbol>BGO</symbol>
			</currency>
			<currency type="BGX">
				<displayName>certificados de cambio búlgaros en leva</displayName>
				<symbol>BGX</symbol>
			</currency>
			<currency type="BHD">
				<displayName>dinar bahreiní</displayName>
				<symbol>BD</symbol>
			</currency>
			<currency type="BIF">
				<displayName>franco de Burundi</displayName>
				<symbol>Fbu</symbol>
			</currency>
			<currency type="BMD">
				<displayName>dólar de Bermudas</displayName>
				<symbol>Ber$</symbol>
			</currency>
			<currency type="BMP">
				<displayName>libra de Bermudas</displayName>
				<symbol>BMP</symbol>
			</currency>
			<currency type="BND">
				<displayName>dólar de Brunéi</displayName>
				<symbol>BND</symbol>
			</currency>
			<currency type="BOB">
				<displayName>boliviano</displayName>
				<symbol>Bs</symbol>
			</currency>
			<currency type="BOL">
				<displayName>boliviano (1863-1962)</displayName>
				<symbol>BOL</symbol>
			</currency>
			<currency type="BOP">
				<displayName>peso boliviano</displayName>
				<symbol>BOP</symbol>
			</currency>
			<currency type="BOV">
				<displayName>MVDOL boliviano</displayName>
				<symbol>BOV</symbol>
			</currency>
			<currency type="BRB">
				<displayName>nuevo cruceiro brasileño (1967-1986)</displayName>
				<symbol>BRB</symbol>
			</currency>
			<currency type="BRC">
				<displayName>cruzado brasileño</displayName>
				<symbol>BRC</symbol>
			</currency>
			<currency type="BRE">
				<displayName>cruceiro brasileño (1990-1993)</displayName>
				<symbol>BRE</symbol>
			</currency>
			<currency type="BRL">
				<displayName>real brasileño</displayName>
				<symbol>R$</symbol>
			</currency>
			<currency type="BRN">
				<displayName>nuevo cruzado brasileño</displayName>
				<symbol>BRN</symbol>
			</currency>
			<currency type="BRR">
				<displayName>cruceiro brasileño</displayName>
				<symbol>BRR</symbol>
			</currency>
			<currency type="BRZ">
				<displayName>cruceiro brasileño (1942-1967)</displayName>
				<symbol>BRZ</symbol>
			</currency>
			<currency type="BSD">
				<displayName>dólar de las Bahamas</displayName>
				<symbol>BSD</symbol>
			</currency>
			<currency type="BSP">
				<displayName>libra de las Bahamas</displayName>
				<symbol>BSP</symbol>
			</currency>
			<currency type="BTN">
				<displayName>ngultrum butanés</displayName>
				<symbol>Nu</symbol>
			</currency>
			<currency type="BTR">
				<displayName>rupia butanesa</displayName>
				<symbol>BTR</symbol>
			</currency>
			<currency type="BUK">
				<displayName>kyat birmano</displayName>
				<symbol>BUK</symbol>
			</currency>
			<currency type="BUR">
				<displayName>rupia birmana</displayName>
				<symbol>BUR</symbol>
			</currency>
			<currency type="BWP">
				<displayName>pula botsuano</displayName>
				<symbol>BWP</symbol>
			</currency>
			<currency type="BYB">
				<displayName>nuevo rublo bielorruso (1994-1999)</displayName>
				<symbol>BYB</symbol>
			</currency>
			<currency type="BYL">
				<displayName>rublo bielorruso (1992-1994)</displayName>
				<symbol>BYL</symbol>
			</currency>
			<currency type="BYR">
				<displayName>rublo bielorruso</displayName>
				<symbol>Rbl</symbol>
			</currency>
			<currency type="BZD">
				<displayName>dólar de Belice</displayName>
				<symbol>BZ$</symbol>
			</currency>
			<currency type="BZH">
				<displayName>dólar de Honduras Británica</displayName>
				<symbol>BZH</symbol>
			</currency>
			<currency type="CAD">
				<displayName>dólar canadiense</displayName>
				<symbol>Can$</symbol>
			</currency>
			<currency type="CDF">
				<displayName>franco congoleño</displayName>
				<symbol>CDF</symbol>
			</currency>
			<currency type="CDG">
				<displayName>franco de la República del Congo</displayName>
				<symbol>CDG</symbol>
			</currency>
			<currency type="CDL">
				<displayName>zaire congoleño</displayName>
				<symbol>CDL</symbol>
			</currency>
			<currency type="CFF">
				<displayName>franco CFA de la República Centroafricana</displayName>
				<symbol>CFF</symbol>
			</currency>
			<currency type="CHF">
				<displayName>franco suizo</displayName>
				<symbol>SwF</symbol>
			</currency>
			<currency type="CKD">
				<displayName>dólar de las Islas Cook</displayName>
				<symbol>CKD</symbol>
			</currency>
			<currency type="CLC">
				<displayName>cóndor chileno</displayName>
				<symbol>CLC</symbol>
			</currency>
			<currency type="CLE">
				<displayName>escudo chileno</displayName>
				<symbol>CLE</symbol>
			</currency>
			<currency type="CLF">
				<displayName>unidad de fomento chilena</displayName>
				<symbol>CLF</symbol>
			</currency>
			<currency type="CLP">
				<displayName>peso chileno</displayName>
				<symbol>Ch$</symbol>
			</currency>
			<currency type="CMF">
				<displayName>franco CFA de Camerún</displayName>
				<symbol>CMF</symbol>
			</currency>
			<currency type="CNP">
				<displayName>jen min piao yuan chino</displayName>
				<symbol>CNP</symbol>
			</currency>
			<currency type="CNX">
				<displayName>certificados de cambio chinos en dólares estadounidenses</displayName>
				<symbol>CNX</symbol>
			</currency>
			<currency type="CNY">
				<displayName>yuan renminbi chino</displayName>
				<symbol>Y</symbol>
			</currency>
			<currency type="COB">
				<displayName>peso de papel colombiano</displayName>
				<symbol>COB</symbol>
			</currency>
			<currency type="COF">
				<displayName>franco CFA del Congo</displayName>
				<symbol>COF</symbol>
			</currency>
			<currency type="COP">
				<displayName>peso colombiano</displayName>
				<symbol>Col$</symbol>
			</currency>
			<currency type="CRC">
				<displayName>colón costarricense</displayName>
				<symbol>C</symbol>
			</currency>
			<currency type="CSC">
				<displayName>corona checoslovaca</displayName>
				<symbol>CSC</symbol>
			</currency>
			<currency type="CSK">
				<displayName>corona fuerte checoslovaca</displayName>
				<symbol>CSK</symbol>
			</currency>
			<currency type="CUP">
				<displayName>peso cubano</displayName>
				<symbol>CUP</symbol>
			</currency>
			<currency type="CUX">
				<displayName>certificados de cambio cubanos</displayName>
				<symbol>CUX</symbol>
			</currency>
			<currency type="CVE">
				<displayName>escudo de Cabo Verde</displayName>
				<symbol>CVEsc</symbol>
			</currency>
			<currency type="CWG">
				<displayName>florín de Curazao</displayName>
				<symbol>CWG</symbol>
			</currency>
			<currency type="CYP">
				<displayName>libra chipriota</displayName>
				<symbol>£C</symbol>
			</currency>
			<currency type="CZK">
				<displayName>corona checa</displayName>
				<symbol>CZK</symbol>
			</currency>
			<currency type="DDM">
				<displayName>ostmark de Alemania del Este</displayName>
				<symbol>DDM</symbol>
			</currency>
			<currency type="DEM">
				<displayName>marco alemán</displayName>
				<symbol>DEM</symbol>
			</currency>
			<currency type="DES">
				<displayName>sperrmark alemán</displayName>
				<symbol>DES</symbol>
			</currency>
			<currency type="DJF">
				<displayName>franco de Yibuti</displayName>
				<symbol>DF</symbol>
			</currency>
			<currency type="DKK">
				<displayName>corona danesa</displayName>
				<symbol>DKr</symbol>
			</currency>
			<currency type="DOP">
				<displayName>peso dominicano</displayName>
				<symbol>RD$</symbol>
			</currency>
			<currency type="DZD">
				<displayName>dinar argelino</displayName>
				<symbol>DA</symbol>
			</currency>
			<currency type="DZF">
				<displayName>nuevo franco argelino</displayName>
				<symbol>DZF</symbol>
			</currency>
			<currency type="DZG">
				<displayName>franco germinal argelino</displayName>
				<symbol>DZG</symbol>
			</currency>
			<currency type="ECS">
				<displayName>sucre ecuatoriano</displayName>
				<symbol>ECS</symbol>
			</currency>
			<currency type="ECV">
				<displayName>unidad de valor constante (UVC) ecuatoriana</displayName>
				<symbol>ECV</symbol>
			</currency>
			<currency type="EEK">
				<displayName>corona estonia</displayName>
				<symbol>EEK</symbol>
			</currency>
			<currency type="EGP">
				<displayName>libra egipcia</displayName>
				<symbol>EGP</symbol>
			</currency>
			<currency type="ERN">
				<displayName>nakfa eritreo</displayName>
				<symbol>ERN</symbol>
			</currency>
			<currency type="ESP">
				<displayName>peseta española</displayName>
				<symbol>₧</symbol>
			</currency>
			<currency type="ETB">
				<displayName>birr etíope</displayName>
				<symbol>Br</symbol>
			</currency>
			<currency type="ETD">
				<displayName>dólar etíope</displayName>
				<symbol>ETD</symbol>
			</currency>
			<currency type="EUR">
				<displayName>euro</displayName>
			</currency>
			<currency type="FIM">
				<displayName>marco finlandés</displayName>
				<symbol>FIM</symbol>
			</currency>
			<currency type="FIN">
				<displayName>marco finlandés (1860-1962)</displayName>
				<symbol>FIN</symbol>
			</currency>
			<currency type="FJD">
				<displayName>dólar de las Islas Fiyi</displayName>
				<symbol>F$</symbol>
			</currency>
			<currency type="FJP">
				<displayName>libra de las Islas Fiyi</displayName>
				<symbol>FJP</symbol>
			</currency>
			<currency type="FKP">
				<displayName>libra de las Islas Malvinas</displayName>
				<symbol>FKP</symbol>
			</currency>
			<currency type="FOK">
				<displayName>corona de las Islas Feroe</displayName>
				<symbol>FOK</symbol>
			</currency>
			<currency type="FRF">
				<displayName>franco francés</displayName>
				<symbol>FRF</symbol>
			</currency>
			<currency type="FRG">
				<displayName>franco germinal/franco Poincaré francés</displayName>
				<symbol>FRG</symbol>
			</currency>
			<currency type="GAF">
				<displayName>franco CFA de Gabón</displayName>
				<symbol>GAF</symbol>
			</currency>
			<currency type="GBP">
				<displayName>libra esterlina británica</displayName>
			</currency>
			<currency type="GEK">
				<displayName>kupon larit georgiano</displayName>
				<symbol>GEK</symbol>
			</currency>
			<currency type="GEL">
				<displayName>lari georgiano</displayName>
				<symbol>lari</symbol>
			</currency>
			<currency type="GHC">
				<displayName>cedi ghanés</displayName>
				<symbol>GHC</symbol>
			</currency>
			<currency type="GHO">
				<displayName>antiguo cedi ghanés</displayName>
				<symbol>GHO</symbol>
			</currency>
			<currency type="GHP">
				<displayName>libra ghanesa</displayName>
				<symbol>GHP</symbol>
			</currency>
			<currency type="GHR">
				<displayName>cedi revaluado ghanés</displayName>
				<symbol>GHR</symbol>
			</currency>
			<currency type="GIP">
				<displayName>libra de Gibraltar</displayName>
				<symbol>GIP</symbol>
			</currency>
			<currency type="GLK">
				<displayName>corona de Groenlandia</displayName>
				<symbol>GLK</symbol>
			</currency>
			<currency type="GMD">
				<displayName>dalasi gambiano</displayName>
				<symbol>GMD</symbol>
			</currency>
			<currency type="GMP">
				<displayName>libra gambiana</displayName>
				<symbol>GMP</symbol>
			</currency>
			<currency type="GNF">
				<displayName>franco guineo</displayName>
				<symbol>GF</symbol>
			</currency>
			<currency type="GNI">
				<displayName>franco guineo (1960-1972)</displayName>
				<symbol>GNI</symbol>
			</currency>
			<currency type="GNS">
				<displayName>syli guineano</displayName>
				<symbol>GNS</symbol>
			</currency>
			<currency type="GPF">
				<displayName>franco de Guadalupe</displayName>
				<symbol>GPF</symbol>
			</currency>
			<currency type="GQE">
				<displayName>ekuele de Guinea Ecuatorial</displayName>
				<symbol>GQE</symbol>
			</currency>
			<currency type="GQF">
				<displayName>franco de Guinea Ecuatorial</displayName>
				<symbol>GQF</symbol>
			</currency>
			<currency type="GQP">
				<displayName>peseta guineana de Guinea Ecuatorial</displayName>
				<symbol>GQP</symbol>
			</currency>
			<currency type="GRD">
				<displayName>dracma griego</displayName>
				<symbol>GRD</symbol>
			</currency>
			<currency type="GRN">
				<displayName>nuevo dracma griego</displayName>
				<symbol>GRN</symbol>
			</currency>
			<currency type="GTQ">
				<displayName>quetzal guatemalteco</displayName>
				<symbol>Q</symbol>
			</currency>
			<currency type="GUF">
				<displayName>franco guayanés de la Guayana Francesa</displayName>
				<symbol>GUF</symbol>
			</currency>
			<currency type="GWE">
				<displayName>escudo de Guinea Portuguesa</displayName>
				<symbol>GWE</symbol>
			</currency>
			<currency type="GWM">
				<displayName>mil reis de Guinea Portuguesa</displayName>
				<symbol>GWM</symbol>
			</currency>
			<currency type="GWP">
				<displayName>peso de Guinea-Bissáu</displayName>
				<symbol>GWP</symbol>
			</currency>
			<currency type="GYD">
				<displayName>dólar guyanés</displayName>
				<symbol>G$</symbol>
			</currency>
			<currency type="HKD">
				<displayName>dólar de Hong Kong</displayName>
				<symbol>HK$</symbol>
			</currency>
			<currency type="HNL">
				<displayName>lempira hondureño</displayName>
				<symbol>L</symbol>
			</currency>
			<currency type="HRD">
				<displayName>dinar croata</displayName>
				<symbol>HRD</symbol>
			</currency>
			<currency type="HRK">
				<displayName>kuna croata</displayName>
				<symbol>HRK</symbol>
			</currency>
			<currency type="HTG">
				<displayName>gourde haitiano</displayName>
				<symbol>HTG</symbol>
			</currency>
			<currency type="HUF">
				<displayName>forinto húngaro</displayName>
				<symbol>Ft</symbol>
			</currency>
			<currency type="IBP">
				<displayName>libra de Irlanda del Norte</displayName>
				<symbol>IBP</symbol>
			</currency>
			<currency type="IDG">
				<displayName>florín Nica indonesio</displayName>
				<symbol>IDG</symbol>
			</currency>
			<currency type="IDJ">
				<displayName>rupia Java indonesia</displayName>
				<symbol>IDJ</symbol>
			</currency>
			<currency type="IDN">
				<displayName>nueva rupia indonesia</displayName>
				<symbol>IDN</symbol>
			</currency>
			<currency type="IDR">
				<displayName>rupia indonesia</displayName>
				<symbol>Rp</symbol>
			</currency>
			<currency type="IEP">
				<displayName>libra irlandesa</displayName>
				<symbol>IR£</symbol>
			</currency>
			<currency type="ILL">
				<displayName>sheqel israelí</displayName>
				<symbol>ILL</symbol>
			</currency>
			<currency type="ILP">
				<displayName>libra israelí</displayName>
				<symbol>ILP</symbol>
			</currency>
			<currency type="ILS">
				<displayName>nuevo sheqel israelí</displayName>
				<symbol>ILS</symbol>
			</currency>
			<currency type="IMP">
				<displayName>libra esterlina de la Isla de Man</displayName>
				<symbol>IMP</symbol>
			</currency>
			<currency type="INR">
				<displayName>rupia india</displayName>
			</currency>
			<currency type="IQD">
				<displayName>dinar iraquí</displayName>
				<symbol>ID</symbol>
			</currency>
			<currency type="IRR">
				<displayName>rial iraní</displayName>
				<symbol>RI</symbol>
			</currency>
			<currency type="ISK">
				<displayName>corona islandesa</displayName>
				<symbol>ISK</symbol>
			</currency>
			<currency type="ITL">
				<displayName>lira italiana</displayName>
			</currency>
			<currency type="JEP">
				<displayName>libra esterlina de Jersey</displayName>
				<symbol>JEP</symbol>
			</currency>
			<currency type="JMD">
				<displayName>dólar de Jamaica</displayName>
				<symbol>J$</symbol>
			</currency>
			<currency type="JMP">
				<displayName>libra jamaicana</displayName>
				<symbol>JMP</symbol>
			</currency>
			<currency type="JOD">
				<displayName>dinar jordano</displayName>
				<symbol>JD</symbol>
			</currency>
			<currency type="JPY">
				<displayName>yen japonés</displayName>
			</currency>
			<currency type="KES">
				<displayName>chelín keniata</displayName>
				<symbol>K Sh</symbol>
			</currency>
			<currency type="KGS">
				<displayName>som kirguís</displayName>
				<symbol>som</symbol>
			</currency>
			<currency type="KHO">
				<displayName>antiguo riel camboyano</displayName>
				<symbol>KHO</symbol>
			</currency>
			<currency type="KHR">
				<displayName>riel camboyano</displayName>
				<symbol>CR</symbol>
			</currency>
			<currency type="KID">
				<displayName>dólar de Kiribati</displayName>
				<symbol>KID</symbol>
			</currency>
			<currency type="KMF">
				<displayName>franco comorense</displayName>
				<symbol>CF</symbol>
			</currency>
			<currency type="KPP">
				<displayName>won del pueblo norcoreano</displayName>
				<symbol>KPP</symbol>
			</currency>
			<currency type="KPW">
				<displayName>won norcoreano</displayName>
				<symbol>KPW</symbol>
			</currency>
			<currency type="KRH">
				<displayName>hwan surcoreano</displayName>
				<symbol>KRH</symbol>
			</currency>
			<currency type="KRO">
				<displayName>antiguo won surcoreano</displayName>
				<symbol>KRO</symbol>
			</currency>
			<currency type="KRW">
				<displayName>won surcoreano</displayName>
				<symbol>KRW</symbol>
			</currency>
			<currency type="KWD">
				<displayName>dinar kuwaití</displayName>
				<symbol>KD</symbol>
			</currency>
			<currency type="KYD">
				<displayName>dólar de las Islas Caimán</displayName>
				<symbol>KYD</symbol>
			</currency>
			<currency type="KZR">
				<displayName>rublo kazako</displayName>
				<symbol>KZR</symbol>
			</currency>
			<currency type="KZT">
				<displayName>tenge kazako</displayName>
				<symbol>T</symbol>
			</currency>
			<currency type="LAK">
				<displayName>kip laosiano</displayName>
				<symbol>LAK</symbol>
			</currency>
			<currency type="LBP">
				<displayName>libra libanesa</displayName>
				<symbol>LL</symbol>
			</currency>
			<currency type="LIF">
				<displayName>franco de Liechtenstein</displayName>
				<symbol>LIF</symbol>
			</currency>
			<currency type="LKR">
				<displayName>rupia de Sri Lanka</displayName>
				<symbol>SL Re</symbol>
			</currency>
			<currency type="LNR">
				<displayName>rupia cingalesa</displayName>
				<symbol>LNR</symbol>
			</currency>
			<currency type="LRD">
				<displayName>dólar liberiano</displayName>
				<symbol>LRD</symbol>
			</currency>
			<currency type="LSL">
				<displayName>loti lesothense</displayName>
				<symbol>M</symbol>
			</currency>
			<currency type="LTL">
				<displayName>litas lituano</displayName>
				<symbol>LTL</symbol>
			</currency>
			<currency type="LTT">
				<displayName>talonas lituano</displayName>
				<symbol>LTT</symbol>
			</currency>
			<currency type="LUF">
				<displayName>franco luxemburgués</displayName>
				<symbol>LUF</symbol>
			</currency>
			<currency type="LVL">
				<displayName>lats letón</displayName>
				<symbol>LVL</symbol>
			</currency>
			<currency type="LVR">
				<displayName>rublo letón</displayName>
				<symbol>LVR</symbol>
			</currency>
			<currency type="LYB">
				<displayName>lira libia de la Autoridad Militar Británica</displayName>
				<symbol>LYB</symbol>
			</currency>
			<currency type="LYD">
				<displayName>dinar libio</displayName>
				<symbol>LD</symbol>
			</currency>
			<currency type="LYP">
				<displayName>libra libia</displayName>
				<symbol>LYP</symbol>
			</currency>
			<currency type="MAD">
				<displayName>dirham marroquí</displayName>
				<symbol>MAD</symbol>
			</currency>
			<currency type="MAF">
				<displayName>franco marroquí</displayName>
				<symbol>MAF</symbol>
			</currency>
			<currency type="MCF">
				<displayName>nuevo franco monegasco</displayName>
				<symbol>MCF</symbol>
			</currency>
			<currency type="MCG">
				<displayName>franco germinal monegasco</displayName>
				<symbol>MCG</symbol>
			</currency>
			<currency type="MDC">
				<displayName>cupón leu moldavo</displayName>
				<symbol>MDC</symbol>
			</currency>
			<currency type="MDL">
				<displayName>leu moldavo</displayName>
				<symbol>MDL</symbol>
			</currency>
			<currency type="MDR">
				<displayName>cupón rublo moldavo</displayName>
				<symbol>MDR</symbol>
			</currency>
			<currency type="MGA">
				<displayName>ariary malgache</displayName>
				<symbol>MGA</symbol>
			</currency>
			<currency type="MGF">
				<displayName>franco malgache</displayName>
				<symbol>MGF</symbol>
			</currency>
			<currency type="MHD">
				<displayName>dólar de las Islas Marshall</displayName>
				<symbol>MHD</symbol>
			</currency>
			<currency type="MKD">
				<displayName>dinar macedonio</displayName>
				<symbol>MDen</symbol>
			</currency>
			<currency type="MKN">
				<displayName>dinar macedonio (1992-1993)</displayName>
				<symbol>MKN</symbol>
			</currency>
			<currency type="MLF">
				<displayName>franco malí</displayName>
				<symbol>MLF</symbol>
			</currency>
			<currency type="MMK">
				<displayName>kyat de Myanmar</displayName>
				<symbol>MMK</symbol>
			</currency>
			<currency type="MMX">
				<displayName>certificados de cambio birmanos en dólares</displayName>
				<symbol>MMX</symbol>
			</currency>
			<currency type="MNT">
				<displayName>tugrik mongol</displayName>
				<symbol>Tug</symbol>
			</currency>
			<currency type="MOP">
				<displayName>pataca de Macao</displayName>
				<symbol>MOP</symbol>
			</currency>
			<currency type="MQF">
				<displayName>franco de Martinica</displayName>
				<symbol>MQF</symbol>
			</currency>
			<currency type="MRO">
				<displayName>ouguiya mauritano</displayName>
				<symbol>UM</symbol>
			</currency>
			<currency type="MTL">
				<displayName>lira maltesa</displayName>
				<symbol>Lm</symbol>
			</currency>
			<currency type="MTP">
				<displayName>libra maltesa</displayName>
				<symbol>MTP</symbol>
			</currency>
			<currency type="MUR">
				<displayName>rupia mauriciana</displayName>
				<symbol>MUR</symbol>
			</currency>
			<currency type="MVP">
				<displayName>rupia de Maldivas</displayName>
				<symbol>MVP</symbol>
			</currency>
			<currency type="MVR">
				<displayName>rufiyaa de Maldivas</displayName>
				<symbol>MVR</symbol>
			</currency>
			<currency type="MWK">
				<displayName>kwacha de Malawi</displayName>
				<symbol>MK</symbol>
			</currency>
			<currency type="MWP">
				<displayName>libra de Malawi</displayName>
				<symbol>MWP</symbol>
			</currency>
			<currency type="MXN">
				<displayName>peso mexicano</displayName>
				<symbol>MEX$</symbol>
			</currency>
			<currency type="MXP">
				<displayName>peso de plata mexicano (1861-1992)</displayName>
				<symbol>MXP</symbol>
			</currency>
			<currency type="MXV">
				<displayName>unidad de inversión (UDI) mexicana</displayName>
				<symbol>MXV</symbol>
			</currency>
			<currency type="MYR">
				<displayName>ringgit malasio</displayName>
				<symbol>RM</symbol>
			</currency>
			<currency type="MZE">
				<displayName>escudo mozambiqueño</displayName>
				<symbol>MZE</symbol>
			</currency>
			<currency type="MZM">
				<displayName>metical mozambiqueño</displayName>
				<symbol>Mt</symbol>
			</currency>
			<currency type="NAD">
				<displayName>dólar de Namibia</displayName>
				<symbol>N$</symbol>
			</currency>
			<currency type="NCF">
				<displayName>franco germinal de Nueva Caledonia</displayName>
				<symbol>NCF</symbol>
			</currency>
			<currency type="NGN">
				<displayName>naira nigeriano</displayName>
				<symbol>NGN</symbol>
			</currency>
			<currency type="NGP">
				<displayName>libra nigeriana</displayName>
				<symbol>NGP</symbol>
			</currency>
			<currency type="NHF">
				<displayName>franco CFP de las Nuevas Hébridas</displayName>
				<symbol>NHF</symbol>
			</currency>
			<currency type="NIC">
				<displayName>córdoba nicaragüense</displayName>
				<symbol>NIC</symbol>
			</currency>
			<currency type="NIG">
				<displayName>córdoba oro nicaragüense</displayName>
				<symbol>NIG</symbol>
			</currency>
			<currency type="NIO">
				<displayName>córdoba oro nicaragüense</displayName>
				<symbol>NIO</symbol>
			</currency>
			<currency type="NLG">
				<displayName>florín neerlandés</displayName>
				<symbol>NLG</symbol>
			</currency>
			<currency type="NOK">
				<displayName>corona noruega</displayName>
				<symbol>NKr</symbol>
			</currency>
			<currency type="NPR">
				<displayName>rupia nepalesa</displayName>
				<symbol>Nrs</symbol>
			</currency>
			<currency type="NZD">
				<displayName>dólar neozelandés</displayName>
				<symbol>$NZ</symbol>
			</currency>
			<currency type="NZP">
				<displayName>libra neozelandesa</displayName>
				<symbol>NZP</symbol>
			</currency>
			<currency type="OMR">
				<displayName>rial omaní</displayName>
				<symbol>RO</symbol>
			</currency>
			<currency type="OMS">
				<displayName>rial saidi omaní</displayName>
				<symbol>OMS</symbol>
			</currency>
			<currency type="PAB">
				<displayName>balboa panameño</displayName>
				<symbol>PAB</symbol>
			</currency>
			<currency type="PDK">
				<displayName>cupón rublo de Transdniestria</displayName>
				<symbol>PDK</symbol>
			</currency>
			<currency type="PDN">
				<displayName>nuevo rublo de Transdniestria</displayName>
				<symbol>PDN</symbol>
			</currency>
			<currency type="PDR">
				<displayName>rublo de Transdniestria</displayName>
				<symbol>PDR</symbol>
			</currency>
			<currency type="PEI">
				<displayName>inti peruano</displayName>
				<symbol>PEI</symbol>
			</currency>
			<currency type="PEN">
				<displayName>nuevo sol peruano</displayName>
				<symbol>PEN</symbol>
			</currency>
			<currency type="PES">
				<displayName>sol peruano</displayName>
				<symbol>PES</symbol>
			</currency>
			<currency type="PGK">
				<displayName>kina de Papúa Nueva Guinea</displayName>
				<symbol>PGK</symbol>
			</currency>
			<currency type="PHP">
				<displayName>peso filipino</displayName>
				<symbol>PHP</symbol>
			</currency>
			<currency type="PKR">
				<displayName>rupia pakistaní</displayName>
				<symbol>Pra</symbol>
			</currency>
			<currency type="PLN">
				<displayName>zloty polaco</displayName>
				<symbol>Zl</symbol>
			</currency>
			<currency type="PLX">
				<displayName>certificados de cambio polacos en dólares estadounidenses</displayName>
				<symbol>PLX</symbol>
			</currency>
			<currency type="PLZ">
				<displayName>zloty polaco (1950-1995)</displayName>
				<symbol>PLZ</symbol>
			</currency>
			<currency type="PSP">
				<displayName>libra palestina</displayName>
				<symbol>PSP</symbol>
			</currency>
			<currency type="PTC">
				<displayName>conto portugués</displayName>
				<symbol>PTC</symbol>
			</currency>
			<currency type="PTE">
				<displayName>escudo portugués</displayName>
				<symbol>PTE</symbol>
			</currency>
			<currency type="PYG">
				<displayName>guaraní paraguayo</displayName>
				<symbol>PYG</symbol>
			</currency>
			<currency type="QAR">
				<displayName>riyal de Qatar</displayName>
				<symbol>QR</symbol>
			</currency>
			<currency type="REF">
				<displayName>franco de Reunión</displayName>
				<symbol>REF</symbol>
			</currency>
			<currency type="ROL">
				<displayName>leu rumano</displayName>
				<symbol>leu</symbol>
			</currency>
			<currency type="RON">
				<displayName>nuevo leu rumano</displayName>
				<symbol>RON</symbol>
			</currency>
			<currency type="RUB">
				<displayName>rublo ruso</displayName>
				<symbol>RUB</symbol>
			</currency>
			<currency type="RUR">
				<displayName>rublo ruso (1991-1998)</displayName>
				<symbol>RUR</symbol>
			</currency>
			<currency type="RWF">
				<displayName>franco ruandés</displayName>
				<symbol>RWF</symbol>
			</currency>
			<currency type="SAR">
				<displayName>riyal saudí</displayName>
				<symbol>SRl</symbol>
			</currency>
			<currency type="SAS">
				<displayName>riyal soberano saudí</displayName>
				<symbol>SAS</symbol>
			</currency>
			<currency type="SBD">
				<displayName>dólar de las Islas Salomón</displayName>
				<symbol>SI$</symbol>
			</currency>
			<currency type="SCR">
				<displayName>rupia de Seychelles</displayName>
				<symbol>SR</symbol>
			</currency>
			<currency type="SDD">
				<displayName>dinar sudanés</displayName>
				<symbol>SDD</symbol>
			</currency>
			<currency type="SDP">
				<displayName>libra sudanesa</displayName>
				<symbol>SDP</symbol>
			</currency>
			<currency type="SEK">
				<displayName>corona sueca</displayName>
				<symbol>SKr</symbol>
			</currency>
			<currency type="SGD">
				<displayName>dólar singapurense</displayName>
				<symbol>S$</symbol>
			</currency>
			<currency type="SHP">
				<displayName>libra de Santa Elena</displayName>
				<symbol>SHP</symbol>
			</currency>
			<currency type="SIB">
				<displayName>tólar bons esloveno</displayName>
				<symbol>SIB</symbol>
			</currency>
			<currency type="SIT">
				<displayName>tólar esloveno</displayName>
				<symbol>SIT</symbol>
			</currency>
			<currency type="SKK">
				<displayName>corona eslovaca</displayName>
				<symbol>Sk</symbol>
			</currency>
			<currency type="SLL">
				<displayName>leone de Sierra Leona</displayName>
				<symbol>SLL</symbol>
			</currency>
			<currency type="SML">
				<displayName>lira de San Marino</displayName>
				<symbol>SML</symbol>
			</currency>
			<currency type="SOS">
				<displayName>chelín somalí</displayName>
				<symbol>So. Sh.</symbol>
			</currency>
			<currency type="SQS">
				<displayName>chelín de Somalilandia</displayName>
				<symbol>SQS</symbol>
			</currency>
			<currency type="SRG">
				<displayName>florín surinamés</displayName>
				<symbol>Sf</symbol>
			</currency>
			<currency type="SSP">
				<displayName>libra escocesa</displayName>
				<symbol>SSP</symbol>
			</currency>
			<currency type="STD">
				<displayName>dobra de Santo Tomé y Príncipe</displayName>
				<symbol>Db</symbol>
			</currency>
			<currency type="STE">
				<displayName>escudo de Santo Tomé y Príncipe</displayName>
				<symbol>STE</symbol>
			</currency>
			<currency type="SUN">
				<displayName>nuevo rublo soviético</displayName>
				<symbol>SUN</symbol>
			</currency>
			<currency type="SUR">
				<displayName>rublo soviético</displayName>
				<symbol>SUR</symbol>
			</currency>
			<currency type="SVC">
				<displayName>colón salvadoreño</displayName>
				<symbol>SVC</symbol>
			</currency>
			<currency type="SYP">
				<displayName>libra siria</displayName>
				<symbol>LS</symbol>
			</currency>
			<currency type="SZL">
				<displayName>lilangeni suazi</displayName>
				<symbol>E</symbol>
			</currency>
			<currency type="TCC">
				<displayName>corona de las Islas Turcas y Caicos</displayName>
				<symbol>TCC</symbol>
			</currency>
			<currency type="TDF">
				<displayName>franco CFA del Chad</displayName>
				<symbol>TDF</symbol>
			</currency>
			<currency type="THB">
				<displayName>baht tailandés</displayName>
				<symbol>THB</symbol>
			</currency>
			<currency type="TJR">
				<displayName>rublo tayiko</displayName>
				<symbol>TJR</symbol>
			</currency>
			<currency type="TJS">
				<displayName>somoni tayiko</displayName>
				<symbol>TJS</symbol>
			</currency>
			<currency type="TMM">
				<displayName>manat turcomano</displayName>
				<symbol>TMM</symbol>
			</currency>
			<currency type="TND">
				<displayName>dinar tunecino</displayName>
				<symbol>TND</symbol>
			</currency>
			<currency type="TOP">
				<displayName>paʻanga tongano</displayName>
				<symbol>T$</symbol>
			</currency>
			<currency type="TOS">
				<displayName>libra esterlina tongana</displayName>
				<symbol>TOS</symbol>
			</currency>
			<currency type="TPE">
				<displayName>escudo timorense</displayName>
				<symbol>TPE</symbol>
			</currency>
			<currency type="TPP">
				<displayName>pataca timorense</displayName>
				<symbol>TPP</symbol>
			</currency>
			<currency type="TRL">
				<displayName>lira turca</displayName>
				<symbol>TL</symbol>
			</currency>
			<currency type="TTD">
				<displayName>dólar de Trinidad y Tobago</displayName>
				<symbol>TT$</symbol>
			</currency>
			<currency type="TTO">
				<displayName>antiguo dólar de Trinidad y Tobago</displayName>
				<symbol>TTO</symbol>
			</currency>
			<currency type="TVD">
				<displayName>dólar de Tuvalu</displayName>
				<symbol>TVD</symbol>
			</currency>
			<currency type="TWD">
				<displayName>nuevo dólar taiwanés</displayName>
				<symbol>NT$</symbol>
			</currency>
			<currency type="TZS">
				<displayName>chelín tanzano</displayName>
				<symbol>T Sh</symbol>
			</currency>
			<currency type="UAH">
				<displayName>grivna ucraniana</displayName>
				<symbol>UAH</symbol>
			</currency>
			<currency type="UAK">
				<displayName>karbovanet ucraniano</displayName>
				<symbol>UAK</symbol>
			</currency>
			<currency type="UGS">
				<displayName>chelín ugandés (1966-1987)</displayName>
				<symbol>UGS</symbol>
			</currency>
			<currency type="UGX">
				<displayName>chelín ugandés</displayName>
				<symbol>U Sh</symbol>
			</currency>
			<currency type="USD">
				<displayName>dólar estadounidense</displayName>
				<symbol>US$</symbol>
			</currency>
			<currency type="USN">
				<displayName>dólar estadounidense (día siguiente)</displayName>
				<symbol>USN</symbol>
			</currency>
			<currency type="USS">
				<displayName>dólar estadounidense (mismo día)</displayName>
				<symbol>USS</symbol>
			</currency>
			<currency type="UYF">
				<displayName>peso fuerte uruguayo</displayName>
				<symbol>UYF</symbol>
			</currency>
			<currency type="UYP">
				<displayName>peso uruguayo (1975-1993)</displayName>
				<symbol>UYP</symbol>
			</currency>
			<currency type="UYU">
				<displayName>peso uruguayo</displayName>
				<symbol>Ur$</symbol>
			</currency>
			<currency type="UZC">
				<displayName>cupón som uzbeko</displayName>
				<symbol>UZC</symbol>
			</currency>
			<currency type="UZS">
				<displayName>sum uzbeko</displayName>
				<symbol>UZS</symbol>
			</currency>
			<currency type="VAL">
				<displayName>lira de la Ciudad del Vaticano</displayName>
				<symbol>VAL</symbol>
			</currency>
			<currency type="VDD">
				<displayName>piastre dong viet de Vietnam del Norte</displayName>
				<symbol>VDD</symbol>
			</currency>
			<currency type="VDN">
				<displayName>nuevo dong de Vietnam del Norte</displayName>
				<symbol>VDN</symbol>
			</currency>
			<currency type="VDP">
				<displayName>viet minh piastre dong viet de Vietnam del Norte</displayName>
				<symbol>VDP</symbol>
			</currency>
			<currency type="VEB">
				<displayName>bolívar venezolano</displayName>
				<symbol>Be</symbol>
			</currency>
			<currency type="VGD">
				<displayName>dólar de las Islas Vírgenes Británicas</displayName>
				<symbol>VGD</symbol>
			</currency>
			<currency type="VND">
				<displayName>dong vietnamita</displayName>
				<symbol>VND</symbol>
			</currency>
			<currency type="VNN">
				<displayName>nuevo dong vietnamita</displayName>
				<symbol>VNN</symbol>
			</currency>
			<currency type="VNR">
				<displayName>dong de la República del vietnamita</displayName>
				<symbol>VNR</symbol>
			</currency>
			<currency type="VNS">
				<displayName>dong nacional vietnamita</displayName>
				<symbol>VNS</symbol>
			</currency>
			<currency type="VUV">
				<displayName>vatu vanuatuense</displayName>
				<symbol>VT</symbol>
			</currency>
			<currency type="WSP">
				<displayName>libra samoana</displayName>
				<symbol>WSP</symbol>
			</currency>
			<currency type="WST">
				<displayName>tala samoano</displayName>
				<symbol>WST</symbol>
			</currency>
			<currency type="XAD">
				<displayName>unidad de cuenta asiática en dinares</displayName>
				<symbol>XAD</symbol>
			</currency>
			<currency type="XAF">
				<displayName>franco CFA BEAC</displayName>
				<symbol>XAF</symbol>
			</currency>
			<currency type="XAM">
				<displayName>unidad monetaria asiática</displayName>
				<symbol>XAM</symbol>
			</currency>
			<currency type="XAU">
				<displayName>oro</displayName>
				<symbol>XAU</symbol>
			</currency>
			<currency type="XBA">
				<displayName>unidad compuesta europea</displayName>
				<symbol>XBA</symbol>
			</currency>
			<currency type="XBB">
				<displayName>unidad monetaria europea</displayName>
				<symbol>XBB</symbol>
			</currency>
			<currency type="XBC">
				<displayName>unidad de cuenta europea (XBC)</displayName>
				<symbol>XBC</symbol>
			</currency>
			<currency type="XBD">
				<displayName>unidad de cuenta europea (XBD)</displayName>
				<symbol>XBD</symbol>
			</currency>
			<currency type="XCD">
				<displayName>dólar del Caribe Oriental</displayName>
				<symbol>EC$</symbol>
			</currency>
			<currency type="XCF">
				<displayName>nuevo franco CFA</displayName>
				<symbol>XCF</symbol>
			</currency>
			<currency type="XDR">
				<displayName>derechos especiales de giro</displayName>
				<symbol>XDR</symbol>
			</currency>
			<currency type="XEF">
				<displayName>franco CFA BCEAEC</displayName>
				<symbol>XEF</symbol>
			</currency>
			<currency type="XEU">
				<displayName>unidad de moneda europea</displayName>
				<symbol>XEU</symbol>
			</currency>
			<currency type="XFO">
				<displayName>franco oro francés</displayName>
				<symbol>XFO</symbol>
			</currency>
			<currency type="XFU">
				<displayName>franco UIC francés</displayName>
				<symbol>XFU</symbol>
			</currency>
			<currency type="XID">
				<displayName>dinar islámico</displayName>
				<symbol>XID</symbol>
			</currency>
			<currency type="XMF">
				<displayName>nuevo franco metropolitano francés</displayName>
				<symbol>XMF</symbol>
			</currency>
			<currency type="XNF">
				<displayName>franco CFA de las Antillas Francesas</displayName>
				<symbol>XNF</symbol>
			</currency>
			<currency type="XOF">
				<displayName>franco CFA BCEAO</displayName>
				<symbol>XOF</symbol>
			</currency>
			<currency type="XPF">
				<displayName>franco CFP</displayName>
				<symbol>CFPF</symbol>
			</currency>
			<currency type="XTR">
				<displayName>rublo transferible del COMECON</displayName>
				<symbol>XTR</symbol>
			</currency>
			<currency type="YDD">
				<displayName>dinar yemení</displayName>
				<symbol>YDD</symbol>
			</currency>
			<currency type="YEI">
				<displayName>riyal Imadi yemení</displayName>
				<symbol>YEI</symbol>
			</currency>
			<currency type="YER">
				<displayName>rial yemení</displayName>
				<symbol>YRl</symbol>
			</currency>
			<currency type="YUD">
				<displayName>dinar fuerte yugoslavo</displayName>
				<symbol>YUD</symbol>
			</currency>
			<currency type="YUF">
				<displayName>dinar de la Federación Yugoslava</displayName>
				<symbol>YUF</symbol>
			</currency>
			<currency type="YUG">
				<displayName>dinar 1994 yugoslavo</displayName>
				<symbol>YUG</symbol>
			</currency>
			<currency type="YUM">
				<displayName>super dinar yugoslavo</displayName>
				<symbol>YUM</symbol>
			</currency>
			<currency type="YUN">
				<displayName>dinar convertible yugoslavo</displayName>
				<symbol>YUN</symbol>
			</currency>
			<currency type="YUO">
				<displayName>dinar de octubre yugoslavo</displayName>
				<symbol>YUO</symbol>
			</currency>
			<currency type="YUR">
				<displayName>dinar reformado yugoslavo</displayName>
				<symbol>YUR</symbol>
			</currency>
			<currency type="ZAL">
				<displayName>rand sudafricano (financiero)</displayName>
				<symbol>ZAL</symbol>
			</currency>
			<currency type="ZAP">
				<displayName>libra sudafricana</displayName>
				<symbol>ZAP</symbol>
			</currency>
			<currency type="ZAR">
				<displayName>rand sudafricano</displayName>
				<symbol>R</symbol>
			</currency>
			<currency type="ZMK">
				<displayName>kwacha zambiano</displayName>
				<symbol>ZMK</symbol>
			</currency>
			<currency type="ZMP">
				<displayName>libra zambiana</displayName>
				<symbol>ZMP</symbol>
			</currency>
			<currency type="ZRN">
				<displayName>nuevo zaire zaireño</displayName>
				<symbol>ZRN</symbol>
			</currency>
			<currency type="ZRZ">
				<displayName>zaire zaireño</displayName>
				<symbol>ZRZ</symbol>
			</currency>
			<currency type="ZWD">
				<displayName>dólar de Zimbabue</displayName>
				<symbol>Z$</symbol>
			</currency>
		</currencies>
	</numbers>
	<posix draft="true">
		<messages>
			<yesstr>Sí</yesstr>
			<nostr>No</nostr>
			<yesexpr>s;S</yesexpr>
			<noexpr>n;N</noexpr>
		</messages>
	</posix>
</ldml>
<!-- Old Comments. See root.xml for more info.
URL: http://oss.software.ibm.com/cvs/icu/icu/source/data/locales/es.txt?only_with_tag=final-update-LDML

                "a.C.",  // Said to be a.C. for antes de Cristo
                "d.C.",  // Said to be d.C. for despu\u00E9s de Cristo
CZ { "Chequia" } // Old value
        FK { "Islas Falkland (Malvinas)" }    // alternate name { "Islas Malvinas" }
FM { "Micronesia, Estados Federados de" }
        KP { "Corea del Norte" }    // alternate name { "Corea, Rep\u00FAblica Popular Democr\u00E1tica de" }
        KR { "Corea del Sur" }    // alternate name { "Corea, Rep\u00FAblica de " }
LA { "Rep\u00FAblica Democr\u00E1tica Popular Lao" } // From translation center
LC { "Santa Lucia" }
MD { "Moldavia, Rep\u00FAblica de" }
MK { "Macedonia, Antigua Rep\u00FAblica Yugoslava de" }    // alternate name { "Macedonia, Rep\u00FAblica de" }
PH { "Islas Filipinas" }  // Original value
RE { "Reuni\u00F3n" }
RU { "Federaci\u00F3n Rusa" } // From translation center
        SH { "Santa Elena" } // From translation center
SR { "Surinam" }
UM { "Islas Perif\u00E9ricas Menores de los Estados Unidos" } // Old value
VA { "Santa Sede (Ciudad del Vaticano)" }
Currency display names
You may find this source useful too: http://publications.eu.int/code/es/es-5000500.htm
XPS { "XPS", "libra esterlina" }
XSS { "XSS", "chel\u00EDn esterlino" }
Spanish does not capitalize the language names like English
        root{"ra\u00EDz" }    // The only exception to ISO-639
        gu  { "gujarati" } // If this changes, then change Gujr in Scripts too.
        km  { "jemer" } // If this changes, then change Khmr in Scripts too.
        kn  { "canar\u00e9s" } // If this changes, then change Knda in Scripts too.
lv { "let\u00F3n" } // Old value
        "Latn",  // ISO 15924 Name 
u umlaut \u00fc is a rare character.
It can be found in words like multilig\u00fce, ag\u00fcita and Itag\u00fc\u00ed
        Cprt { "chipriota" } // grecochipriota?
        Hans { "han simplificado" } // Not a formal part of ISO-15924 yet
        Hant { "han tradicional" } // Not a formal part of ISO-15924 yet
? Qaai { "inherited" } // PUA  Difficult to translate
        Zyyy { "com\u00FAn" } // This may need to become "undetermined script"
The following should probably be all lowercase.
-->

