<?xml version="1.0" encoding="UTF-8" ?>
<!DOCTYPE ldml SYSTEM "http://www.unicode.org/cldr/dtd/1.2/ldml.dtd">
<ldml >
	<identity>
		<version number="1.2"/>
		<generation date="2004-08-27"/>
		<language type="es"/>
		<territory type="US"/>
	</identity>
	<measurement>
		<measurementSystem type="US"/>
		<paperSize>
			<height>279</height>
			<width>216</width>
		</paperSize>
	</measurement>
	<dates>
		<calendars>
			<calendar type="gregorian">
        <week>
					<minDays count="1"/>
					<firstDay day="sun"/>
					<weekendStart draft="true" day="sat" time="00:00"/>
					<weekendEnd draft="true" day="sun" time="24:00"/>
				</week>
				<dateFormats>
					<dateFormatLength type="medium">
						<dateFormat>
							<pattern>MMM d, yyyy</pattern>
						</dateFormat>
					</dateFormatLength>
					<dateFormatLength type="short">
						<dateFormat>
							<pattern>M/d/yy</pattern>
						</dateFormat>
					</dateFormatLength>
				</dateFormats>
				<timeFormats>
					<timeFormatLength type="full">
						<timeFormat>
							<pattern>h:mm:ss a z</pattern>
						</timeFormat>
					</timeFormatLength>
					<timeFormatLength type="long">
						<timeFormat>
							<pattern>h:mm:ss a z</pattern>
						</timeFormat>
					</timeFormatLength>
					<timeFormatLength type="medium">
						<timeFormat>
							<pattern>h:mm:ss a</pattern>
						</timeFormat>
					</timeFormatLength>
					<timeFormatLength type="short">
						<timeFormat>
							<pattern>h:mm a</pattern>
						</timeFormat>
					</timeFormatLength>
				</timeFormats>
			</calendar>
		</calendars>
	</dates>
</ldml>
<!-- Old Comments. See root.xml for more info.
URL: http://oss.software.ibm.com/cvs/icu/icu/source/data/locales/es_US.txt?only_with_tag=final-update-LDML

"\u2030",
"\u221e",
"\ufffd",
}
the PaperSize units are in mm
these values are not exact .. they are rounded off
        279, // height
        216  // width 
    MeasurementSystem:int{ 1 } // US system
-->

