<?xml version="1.0" encoding="UTF-8" ?>
<!DOCTYPE ldml SYSTEM "http://www.unicode.org/cldr/dtd/1.2/ldml.dtd">
<ldml >
	<identity>
		<version number="1.2"/>
		<generation date="2004-08-27"/>
		<language type="fa"/>
		<territory type="AF"/>
	</identity>
	<localeDisplayNames>
		<languages>
			<language type="es">هسپانوی</language>
			<language type="fa">دری</language>
			<language type="fi">فنلندی</language>
			<language type="ga">آیرلندی</language>
			<language type="hr">کروشیایی</language>
			<language type="id">اندونیزیایی</language>
			<language type="is">آیسلندی</language>
			<language type="it">ایتالوی</language>
			<language type="ja">جاپانی</language>
			<language type="ko">کوریایی</language>
			<language type="ky">قرغزی</language>
			<language type="mn">مغلی</language>
			<language type="ne">نیپالی</language>
			<language type="nl">هالندی</language>
			<language type="no">نارویژی</language>
			<language type="pl">پولندی</language>
			<language type="pt">پرتگالی</language>
			<language type="sv">سویدنی</language>
			<language type="tg">تاجکی</language>
		</languages>
		<territories>
			<territory type="AD">اندورا</territory>
			<territory type="AE">امارات متحدهٔ عربی</territory>
			<territory type="AG">انتیگوا و باربودا</territory>
			<territory type="AL">البانیا</territory>
			<territory type="AO">انگولا</territory>
			<territory type="AR">ارجنتاین</territory>
			<territory type="AU">آسترالیا</territory>
			<territory type="BA">بوسنیا و هرزه‌گوینا</territory>
			<territory type="BD">بنگله‌دیش</territory>
			<territory type="BE">بلجیم</territory>
			<territory type="BG">بلغاریا</territory>
			<territory type="BN">برونی</territory>
			<territory type="BO">بولیویا</territory>
			<territory type="BR">برازیل</territory>
			<territory type="BS">بهاماس</territory>
			<territory type="BY">روسیهٔ سفید</territory>
			<territory type="CD">جمهوری دموکراتیک کانگو</territory>
			<territory type="CF">افریقای مرکزی</territory>
			<territory type="CG">کانگو</territory>
			<territory type="CH">سویس</territory>
			<territory type="CL">چلی</territory>
			<territory type="CO">کولمبیا</territory>
			<territory type="CR">کاستریکا</territory>
			<territory type="CU">کیوبا</territory>
			<territory type="DK">دنمارک</territory>
			<territory type="EC">اکوادور</territory>
			<territory type="EE">استونیا</territory>
			<territory type="ER">اریتریا</territory>
			<territory type="ES">هسپانیه</territory>
			<territory type="ET">ایتوپیا</territory>
			<territory type="FI">فنلند</territory>
			<territory type="FM">میکرونزیا</territory>
			<territory type="GD">گرینادا</territory>
			<territory type="GN">گینیا</territory>
			<territory type="GQ">گینیا استوایی</territory>
			<territory type="GT">گواتیمالا</territory>
			<territory type="GW">گینیا بیسائو</territory>
			<territory type="GY">گیانا</territory>
			<territory type="HN">هاندوراس</territory>
			<territory type="HR">کروشیا</territory>
			<territory type="HT">هایتی</territory>
			<territory type="ID">اندونیزیا</territory>
			<territory type="IE">آیرلند</territory>
			<territory type="IS">آیسلند</territory>
			<territory type="JP">جاپان</territory>
			<territory type="KE">کینیا</territory>
			<territory type="KG">قرغزستان</territory>
			<territory type="KH">کمپوچیا</territory>
			<territory type="KM">کومور</territory>
			<territory type="KN">سنت کیتس و نیویس</territory>
			<territory type="KP">کوریای شمالی</territory>
			<territory type="KR">کوریای جنوبی</territory>
			<territory type="LK">سریلانکا</territory>
			<territory type="LS">لیسوتو</territory>
			<territory type="LT">لتوانیا</territory>
			<territory type="LV">لاتویا</territory>
			<territory type="LY">لیبیا</territory>
			<territory type="MG">مادغاسکر</territory>
			<territory type="MN">منگولیا</territory>
			<territory type="MR">موریتانیا</territory>
			<territory type="MT">مالتا</territory>
			<territory type="MX">مکسیکو</territory>
			<territory type="MY">مالیزیا</territory>
			<territory type="MZ">موزمبیق</territory>
			<territory type="NG">نیجریا</territory>
			<territory type="NI">نیکاراگوا</territory>
			<territory type="NL">هالند</territory>
			<territory type="NO">ناروی</territory>
			<territory type="NP">نیپال</territory>
			<territory type="NZ">زیلاند جدید</territory>
			<territory type="PA">پانامه</territory>
			<territory type="PE">پیرو</territory>
			<territory type="PG">پاپوا نیو گینیا</territory>
			<territory type="PL">پولند</territory>
			<territory type="PT">پرتگال</territory>
			<territory type="PY">پاراگوای</territory>
			<territory type="RO">رومانیا</territory>
			<territory type="RW">روآندا</territory>
			<territory type="SB">جزایر سلومون</territory>
			<territory type="SE">سویدن</territory>
			<territory type="SG">سینگاپور</territory>
			<territory type="SI">سلونیا</territory>
			<territory type="SK">سلواکیا</territory>
			<territory type="SL">سیرالیون</territory>
			<territory type="SN">سینیگال</territory>
			<territory type="SO">سومالیه</territory>
			<territory type="ST">سائو تومه و پرینسیپ</territory>
			<territory type="SV">السلوادور</territory>
			<territory type="TJ">تاجکستان</territory>
			<territory type="UA">اکراین</territory>
			<territory type="US">ایالات متحدهٔ امریکا</territory>
			<territory type="UY">یوروگوای</territory>
			<territory type="VC">سنت وینسنت و گرینادین</territory>
			<territory type="VE">ونزویلا</territory>
			<territory type="WS">ساموآی غربی</territory>
			<territory type="YU">یوگوسلاویا</territory>
			<territory type="ZW">زیمبابوی</territory>
		</territories>
	</localeDisplayNames>
	<dates>
		<calendars>
			<calendar type="gregorian">
				<months>
					<monthContext type="format">
						<monthWidth type="abbreviated">
							<month type="1">جنو</month>
							<month type="2">فبر</month>
							<month type="4">اپر</month>
							<month type="5">مـی</month>
							<month type="6">جون</month>
							<month type="7">جول</month>
							<month type="8">اگس</month>
							<month type="11">نوم</month>
							<month type="12">دسم</month>
						</monthWidth>
						<monthWidth type="wide">
							<month type="1">جنوری</month>
							<month type="2">فبروری</month>
							<month type="3">مارچ</month>
							<month type="4">اپریل</month>
							<month type="5">می</month>
							<month type="6">جون</month>
							<month type="7">جولای</month>
							<month type="8">اگست</month>
							<month type="9">سپتمبر</month>
							<month type="10">اکتوبر</month>
							<month type="11">نومبر</month>
							<month type="12">دسمبر</month>
						</monthWidth>
					</monthContext>
				</months>
				<week>
					<firstDay day="sat"/>
				</week>
			</calendar>
		</calendars>
		<timeZoneNames>
			<zone type="Asia/Kabul">
				<long>
					<standard>وقت افغانستان</standard>
					<daylight>وقت افغانستان</daylight>
				</long>
				<short>
					<standard>AFT</standard>
					<daylight>AFT</daylight>
				</short>
				<exemplarCity>کابل</exemplarCity>
			</zone>
		</timeZoneNames>
	</dates>
	<numbers>
		<symbols>
			<decimal>٫</decimal>
			<group>٬</group>
			<percentSign>٪</percentSign>
			<nativeZeroDigit>۰</nativeZeroDigit>
			<minusSign>−</minusSign>
			<exponential>×۱۰^</exponential>
		</symbols>
		<currencyFormats>
			<currencyFormatLength>
				<currencyFormat>
					<pattern>#,##0 ¤;-#,##0 ¤</pattern>
				</currencyFormat>
			</currencyFormatLength>
		</currencyFormats>
	</numbers>
</ldml>
<!-- Old Comments. See root.xml for more info.
URL: http://oss.software.ibm.com/cvs/icu/icu/source/data/locales/fa_AF.txt?only_with_tag=final-update-LDML

Created by Roozbeh Pournader <roozbeh@sharif.edu> and Michael Everson <everson@evertype.com>
Use the fa rules instead
AmPmMarkers {
"\u0642.\u0638.",
"\u0628.\u0638.",
}
Use the fa rules instead
DateTimePatterns { 
"H:mm:ss (z)",
"H:mm:ss (z)",
"H:mm:ss ",
"H:mm",
"EEEE\u060c d MMMM yyyy",
"d MMMM yyyy",
"yyyy/M/d",
"yyyy/M/d",
"{1} {0}",
}
                7,      // Saturday
                        "\u0641\u0628\u0631\u0648\u0631\u06cc", // DoL says "\u0641\u0631\u0648\u0631\u06cc"
                        "\u0633\u067e\u062a\u0645\u0628\u0631", // MoIC says "\u0633\u067e\u062a\u0627\u0645\u0628\u0631"
                        "\u0646\u0648\u0645\u0628\u0631", // MoIC says "\u0646\u0648\u0627\u0645\u0628\u0631"
                        "\u062f\u0633\u0645\u0628\u0631", // MoIC says "\u062f\u0633\u0627\u0645\u0628\u0631"
ExemplarCharacters {"[\u0621-\u0624\u0626-\u063a\u0641\u0642\u0644-\u0648\u064a-\u0652\u0654\u0670\u067c\u067e\u0681\u0685-\u0686\u0689\u0693\u0696\u0698\u069a\u06a9\u06ab\u06af\u06bc\u06cc-\u06cd\u06d0 \u200c\u200d\u200f\u200e]"}
        "#,##0%", // The percent sign should appear on the right side. Academy says it should appear on the left (like fa_IR).
-->

