<?xml version="1.0" encoding="UTF-8" ?>
<!DOCTYPE ldml SYSTEM "http://www.unicode.org/cldr/dtd/1.2/ldml.dtd">
<ldml >
	<identity>
		<version number="1.2"/>
		<generation date="2004-08-27"/>
		<language type="fr"/>
		<territory type="CA"/>
	</identity>
	<dates>
		<calendars>
			<calendar type="gregorian">
        <week>
          <minDays count="4"/>
          <firstDay day="sun"/>
          <weekendStart day="sat"/>
          <weekendEnd day="sun"/>
        </week>
				<dateFormats>
					<dateFormatLength type="medium">
						<dateFormat>
							<pattern>yy-MM-dd</pattern>
						</dateFormat>
					</dateFormatLength>
					<dateFormatLength type="short">
						<dateFormat>
							<pattern>yy-MM-dd</pattern>
						</dateFormat>
					</dateFormatLength>
				</dateFormats>
				<timeFormats>
					<timeFormatLength type="full">
						<timeFormat>
							<pattern>HH' h 'mm' min 'ss' s 'z</pattern>
						</timeFormat>
					</timeFormatLength>
				</timeFormats>
			</calendar>
		</calendars>
	</dates>
	<numbers>
		<currencyFormats>
			<currencyFormatLength>
				<currencyFormat>
					<pattern>#,##0.00 ¤;(#,##0.00¤)</pattern>
				</currencyFormat>
			</currencyFormatLength>
		</currencyFormats>
		<currencies>
			<currency type="CAD">
				<symbol>$</symbol>
			</currency>
			<currency type="USD">
				<symbol>$ US</symbol>
			</currency>
		</currencies>
	</numbers>
</ldml>

