<?xml version="1.0" encoding="UTF-8" ?>
<!DOCTYPE ldml SYSTEM "http://www.unicode.org/cldr/dtd/1.2/ldml.dtd">
<ldml >
	<identity>
		<version number="1.2"/>
		<generation date="2004-08-27"/>
		<language type="ko"/>
		<territory type="KR"/>
	</identity>
	<dates>
		<calendars>
			<calendar type="gregorian">
				<dateFormats>
					<dateFormatLength type="long">
						<dateFormat>
							<pattern>yyyy'년' M'월' d'일'</pattern>
						</dateFormat>
					</dateFormatLength>
					<dateFormatLength type="medium">
						<dateFormat>
							<pattern>yyyy. MM. dd</pattern>
						</dateFormat>
					</dateFormatLength>
					<dateFormatLength type="short">
						<dateFormat>
							<pattern>yy. MM. dd</pattern>
						</dateFormat>
					</dateFormatLength>
				</dateFormats>
				<timeFormats>
					<timeFormatLength type="medium">
						<timeFormat>
							<pattern>a h:mm:ss</pattern>
						</timeFormat>
					</timeFormatLength>
					<timeFormatLength type="short">
						<timeFormat>
							<pattern>a h:mm</pattern>
						</timeFormat>
					</timeFormatLength>
				</timeFormats>
			</calendar>
		</calendars>
	</dates>
	<numbers>
		<currencyFormats>
			<currencyFormatLength>
				<currencyFormat>
					<pattern>¤#,##0.00;-¤#,##0.00</pattern>
				</currencyFormat>
			</currencyFormatLength>
		</currencyFormats>
	</numbers>
</ldml>
<!-- Old Comments. See root.xml for more info.
URL: http://oss.software.ibm.com/cvs/icu/icu/source/data/locales/ko_KR.txt?only_with_tag=final-update-LDML

Countries {
KR { "\uB300\uD55C\uBBFC\uAD6D" }
KP { "\uC870\uC120 \uBBFC\uC8FC\uC8FC\uC758 \uC778\uBBFC \uACF5\uD654\uAD6D" }
US { "\uBBF8\uAD6D" }
JP { "\uC77C\uBCF8" }
GB { "\uC601\uAD6D" }
DE { "\uB3C5\uC77C" }
FR { "\uD504\uB791\uC2A4" }
CA { "\uCE90\uB098\uB2E4" }
}
Languages {
ko { "\uD55C\uAD6D\uC5B4" }
}
-->

