<?xml version="1.0" encoding="UTF-8" ?>
<!DOCTYPE ldml SYSTEM "http://www.unicode.org/cldr/dtd/1.2/ldml.dtd">
<ldml draft="true" >
	<identity>
		<version number="1.2"/>
		<generation date="2004-06-04"/>
		<language type="mn"/>
	</identity>
	<localeDisplayNames>
		<languages>
			<language type="mn">Монгол хэл</language>
		</languages>
		<territories>
			<territory type="MN">Монгол улс</territory>
		</territories>
	</localeDisplayNames>
	<characters>
		<exemplarCharacters>[а-яієїґү]</exemplarCharacters>
	</characters>
	<numbers>
		<symbols>
			<decimal>,</decimal>
			<group> </group>
		</symbols>
	</numbers>
</ldml>

