<?xml version="1.0" encoding="UTF-8" ?>
<!DOCTYPE ldml SYSTEM "http://www.unicode.org/cldr/dtd/1.2/ldml.dtd">
<ldml >
	<identity>
		<version number="1.2"/>
		<generation date="2004-08-27"/>
		<language type="nl"/>
	</identity>
	<localeDisplayNames>
		<languages>
			<language type="aa">Afar</language>
			<language type="ab">Abchazisch</language>
			<language draft="true" type="ace">Atjehs</language>
			<language draft="true" type="ach">Akoli</language>
			<language draft="true" type="ada">Adangme</language>
			<language draft="true" type="ady">Adyghe</language>
			<language type="ae">Avestisch</language>
			<language type="af">Afrikaans</language>
			<language draft="true" type="afa">Afro-aziatisch (overige)</language>
			<language draft="true" type="afh">Afrihili</language>
			<language type="ak">Akan</language>
			<language draft="true" type="akk">Akkadisch</language>
			<language draft="true" type="ale">Aleut</language>
			<language draft="true" type="alg">Algonkium-talen</language>
			<language type="am">Amhaars</language>
			<language type="an">Aragonees</language>
			<language draft="true" type="ang">Engels, oud (ca. 450-1100)</language>
			<language draft="true" type="apa">Apache-talen</language>
			<language type="ar">Arabisch</language>
			<language draft="true" type="arc">Aramees</language>
			<language draft="true" type="arn">Araukaans</language>
			<language draft="true" type="arp">Arapaho</language>
			<language draft="true" type="art">Kunsttalen (overige)</language>
			<language draft="true" type="arw">Arawak</language>
			<language type="as">Assamees</language>
			<language draft="true" type="ast">Asturisch</language>
			<language draft="true" type="ath">Athapascaanse talen</language>
			<language draft="true" type="aus">Australische talen</language>
			<language type="av">Avarisch</language>
			<language draft="true" type="awa">Awadhi</language>
			<language type="ay">Aymara</language>
			<language type="az">Azerbeidzjaans</language>
			<language type="ba">Basjkiers</language>
			<language draft="true" type="bad">Banda</language>
			<language draft="true" type="bai">Bamileke-talen</language>
			<language draft="true" type="bal">Baloetsji</language>
			<language draft="true" type="ban">Balinees</language>
			<language draft="true" type="bas">Basa</language>
			<language draft="true" type="bat">Baltisch (overige)</language>
			<language type="be">Wit-Russisch</language>
			<language draft="true" type="bej">Beja</language>
			<language draft="true" type="bem">Bemba</language>
			<language draft="true" type="ber">Berber</language>
			<language type="bg">Bulgaars</language>
			<language type="bh">Bihari</language>
			<language draft="true" type="bho">Bhojpuri</language>
			<language type="bi">Bislama</language>
			<language draft="true" type="bik">Bikol</language>
			<language draft="true" type="bin">Bini</language>
			<language draft="true" type="bla">Siksika</language>
			<language type="bm">Bambara</language>
			<language type="bn">Bengalees</language>
			<language draft="true" type="bnt">Bantu</language>
			<language type="bo">Tibetaans</language>
			<language type="br">Bretons</language>
			<language draft="true" type="bra">Braj</language>
			<language type="bs">Bosnisch</language>
			<language draft="true" type="btk">Batak</language>
			<language draft="true" type="bua">Buriat</language>
			<language draft="true" type="bug">Buginees</language>
			<language type="byn">Blin</language>
			<language type="ca">Catalaans</language>
			<language draft="true" type="cad">Caddo</language>
			<language draft="true" type="cai">Midden-Amerikaans Indiaans (overige)</language>
			<language draft="true" type="car">Caribisch</language>
			<language draft="true" type="cau">Kaukasisch (overige)</language>
			<language type="ce">Chechen</language>
			<language draft="true" type="ceb">Cebuano</language>
			<language draft="true" type="cel">Keltisch (overige)</language>
			<language type="ch">Chamorro</language>
			<language draft="true" type="chb">Chibcha</language>
			<language draft="true" type="chg">Chagatai</language>
			<language draft="true" type="chk">Chuukees</language>
			<language draft="true" type="chm">Mari</language>
			<language draft="true" type="chn">Chinook-jargon</language>
			<language draft="true" type="cho">Choctaw</language>
			<language draft="true" type="chp">Chipewyan</language>
			<language type="chr">Cherokee</language>
			<language draft="true" type="chy">Cheyenne</language>
			<language draft="true" type="cmc">Chamische talen</language>
			<language type="co">Corsicaans</language>
			<language draft="true" type="cop">Koptisch</language>
			<language draft="true" type="cpe">Creools en Pidgin, op Engels gebaseerd (overige)</language>
			<language draft="true" type="cpf">Creools en Pidgin, op Frans gebaseerd (overige)</language>
			<language draft="true" type="cpp">Creools en Pidgin, op Portugees gebaseerd (overige)</language>
			<language type="cr">Cree</language>
			<language draft="true" type="crh">Krim-Turks; Krim-Tataars</language>
			<language draft="true" type="crp">Creools en Pidgin (overige)</language>
			<language type="cs">Tsjechisch</language>
			<language draft="true" type="csb">Kasjoebisch</language>
			<language type="cu">Kerkslavisch</language>
			<language draft="true" type="cus">Koesjitisch (overige)</language>
			<language type="cv">Tsjoevasjisch</language>
			<language type="cy">Welsh</language>
			<language type="da">Deens</language>
			<language draft="true" type="dak">Dakota</language>
			<language draft="true" type="dar">Dargwa</language>
			<language draft="true" type="day">Dajak</language>
			<language type="de">Duits</language>
			<language draft="true" type="del">Delaware</language>
			<language draft="true" type="den">Slave</language>
			<language draft="true" type="dgr">Dogrib</language>
			<language draft="true" type="din">Dinka</language>
			<language draft="true" type="doi">Dogri</language>
			<language draft="true" type="dra">Dravidisch (overige)</language>
			<language draft="true" type="dsb">Nedersorbisch</language>
			<language draft="true" type="dua">Duala</language>
			<language draft="true" type="dum">Nederlands, middel- (ca. 1050-1350)</language>
			<language type="dv">Divehi</language>
			<language draft="true" type="dyu">Dyula</language>
			<language type="dz">Dzongkha</language>
			<language type="ee">Ewe</language>
			<language draft="true" type="efi">Efik</language>
			<language draft="true" type="egy">Egyptisch (klassiek)</language>
			<language draft="true" type="eka">Ekajuk</language>
			<language type="el">Grieks</language>
			<language draft="true" type="elx">Elamitisch</language>
			<language type="en">Engels</language>
			<language draft="true" type="enm">Engels, middel- (1100-1500)</language>
			<language type="eo">Esperanto</language>
			<language type="es">Spaans</language>
			<language type="et">Estlands</language>
			<language type="eu">Baskisch</language>
			<language draft="true" type="ewo">Ewondo</language>
			<language type="fa">Perzisch</language>
			<language draft="true" type="fan">Fang</language>
			<language draft="true" type="fat">Fanti</language>
			<language type="ff">Fulah</language>
			<language type="fi">Fins</language>
			<language draft="true" type="fiu">Fins-Oegrisch (overige)</language>
			<language type="fj">Fijisch</language>
			<language type="fo">Faeröers</language>
			<language draft="true" type="fon">Fon</language>
			<language type="fr">Frans</language>
			<language draft="true" type="frm">Frans, middel (ca. 1400-1600)</language>
			<language draft="true" type="fro">Frans, oud (842-ca. 1400)</language>
			<language draft="true" type="fur">Friulisch</language>
			<language type="fy">Fries</language>
			<language type="ga">Iers</language>
			<language draft="true" type="gaa">Ga</language>
			<language draft="true" type="gay">Gayo</language>
			<language draft="true" type="gba">Gbaya</language>
			<language type="gd">Schots Gaelic</language>
			<language draft="true" type="gem">Germaans (overige)</language>
			<language type="gez">Geez</language>
			<language draft="true" type="gil">Gilbertees</language>
			<language type="gl">Galicisch</language>
			<language draft="true" type="gmh">Duits, middelhoog- (ca. 1050-1500)</language>
			<language type="gn">Guarani</language>
			<language draft="true" type="goh">Duits, oudhoog- (ca. 750-1050)</language>
			<language draft="true" type="gon">Gondi</language>
			<language draft="true" type="gor">Gorontalo</language>
			<language draft="true" type="got">Gothisch</language>
			<language draft="true" type="grb">Gerbo</language>
			<language draft="true" type="grc">Grieks, klassiek (tot 1453)</language>
			<language type="gu">Gujarati</language>
			<language type="gv">Manx</language>
			<language draft="true" type="gwi">Gwichʻin</language>
			<language type="ha">Hausa</language>
			<language draft="true" type="hai">Haida</language>
			<language type="haw">Hawaïaans</language>
			<language type="he">Hebreeuws</language>
			<language type="hi">Hindi</language>
			<language draft="true" type="hil">Hiligaynon</language>
			<language draft="true" type="him">Himachali</language>
			<language draft="true" type="hit">Hittite</language>
			<language draft="true" type="hmn">Hmong</language>
			<language type="ho">Hiri Motu</language>
			<language type="hr">Kroatisch</language>
			<language draft="true" type="hsb">Oppersorbisch</language>
			<language type="ht">Haïtiaans</language>
			<language type="hu">Hongaars</language>
			<language draft="true" type="hup">Hupa</language>
			<language type="hy">Armeens</language>
			<language type="hz">Herero</language>
			<language type="ia">Interlingua</language>
			<language draft="true" type="iba">Iban</language>
			<language type="id">Indonesisch</language>
			<language type="ie">Interlingue</language>
			<language type="ig">Igbo</language>
			<language type="ii">Sichuan Yi</language>
			<language draft="true" type="ijo">Ijo</language>
			<language type="ik">Inupiaq</language>
			<language draft="true" type="ilo">Iloko</language>
			<language draft="true" type="inc">Indisch (overige)</language>
			<language draft="true" type="ine">Indo-Europees (overige)</language>
			<language draft="true" type="inh">Ingoesj</language>
			<language type="io">Ido</language>
			<language draft="true" type="ira">Iraans</language>
			<language draft="true" type="iro">Irokese talen</language>
			<language type="is">IJslands</language>
			<language type="it">Italiaans</language>
			<language type="iu">Inuktitut</language>
			<language type="ja">Japans</language>
			<language draft="true" type="jbo">Lojban</language>
			<language draft="true" type="jpr">Judeo-Perzisch</language>
			<language draft="true" type="jrb">Judeo-Arabisch</language>
			<language type="jv">Javaans</language>
			<language type="ka">Georgisch</language>
			<language draft="true" type="kaa">Kara-Kalpaks</language>
			<language draft="true" type="kab">Kabyle</language>
			<language draft="true" type="kac">Kachin</language>
			<language draft="true" type="kam">Kamba</language>
			<language draft="true" type="kar">Karen</language>
			<language draft="true" type="kaw">Kawi</language>
			<language draft="true" type="kbd">Kabardisch</language>
			<language type="kg">Kongo</language>
			<language draft="true" type="kha">Khasi</language>
			<language draft="true" type="khi">Khoisan (overige)</language>
			<language draft="true" type="kho">Khotanees</language>
			<language type="ki">Kikuyu</language>
			<language type="kj">Kuanyama</language>
			<language type="kk">Kazachs</language>
			<language type="kl">Kalaallisut</language>
			<language type="km">Khmer</language>
			<language draft="true" type="kmb">Kimbundu</language>
			<language type="kn">Kannada</language>
			<language type="ko">Koreaans</language>
			<language type="kok">Konkani</language>
			<language draft="true" type="kos">Kosreaans</language>
			<language draft="true" type="kpe">Kpelle</language>
			<language type="kr">Kanuri</language>
			<language draft="true" type="krc">Karachay-Balkar</language>
			<language draft="true" type="kro">Kru</language>
			<language draft="true" type="kru">Kurukh</language>
			<language type="ks">Kashmiri</language>
			<language type="ku">Koerdisch</language>
			<language draft="true" type="kum">Kumyk</language>
			<language draft="true" type="kut">Kutenai</language>
			<language type="kv">Komi</language>
			<language type="kw">Cornish</language>
			<language type="ky">Kirgizisch</language>
			<language type="la">Latijn</language>
			<language draft="true" type="lad">Ladino</language>
			<language draft="true" type="lah">Lahnda</language>
			<language draft="true" type="lam">Lamba</language>
			<language type="lb">Luxemburgs</language>
			<language draft="true" type="lez">Lezgisch</language>
			<language type="lg">Ganda</language>
			<language type="li">Limburgs</language>
			<language type="ln">Lingala</language>
			<language type="lo">Lao</language>
			<language draft="true" type="lol">Mongo</language>
			<language draft="true" type="loz">Lozi</language>
			<language type="lt">Litouws</language>
			<language type="lu">Luba-Katanga</language>
			<language draft="true" type="lua">Luba-Lulua</language>
			<language draft="true" type="lui">Luiseno</language>
			<language draft="true" type="lun">Lunda</language>
			<language draft="true" type="luo">Luo</language>
			<language draft="true" type="lus">Lushai</language>
			<language type="lv">Letlands</language>
			<language draft="true" type="mad">Madurees</language>
			<language draft="true" type="mag">Magahi</language>
			<language draft="true" type="mai">Maithili</language>
			<language draft="true" type="mak">Makassaars</language>
			<language draft="true" type="man">Mandingo</language>
			<language draft="true" type="map">Austronesisch</language>
			<language draft="true" type="mas">Masai</language>
			<language draft="true" type="mdf">Moksha</language>
			<language draft="true" type="mdr">Mandar</language>
			<language draft="true" type="men">Mende</language>
			<language type="mg">Malagasisch</language>
			<language draft="true" type="mga">Iers, middel- (900-1200)</language>
			<language type="mh">Marshallees</language>
			<language type="mi">Maori</language>
			<language draft="true" type="mic">Micmac</language>
			<language draft="true" type="min">Minangkabau</language>
			<language draft="true" type="mis">Diverse talen</language>
			<language type="mk">Macedonisch</language>
			<language draft="true" type="mkh">Mon-Khmer (overige)</language>
			<language type="ml">Malayalam</language>
			<language type="mn">Mongools</language>
			<language draft="true" type="mnc">Mantsjoe</language>
			<language draft="true" type="mni">Manipoeri</language>
			<language draft="true" type="mno">Manobo-talen</language>
			<language type="mo">Moldavisch</language>
			<language draft="true" type="moh">Mohawk</language>
			<language draft="true" type="mos">Mossi</language>
			<language type="mr">Marathi</language>
			<language type="ms">Maleis</language>
			<language type="mt">Maltees</language>
			<language draft="true" type="mul">Meerdere talen</language>
			<language draft="true" type="mun">Munda-talen</language>
			<language draft="true" type="mus">Creek</language>
			<language draft="true" type="mwr">Marwari</language>
			<language type="my">Birmees</language>
			<language draft="true" type="myn">Mayan</language>
			<language draft="true" type="myv">Erzya</language>
			<language type="na">Nauru</language>
			<language draft="true" type="nah">Nahuatl</language>
			<language draft="true" type="nai">Noord-Amerikaans Indiaans (overige)</language>
			<language draft="true" type="nap">Napolitaans</language>
			<language type="nb">Noors - Bokmål</language>
			<language type="nd">Ndebele, noord-</language>
			<language draft="true" type="nds">Laagduits; Laagsaxon</language>
			<language type="ne">Nepalees</language>
			<language draft="true" type="new">Newari</language>
			<language type="ng">Ndonga</language>
			<language draft="true" type="nia">Nias</language>
			<language draft="true" type="nic">Niger - Kordofanisch (overige)</language>
			<language draft="true" type="niu">Niueaans</language>
			<language type="nl">Nederlands</language>
			<language type="nn">Noors - Nynorsk</language>
			<language type="no">Noors</language>
			<language draft="true" type="nog">Nogai</language>
			<language draft="true" type="non">Noors, oud-</language>
			<language type="nr">Ndebele, zuid-</language>
			<language draft="true" type="nso">Sotho, noorderlijk</language>
			<language draft="true" type="nub">Nubische talen</language>
			<language type="nv">Navajo</language>
			<language type="ny">Nyanja</language>
			<language draft="true" type="nym">Nyamwezi</language>
			<language draft="true" type="nyn">Nyankole</language>
			<language draft="true" type="nyo">Nyoro</language>
			<language draft="true" type="nzi">Nzima</language>
			<language type="oc">Langue d’Oc (na 1500)</language>
			<language type="oj">Ojibwa</language>
			<language type="om">Oromo</language>
			<language type="or">Oriya</language>
			<language type="os">Ossetisch</language>
			<language draft="true" type="osa">Osage</language>
			<language draft="true" type="ota">Turks, Ottomaans (1500-1928)</language>
			<language draft="true" type="oto">Otomi-talen</language>
			<language type="pa">Punjabi</language>
			<language draft="true" type="paa">Papoea (overige)</language>
			<language draft="true" type="pag">Pangasinan</language>
			<language draft="true" type="pal">Pahlavi</language>
			<language draft="true" type="pam">Pampanga</language>
			<language draft="true" type="pap">Papiamento</language>
			<language draft="true" type="pau">Palauaans</language>
			<language draft="true" type="peo">Perzisch, oud- (ca. 600-400 B.C.)</language>
			<language draft="true" type="phi">Filipijns (overige)</language>
			<language draft="true" type="phn">Foenicisch</language>
			<language type="pi">Pali</language>
			<language type="pl">Pools</language>
			<language draft="true" type="pon">Pohnpeiaans</language>
			<language draft="true" type="pra">Prakrit-talen</language>
			<language draft="true" type="pro">Provençaals, oud- (tot 1500)</language>
			<language type="ps">Pashto</language>
			<language type="pt">Portugees</language>
			<language type="qu">Quechua</language>
			<language draft="true" type="raj">Rajasthani</language>
			<language draft="true" type="rap">Rapanui</language>
			<language draft="true" type="rar">Rarotongan</language>
			<language type="rm">Retoromaans</language>
			<language type="rn">Rundi</language>
			<language type="ro">Roemeens</language>
			<language draft="true" type="roa">Romaans (overige)</language>
			<language draft="true" type="rom">Romani</language>
			<language type="ru">Russisch</language>
			<language type="rw">Kinyarwanda</language>
			<language type="sa">Sanskrit</language>
			<language draft="true" type="sad">Sandawe</language>
			<language draft="true" type="sah">Yakut</language>
			<language draft="true" type="sai">Zuid-Amerikaans Indiaans (overige)</language>
			<language draft="true" type="sal">Salishan-talen</language>
			<language draft="true" type="sam">Samaritaans Aramees</language>
			<language draft="true" type="sas">Sasak</language>
			<language draft="true" type="sat">Santali</language>
			<language type="sc">Sardinisch</language>
			<language draft="true" type="sco">Schots</language>
			<language type="sd">Sindhi</language>
			<language type="se">Noord-Samisch</language>
			<language draft="true" type="sel">Selkup</language>
			<language draft="true" type="sem">Semitisch (overige)</language>
			<language type="sg">Sango</language>
			<language draft="true" type="sga">Iers, oud- (tot 900)</language>
			<language draft="true" type="sgn">Gebarentalen</language>
			<language type="sh">Servokroatisch</language>
			<language draft="true" type="shn">Shan</language>
			<language type="si">Singalees</language>
			<language type="sid">Sidamo</language>
			<language draft="true" type="sio">Siouaanse talen</language>
			<language draft="true" type="sit">Sino-Tibetaans (overige)</language>
			<language type="sk">Slowaaks</language>
			<language type="sl">Sloveens</language>
			<language draft="true" type="sla">Slavisch (overige)</language>
			<language type="sm">Samoaans</language>
			<language draft="true" type="sma">Zuid-Samisch</language>
			<language draft="true" type="smi">Sami-talen (overige)</language>
			<language draft="true" type="smj">Lule Sami</language>
			<language draft="true" type="smn">Inari Sami</language>
			<language draft="true" type="sms">Skolt Sami</language>
			<language type="sn">Shona</language>
			<language draft="true" type="snk">Soninke</language>
			<language type="so">Somalisch</language>
			<language draft="true" type="sog">Sogdisch</language>
			<language draft="true" type="son">Songhai</language>
			<language type="sq">Albanees</language>
			<language type="sr">Servisch</language>
			<language draft="true" type="srr">Serer</language>
			<language type="ss">Swati</language>
			<language draft="true" type="ssa">Nilo-Saharam (overige)</language>
			<language type="st">Sotho, zuid</language>
			<language type="su">Sundanees</language>
			<language draft="true" type="suk">Sukuma</language>
			<language draft="true" type="sus">Soesoe</language>
			<language draft="true" type="sux">Soemerisch</language>
			<language type="sv">Zweeds</language>
			<language type="sw">Swahili</language>
			<language type="syr">Syriac</language>
			<language type="ta">Tamil</language>
			<language draft="true" type="tai">Tai (overige)</language>
			<language type="te">Teloegoe</language>
			<language draft="true" type="tem">Timne</language>
			<language draft="true" type="ter">Tereno</language>
			<language draft="true" type="tet">Tetum</language>
			<language type="tg">Tadzjik</language>
			<language type="th">Thai</language>
			<language type="ti">Tigrinya</language>
			<language type="tig">Tigre</language>
			<language draft="true" type="tiv">Tiv</language>
			<language type="tk">Turkmeens</language>
			<language draft="true" type="tkl">Tokelau</language>
			<language type="tl">Tagalog</language>
			<language draft="true" type="tli">Tlingit</language>
			<language draft="true" type="tmh">Tamashek</language>
			<language type="tn">Tswana</language>
			<language type="to">Tonga (Tonga-eilanden)</language>
			<language draft="true" type="tog">Tonga (Nyasa)</language>
			<language draft="true" type="tpi">Tok Pisin</language>
			<language type="tr">Turks</language>
			<language type="ts">Tsonga</language>
			<language draft="true" type="tsi">Tsimshian</language>
			<language type="tt">Tataars</language>
			<language draft="true" type="tum">Toemboeka</language>
			<language draft="true" type="tup">Tupi-talen</language>
			<language draft="true" type="tut">Altaïsch (overige)</language>
			<language draft="true" type="tvl">Tuvalu</language>
			<language type="tw">Twi</language>
			<language type="ty">Tahitisch</language>
			<language draft="true" type="tyv">Tuvinisch</language>
			<language draft="true" type="udm">Udmurt</language>
			<language type="ug">Uighur</language>
			<language draft="true" type="uga">Oegaritisch</language>
			<language type="uk">Oekraïens</language>
			<language draft="true" type="umb">Umbundu</language>
			<language draft="true" type="und">Onbepaald</language>
			<language type="ur">Urdu</language>
			<language type="uz">Oezbeeks</language>
			<language draft="true" type="vai">Vai</language>
			<language type="ve">Venda</language>
			<language type="vi">Vietnamees</language>
			<language type="vo">Volapük</language>
			<language draft="true" type="vot">Votisch</language>
			<language type="wa">Wallonisch</language>
			<language draft="true" type="wak">Wakashan-talen</language>
			<language draft="true" type="wal">Walamo</language>
			<language draft="true" type="war">Waray</language>
			<language draft="true" type="was">Washo</language>
			<language draft="true" type="wen">Sorbische talen</language>
			<language type="wo">Wolof</language>
			<language draft="true" type="xal">Kalmyk</language>
			<language type="xh">Xhosa</language>
			<language draft="true" type="yao">Yao</language>
			<language draft="true" type="yap">Yapees</language>
			<language type="yi">Jiddisch</language>
			<language type="yo">Joruba</language>
			<language draft="true" type="ypk">Yupik-talen</language>
			<language type="za">Zhuang</language>
			<language draft="true" type="zap">Zapotec</language>
			<language draft="true" type="zen">Zenaga</language>
			<language type="zh">Chinees</language>
			<language draft="true" type="znd">Zande</language>
			<language type="zu">Zulu</language>
			<language draft="true" type="zun">Zuni</language>
		</languages>
		<scripts>
			<script type="Arab">Arabisch</script>
			<script type="Armn">Armeens</script>
			<script type="Beng">Bengalees</script>
			<script type="Bopo">Bopomofo</script>
			<script type="Brai">Braille</script>
			<script type="Buhd">Buhid</script>
			<script type="Cans">Verenigde Canadese Aboriginal-symbolen</script>
			<script type="Cher">Cherokee</script>
			<script type="Copt">Koptisch</script>
			<script type="Cprt">Cyprisch</script>
			<script type="Cyrl">Cyrillisch</script>
			<script type="Deva">Devanagari</script>
			<script type="Dsrt">Deseret</script>
			<script type="Ethi">Ethiopisch</script>
			<script type="Geor">Georgisch</script>
			<script type="Goth">Gothisch</script>
			<script type="Grek">Grieks</script>
			<script type="Gujr">Gujarati</script>
			<script type="Guru">Gurmukhi</script>
			<script type="Hang">Hangul</script>
			<script type="Hani">Han</script>
			<script type="Hano">Hanunoo</script>
			<script type="Hans">Vereenvoudigd Han</script>
			<script type="Hant">Traditioneel Han</script>
			<script type="Hebr">Hebreeuws</script>
			<script type="Hira">Hiragana</script>
			<script type="Ital">Oud-italisch</script>
			<script type="Kana">Katakana</script>
			<script type="Khmr">Khmer</script>
			<script type="Knda">Kannada</script>
			<script type="Laoo">Lao</script>
			<script type="Latn">Latijn</script>
			<script type="Limb">Limbu</script>
			<script type="Linb">Lineair B</script>
			<script type="Mlym">Malayalam</script>
			<script type="Mong">Mongools</script>
			<script type="Mymr">Myanmar</script>
			<script type="Ogam">Ogham</script>
			<script type="Orya">Oriya</script>
			<script type="Osma">Osmanya</script>
			<script type="Runr">Runic</script>
			<script type="Shaw">Shavian</script>
			<script type="Sinh">Sinhala</script>
			<script type="Syrc">Syriac</script>
			<script type="Tagb">Tagbanwa</script>
			<script type="Tale">Tai Le</script>
			<script type="Taml">Tamil</script>
			<script type="Telu">Telugu</script>
			<script type="Tglg">Tagalog</script>
			<script type="Thaa">Thaana</script>
			<script type="Tibt">Tibetaans</script>
			<script type="Ugar">Ugaritisch</script>
			<script type="Yiii">Yi</script>
			<script type="Zyyy">Algemeen</script>
		</scripts>
		<territories>
			<territory type="AD">Andorra</territory>
			<territory type="AE">Verenigde Arabische Emiraten</territory>
			<territory type="AF">Afghanistan</territory>
			<territory type="AG">Antigua en Barbuda</territory>
			<territory type="AI">Anguilla</territory>
			<territory type="AL">Albanië</territory>
			<territory type="AM">Armenië</territory>
			<territory type="AN">Nederlandse Antillen</territory>
			<territory type="AO">Angola</territory>
			<territory type="AQ">Antarctica</territory>
			<territory type="AR">Argentinië</territory>
			<territory type="AS">Amerikaans Samoa</territory>
			<territory type="AT">Oostenrijk</territory>
			<territory type="AU">Australië</territory>
			<territory type="AW">Aruba</territory>
			<territory type="AZ">Azerbeidzjan</territory>
			<territory type="BA">Bosnië Herzegovina</territory>
			<territory type="BB">Barbados</territory>
			<territory type="BD">Bangladesh</territory>
			<territory type="BE">België</territory>
			<territory type="BF">Burkina Faso</territory>
			<territory type="BG">Bulgarije</territory>
			<territory type="BH">Bahrein</territory>
			<territory type="BI">Burundi</territory>
			<territory type="BJ">Benin</territory>
			<territory type="BM">Bermuda</territory>
			<territory type="BN">Brunei Darussalam</territory>
			<territory type="BO">Bolivia</territory>
			<territory type="BR">Brazilië</territory>
			<territory type="BS">Bahama’s</territory>
			<territory type="BT">Bhutan</territory>
			<territory type="BV">Bouveteiland</territory>
			<territory type="BW">Botswana</territory>
			<territory type="BY">Wit-Rusland</territory>
			<territory type="BZ">Belize</territory>
			<territory type="CA">Canada</territory>
			<territory type="CC">Cocoseilanden</territory>
			<territory type="CD">Congo, Democratische Republiek</territory>
			<territory type="CF">Centraal-Afrikaanse Republiek</territory>
			<territory type="CG">Congo</territory>
			<territory type="CH">Zwitserland</territory>
			<territory type="CI">Ivoorkust</territory>
			<territory type="CK">Cookeilanden</territory>
			<territory type="CL">Chili</territory>
			<territory type="CM">Kameroen</territory>
			<territory type="CN">China</territory>
			<territory type="CO">Colombia</territory>
			<territory type="CR">Costa Rica</territory>
			<territory type="CU">Cuba</territory>
			<territory type="CV">Kaapverdië</territory>
			<territory type="CX">Christmaseiland</territory>
			<territory type="CY">Cyprus</territory>
			<territory type="CZ">Tsjechië</territory>
			<territory type="DE">Duitsland</territory>
			<territory type="DJ">Djibouti</territory>
			<territory type="DK">Denemarken</territory>
			<territory type="DM">Dominica</territory>
			<territory type="DO">Dominicaanse Republiek</territory>
			<territory type="DZ">Algerije</territory>
			<territory type="EC">Ecuador</territory>
			<territory type="EE">Estland</territory>
			<territory type="EG">Egypte</territory>
			<territory type="EH">West-Sahara</territory>
			<territory type="ER">Eritrea</territory>
			<territory type="ES">Spanje</territory>
			<territory type="ET">Ethiopië</territory>
			<territory type="FI">Finland</territory>
			<territory type="FJ">Fiji</territory>
			<territory type="FK">Falklandeilanden</territory>
			<territory type="FM">Micronesia, Federale Staten van</territory>
			<territory type="FO">Faeröer</territory>
			<territory type="FR">Frankrijk</territory>
			<territory type="GA">Gabon</territory>
			<territory type="GB">Verenigd Koninkrijk</territory>
			<territory type="GD">Grenada</territory>
			<territory type="GE">Georgië</territory>
			<territory type="GF">Frans-Guyana</territory>
			<territory type="GH">Ghana</territory>
			<territory type="GI">Gibraltar</territory>
			<territory type="GL">Groenland</territory>
			<territory type="GM">Gambia</territory>
			<territory type="GN">Guinea</territory>
			<territory type="GP">Guadeloupe</territory>
			<territory type="GQ">Equatoriaal-Guinea</territory>
			<territory type="GR">Griekenland</territory>
			<territory type="GS">Zuid-Georgië en Zuidelijke Sandwicheilanden</territory>
			<territory type="GT">Guatemala</territory>
			<territory type="GU">Guam</territory>
			<territory type="GW">Guinee-Bissau</territory>
			<territory type="GY">Guyana</territory>
			<territory type="HK">Hongkong S.A.R. van China</territory>
			<territory type="HM">Heardeiland en McDonaldeiland</territory>
			<territory type="HN">Honduras</territory>
			<territory type="HR">Kroatië</territory>
			<territory type="HT">Haïti</territory>
			<territory type="HU">Hongarije</territory>
			<territory type="ID">Indonesië</territory>
			<territory type="IE">Ierland</territory>
			<territory type="IL">Israël</territory>
			<territory type="IN">India</territory>
			<territory type="IO">Brits Territorium in de Indische Oceaan</territory>
			<territory type="IQ">Irak</territory>
			<territory type="IR">Iran</territory>
			<territory type="IS">IJsland</territory>
			<territory type="IT">Italië</territory>
			<territory type="JM">Jamaica</territory>
			<territory type="JO">Jordanië</territory>
			<territory type="JP">Japan</territory>
			<territory type="KE">Kenia</territory>
			<territory type="KG">Kirgizstan</territory>
			<territory type="KH">Cambodja</territory>
			<territory type="KI">Kiribati</territory>
			<territory type="KM">Comoren</territory>
			<territory type="KN">Saint Kitts en Nevis</territory>
			<territory type="KP">Noord-Korea</territory>
			<territory type="KR">Zuid-Korea</territory>
			<territory type="KW">Koeweit</territory>
			<territory type="KY">Caymaneilanden</territory>
			<territory type="KZ">Kazachstan</territory>
			<territory type="LA">Laos</territory>
			<territory type="LB">Libanon</territory>
			<territory type="LC">Saint Lucia</territory>
			<territory type="LI">Liechtenstein</territory>
			<territory type="LK">Sri Lanka</territory>
			<territory type="LR">Liberia</territory>
			<territory type="LS">Lesotho</territory>
			<territory type="LT">Litouwen</territory>
			<territory type="LU">Luxemburg</territory>
			<territory type="LV">Letland</territory>
			<territory type="LY">Libië</territory>
			<territory type="MA">Marokko</territory>
			<territory type="MC">Monaco</territory>
			<territory type="MD">Republiek Moldavië</territory>
			<territory type="MG">Madagaskar</territory>
			<territory type="MH">Marshalleilanden</territory>
			<territory type="MK">Macedonië, Republiek</territory>
			<territory type="ML">Mali</territory>
			<territory type="MM">Myanmar</territory>
			<territory type="MN">Mongolië</territory>
			<territory type="MO">Macao S.A.R. van China</territory>
			<territory type="MP">Noordelijke Marianeneilanden</territory>
			<territory type="MQ">Martinique</territory>
			<territory type="MR">Mauritanië</territory>
			<territory type="MS">Montserrat</territory>
			<territory type="MT">Malta</territory>
			<territory type="MU">Mauritius</territory>
			<territory type="MV">Maldiven</territory>
			<territory type="MW">Malawi</territory>
			<territory type="MX">Mexico</territory>
			<territory type="MY">Maleisië</territory>
			<territory type="MZ">Mozambique</territory>
			<territory type="NA">Namibië</territory>
			<territory type="NC">Nieuw-Caledonië</territory>
			<territory type="NE">Niger</territory>
			<territory type="NF">Norfolkeiland</territory>
			<territory type="NG">Nigeria</territory>
			<territory type="NI">Nicaragua</territory>
			<territory type="NL">Nederland</territory>
			<territory type="NO">Noorwegen</territory>
			<territory type="NP">Nepal</territory>
			<territory type="NR">Nauru</territory>
			<territory type="NU">Niue</territory>
			<territory type="NZ">Nieuw-Zeeland</territory>
			<territory type="OM">Oman</territory>
			<territory type="PA">Panama</territory>
			<territory type="PE">Peru</territory>
			<territory type="PF">Frans-Polynesië</territory>
			<territory type="PG">Papoea-Nieuw-Guinea</territory>
			<territory type="PH">Filipijnen</territory>
			<territory type="PK">Pakistan</territory>
			<territory type="PL">Polen</territory>
			<territory type="PM">Saint Pierre en Miquelon</territory>
			<territory type="PN">Pitcairn</territory>
			<territory type="PR">Puerto Rico</territory>
			<territory type="PS">Palestijns Gebied</territory>
			<territory type="PT">Portugal</territory>
			<territory type="PW">Palau</territory>
			<territory type="PY">Paraguay</territory>
			<territory type="QA">Qatar</territory>
			<territory type="RE">Réunion</territory>
			<territory type="RO">Roemenië</territory>
			<territory type="RU">Russische Federatie</territory>
			<territory type="RW">Rwanda</territory>
			<territory type="SA">Saoedi-Arabië</territory>
			<territory type="SB">Salomonseilanden</territory>
			<territory type="SC">Seychellen</territory>
			<territory type="SD">Soedan</territory>
			<territory type="SE">Zweden</territory>
			<territory type="SG">Singapore</territory>
			<territory type="SH">Saint Helena</territory>
			<territory type="SI">Slovenië</territory>
			<territory type="SJ">Svalbard en Jan Mayen</territory>
			<territory type="SK">Slowakije</territory>
			<territory type="SL">Sierra Leone</territory>
			<territory type="SM">San Marino</territory>
			<territory type="SN">Senegal</territory>
			<territory type="SO">Somalië</territory>
			<territory type="SP">Servië</territory>
			<territory type="SR">Suriname</territory>
			<territory type="ST">Sao Tomé en Principe</territory>
			<territory type="SV">El Salvador</territory>
			<territory type="SY">Syrië</territory>
			<territory type="SZ">Swaziland</territory>
			<territory type="TC">Turks- en Caicoseilanden</territory>
			<territory type="TD">Tsjaad</territory>
			<territory type="TF">Franse Gebieden in de zuidelijke Indische Oceaan</territory>
			<territory type="TG">Togo</territory>
			<territory type="TH">Thailand</territory>
			<territory type="TJ">Tadzjikistan</territory>
			<territory type="TK">Tokelau</territory>
			<territory type="TL">Oost-Timor</territory>
			<territory type="TM">Turkmenistan</territory>
			<territory type="TN">Tunesië</territory>
			<territory type="TO">Tonga</territory>
			<territory type="TR">Turkije</territory>
			<territory type="TT">Trinidad en Tobago</territory>
			<territory type="TV">Tuvalu</territory>
			<territory type="TW">Taiwan</territory>
			<territory type="TZ">Tanzania</territory>
			<territory type="UA">Oekraïne</territory>
			<territory type="UG">Oeganda</territory>
			<territory type="UM">Amerikaanse ondergeschikte afgelegen eilanden</territory>
			<territory type="US">Verenigde Staten</territory>
			<territory type="UY">Uruguay</territory>
			<territory type="UZ">Oezbekistan</territory>
			<territory type="VA">Vaticaanstad</territory>
			<territory type="VC">Saint Vincent en de Grenadines</territory>
			<territory type="VE">Venezuela</territory>
			<territory type="VG">Britse Maagdeneilanden</territory>
			<territory type="VI">Amerikaanse Maagdeneilanden</territory>
			<territory type="VN">Vietnam</territory>
			<territory type="VU">Vanuatu</territory>
			<territory type="WF">Wallis en Futuna</territory>
			<territory type="WS">Samoa</territory>
			<territory type="YE">Jemen</territory>
			<territory type="YT">Mayotte</territory>
			<territory type="YU">Joegoslavië</territory>
			<territory type="ZA">Zuid-Afrika</territory>
			<territory type="ZM">Zambia</territory>
			<territory type="ZW">Zimbabwe</territory>
		</territories>
		<variants>
			<variant type="REVISED">Gewijzigd</variant>
		</variants>
		<keys>
			<key type="calendar">Kalender</key>
			<key type="collation">Volgorde</key>
			<key type="currency">Munteenheid</key>
		</keys>
		<types>
			<type type="buddhist" key="calendar">Boeddhistische kalender</type>
			<type type="chinese" key="calendar">Chinese kalender</type>
			<type type="gregorian" key="calendar">Gregoriaanse kalender</type>
			<type type="hebrew" key="calendar">Joodse kalender</type>
			<type type="islamic" key="calendar">Islamitische kalender</type>
			<type type="islamic-civil" key="calendar">Islamitische kalender (cyclisch)</type>
			<type type="japanese" key="calendar">Japanse kalender</type>
			<type type="direct" key="collation">Directe volgorde</type>
			<type type="phonebook" key="collation">Telefoonboekvolgorde</type>
			<type type="pinyin" key="collation">Pinyinvolgorde</type>
			<type type="stroke" key="collation">Streekvolgorde</type>
			<type type="traditional" key="collation">Traditioneelvolgorde</type>
		</types>
	</localeDisplayNames>
	<characters>
		<exemplarCharacters>[a-záéíóúäëïöüĳ]</exemplarCharacters>
	</characters>
	<dates>
		<calendars>
			<calendar type="gregorian">
				<months>
					<monthContext type="format">
						<monthWidth type="abbreviated">
							<month type="1">jan</month>
							<month type="2">feb</month>
							<month type="3">mrt</month>
							<month type="4">apr</month>
							<month type="5">mei</month>
							<month type="6">jun</month>
							<month type="7">jul</month>
							<month type="8">aug</month>
							<month type="9">sep</month>
							<month type="10">okt</month>
							<month type="11">nov</month>
							<month type="12">dec</month>
						</monthWidth>
						<monthWidth type="narrow">
							<month type="1">J</month>
							<month type="2">F</month>
							<month type="3">M</month>
							<month type="4">A</month>
							<month type="5">M</month>
							<month type="6">J</month>
							<month type="7">J</month>
							<month type="8">A</month>
							<month type="9">S</month>
							<month type="10">O</month>
							<month type="11">N</month>
							<month type="12">D</month>
						</monthWidth>
						<monthWidth type="wide">
							<month type="1">januari</month>
							<month type="2">februari</month>
							<month type="3">maart</month>
							<month type="4">april</month>
							<month type="5">mei</month>
							<month type="6">juni</month>
							<month type="7">juli</month>
							<month type="8">augustus</month>
							<month type="9">september</month>
							<month type="10">oktober</month>
							<month type="11">november</month>
							<month type="12">december</month>
						</monthWidth>
					</monthContext>
				</months>
				<days>
					<dayContext type="format">
						<dayWidth type="abbreviated">
							<day type="sun">zo</day>
							<day type="mon">ma</day>
							<day type="tue">di</day>
							<day type="wed">wo</day>
							<day type="thu">do</day>
							<day type="fri">vr</day>
							<day type="sat">za</day>
						</dayWidth>
						<dayWidth type="narrow">
							<day type="sun">Z</day>
							<day type="mon">M</day>
							<day type="tue">D</day>
							<day type="wed">W</day>
							<day type="thu">D</day>
							<day type="fri">V</day>
							<day type="sat">Z</day>
						</dayWidth>
						<dayWidth type="wide">
							<day type="sun">zondag</day>
							<day type="mon">maandag</day>
							<day type="tue">dinsdag</day>
							<day type="wed">woensdag</day>
							<day type="thu">donderdag</day>
							<day type="fri">vrijdag</day>
							<day type="sat">zaterdag</day>
						</dayWidth>
					</dayContext>
				</days>
				<eras>
					<eraAbbr>
						<era type="0">v. Chr.</era>
						<era type="1">n. Chr.</era>
					</eraAbbr>
				</eras>
				<dateFormats>
					<dateFormatLength type="full">
						<dateFormat>
							<pattern>EEEE d MMMM yyyy</pattern>
						</dateFormat>
					</dateFormatLength>
					<dateFormatLength type="long">
						<dateFormat>
							<pattern>d MMMM yyyy</pattern>
						</dateFormat>
					</dateFormatLength>
					<dateFormatLength type="medium">
						<dateFormat>
							<pattern>d-MMM-yyyy</pattern>
						</dateFormat>
					</dateFormatLength>
					<dateFormatLength type="short">
						<dateFormat>
							<pattern>d-M-yy</pattern>
						</dateFormat>
					</dateFormatLength>
				</dateFormats>
				<timeFormats>
					<timeFormatLength type="full">
						<timeFormat>
							<pattern>H:mm:ss' uur' z</pattern>
						</timeFormat>
					</timeFormatLength>
					<timeFormatLength type="long">
						<timeFormat>
							<pattern>H:mm:ss z</pattern>
						</timeFormat>
					</timeFormatLength>
					<timeFormatLength type="medium">
						<timeFormat>
							<pattern>H:mm:ss</pattern>
						</timeFormat>
					</timeFormatLength>
					<timeFormatLength type="short">
						<timeFormat>
							<pattern>H:mm</pattern>
						</timeFormat>
					</timeFormatLength>
				</timeFormats>
			</calendar>
			<calendar type="hebrew">
				<months>
					<monthContext type="format">
						<monthWidth type="abbreviated">
							<alias source="nl" path="../monthWidth[@type='wide']"/>
						</monthWidth>
						<monthWidth type="wide">
							<month type="1">Tisjrie</month>
							<month type="2">Chesjwan</month>
							<month type="5">Sjevat</month>
							<month type="6">Adar</month>
							<month type="7">Adar B</month>
							<month type="9">Ijar</month>
							<month type="11">Tammoez</month>
							<month type="13">Elloel</month>
						</monthWidth>
					</monthContext>
				</months>
			</calendar>
			<calendar type="islamic">
				<months>
					<monthContext type="format">
						<monthWidth type="abbreviated">
							<alias source="nl" path="../monthWidth[@type='wide']"/>
						</monthWidth>
						<monthWidth type="wide">
							<month type="1">Moeharram</month>
							<month type="3">Rabiʻa al awal</month>
							<month type="4">Rabiʻa al thani</month>
							<month type="5">Joemadʻal awal</month>
							<month type="6">Joemadʻal thani</month>
							<month type="8">Sjaʻaban</month>
							<month type="10">Sjawal</month>
							<month type="11">Doe al kaʻaba</month>
							<month type="12">Doe al hizja</month>
						</monthWidth>
					</monthContext>
				</months>
				<eras>
					<eraAbbr>
						<era type="0">Saʻna Hizjria</era>
					</eraAbbr>
				</eras>
			</calendar>
			<calendar type="islamic-civil">
				<alias source="nl" path="../calendar[@type='islamic']"/>
			</calendar>
		</calendars>
		<timeZoneNames>
			<zone type="America/Los_Angeles">
				<long>
					<standard>Pacific-standaardtijd</standard>
					<daylight>Pacific-zomertijd</daylight>
				</long>
				<short>
					<standard>PST</standard>
					<daylight>PDT</daylight>
				</short>
				<exemplarCity>Los Angeles</exemplarCity>
			</zone>
			<zone type="America/Denver">
				<long>
					<standard>Mountain-standaardtijd</standard>
					<daylight>Mountain-zomertijd</daylight>
				</long>
				<short>
					<standard>MST</standard>
					<daylight>MDT</daylight>
				</short>
				<exemplarCity>Denver</exemplarCity>
			</zone>
			<zone type="America/Phoenix">
				<long>
					<standard>Mountain-standaardtijd</standard>
					<daylight>Mountain-standaardtijd</daylight>
				</long>
				<short>
					<standard>MST</standard>
					<daylight>MST</daylight>
				</short>
				<exemplarCity>Phoenix</exemplarCity>
			</zone>
			<zone type="America/Chicago">
				<long>
					<standard>Central-standaardtijd</standard>
					<daylight>Central-zomertijd</daylight>
				</long>
				<short>
					<standard>CST</standard>
					<daylight>CDT</daylight>
				</short>
				<exemplarCity>Chicago</exemplarCity>
			</zone>
			<zone type="America/New_York">
				<long>
					<standard>Eastern-standaardtijd</standard>
					<daylight>Eastern-zomertijd</daylight>
				</long>
				<short>
					<standard>EST</standard>
					<daylight>EDT</daylight>
				</short>
				<exemplarCity>New York</exemplarCity>
			</zone>
			<zone type="America/Indianapolis">
				<long>
					<standard>Eastern-standaardtijd</standard>
					<daylight>Eastern-standaardtijd</daylight>
				</long>
				<short>
					<standard>EST</standard>
					<daylight>EST</daylight>
				</short>
				<exemplarCity>Indianapolis</exemplarCity>
			</zone>
			<zone type="Pacific/Honolulu">
				<long>
					<standard>Hawaï-standaardtijd</standard>
					<daylight>Hawaï-standaardtijd</daylight>
				</long>
				<short>
					<standard>HST</standard>
					<daylight>HST</daylight>
				</short>
				<exemplarCity>Honolulu</exemplarCity>
			</zone>
			<zone type="America/Anchorage">
				<long>
					<standard>Alaska-standaardtijd</standard>
					<daylight>Alaska-zomertijd</daylight>
				</long>
				<short>
					<standard>AST</standard>
					<daylight>ADT</daylight>
				</short>
				<exemplarCity>Anchorage</exemplarCity>
			</zone>
			<zone type="America/Halifax">
				<long>
					<standard>Atlantic-standaardtijd</standard>
					<daylight>Atlantic-zomertijd</daylight>
				</long>
				<short>
					<standard>AST</standard>
					<daylight>ADT</daylight>
				</short>
				<exemplarCity>Halifax</exemplarCity>
			</zone>
			<zone type="America/St_Johns">
				<long>
					<standard>Newfoundland-standaardtijd</standard>
					<daylight>Newfoundland-zomertijd</daylight>
				</long>
				<short>
					<standard>CNT</standard>
					<daylight>CDT</daylight>
				</short>
				<exemplarCity>St. Johns</exemplarCity>
			</zone>
			<zone type="Europe/Paris">
				<long>
					<standard>Midden-Europese standaardtijd</standard>
					<daylight>Midden-Europese zomertijd</daylight>
				</long>
				<short>
					<standard>CET</standard>
					<daylight>CEST</daylight>
				</short>
				<exemplarCity>Parijs</exemplarCity>
			</zone>
			<zone type="Etc/GMT">
				<long>
					<standard>Greenwich Mean Time</standard>
					<daylight>Greenwich Mean Time</daylight>
				</long>
				<short>
					<standard>GMT</standard>
					<daylight>GMT</daylight>
				</short>
				<exemplarCity>Londen</exemplarCity>
			</zone>
			<zone type="Africa/Casablanca">
				<long>
					<standard>Greenwich Mean Time</standard>
					<daylight>Greenwich Mean Time</daylight>
				</long>
				<short>
					<standard>GMT</standard>
					<daylight>GMT</daylight>
				</short>
				<exemplarCity>Casablanca</exemplarCity>
			</zone>
			<zone type="Asia/Jerusalem">
				<long>
					<standard>Israëlische standaardtijd</standard>
					<daylight>Israëlische zomertijd</daylight>
				</long>
				<short>
					<standard>IST</standard>
					<daylight>IDT</daylight>
				</short>
				<exemplarCity>Jeruzalem</exemplarCity>
			</zone>
			<zone type="Asia/Tokyo">
				<long>
					<standard>Japanse standaardtijd</standard>
					<daylight>Japanse standaardtijd</daylight>
				</long>
				<short>
					<standard>JST</standard>
					<daylight>JST</daylight>
				</short>
				<exemplarCity>Tokyo</exemplarCity>
			</zone>
			<zone type="Europe/Bucharest">
				<long>
					<standard>Oost-Europese standaardtijd</standard>
					<daylight>Oost-Europese zomertijd</daylight>
				</long>
				<short>
					<standard>EET</standard>
					<daylight>EEST</daylight>
				</short>
				<exemplarCity>Boekarest</exemplarCity>
			</zone>
			<zone type="Asia/Shanghai">
				<long>
					<standard>Chinese standaardtijd</standard>
					<daylight>Chinese standaardtijd</daylight>
				</long>
				<short>
					<standard>CTT</standard>
					<daylight>CDT</daylight>
				</short>
				<exemplarCity>Shanghai</exemplarCity>
			</zone>
		</timeZoneNames>
	</dates>
	<numbers>
		<symbols>
			<decimal>,</decimal>
			<group>.</group>
		</symbols>
		<currencies>
			<currency type="ADD">
				<displayName>Andorrese diner</displayName>
				<symbol>ADD</symbol>
			</currency>
			<currency type="ADP">
				<displayName>Andorrese peseta</displayName>
				<symbol>ADP</symbol>
			</currency>
			<currency type="AED">
				<displayName>Verenigde Arabische Emiraten-dirham</displayName>
				<symbol>AED</symbol>
			</currency>
			<currency type="AFA">
				<displayName>Afghani (1927-2002)</displayName>
				<symbol>AFA</symbol>
			</currency>
			<currency type="AFN">
				<displayName>Afghani</displayName>
				<symbol>Af</symbol>
			</currency>
			<currency type="AIF">
				<displayName>Affars en Issas-franc</displayName>
				<symbol>AIF</symbol>
			</currency>
			<currency type="ALK">
				<displayName>Albanese lek (1946-1961)</displayName>
				<symbol>ALK</symbol>
			</currency>
			<currency type="ALL">
				<displayName>Albanese lek</displayName>
				<symbol>lek</symbol>
			</currency>
			<currency type="ALV">
				<displayName>Albanese lek valute</displayName>
				<symbol>ALV</symbol>
			</currency>
			<currency type="ALX">
				<displayName>Albanese dollarwisselcertificaten</displayName>
				<symbol>ALX</symbol>
			</currency>
			<currency type="AMD">
				<displayName>Armeense dram</displayName>
				<symbol>dram</symbol>
			</currency>
			<currency type="ANG">
				<displayName>Nederlands-Antilliaanse gulden</displayName>
				<symbol>NA f.</symbol>
			</currency>
			<currency type="AOA">
				<displayName>Angolese kwanza</displayName>
				<symbol>AOA</symbol>
			</currency>
			<currency type="AOK">
				<displayName>Angolese kwanza (1977-1990)</displayName>
				<symbol>AOK</symbol>
			</currency>
			<currency type="AON">
				<displayName>Angolese nieuwe kwanza (1990-2000)</displayName>
				<symbol>AON</symbol>
			</currency>
			<currency type="AOR">
				<displayName>Angolese kwanza reajustado (1995-1999)</displayName>
				<symbol>AOR</symbol>
			</currency>
			<currency type="AOS">
				<displayName>Angolese escudo</displayName>
				<symbol>AOS</symbol>
			</currency>
			<currency type="ARA">
				<displayName>Argentijnse austral</displayName>
				<symbol>ARA</symbol>
			</currency>
			<currency type="ARM">
				<displayName>Argentijnse peso moneda nacional</displayName>
				<symbol>ARM</symbol>
			</currency>
			<currency type="ARP">
				<displayName>Argentijnse peso (1983-1985)</displayName>
				<symbol>ARP</symbol>
			</currency>
			<currency type="ARS">
				<displayName>Argentijnse peso</displayName>
				<symbol>Arg$</symbol>
			</currency>
			<currency type="ATS">
				<displayName>Oostenrijkse schilling</displayName>
				<symbol>ATS</symbol>
			</currency>
			<currency type="AUD">
				<displayName>Australische dollar</displayName>
				<symbol>$A</symbol>
			</currency>
			<currency type="AUP">
				<displayName>Australisch pond</displayName>
				<symbol>AUP</symbol>
			</currency>
			<currency type="AWG">
				<displayName>Arubaanse gulden</displayName>
				<symbol>AWG</symbol>
			</currency>
			<currency type="AZM">
				<displayName>Azerbeidzjaanse manat</displayName>
				<symbol>AZM</symbol>
			</currency>
			<currency type="BAD">
				<displayName>Bosnische dinar</displayName>
				<symbol>BAD</symbol>
			</currency>
			<currency type="BAM">
				<displayName>Bosnische convertibele mark</displayName>
				<symbol>KM</symbol>
			</currency>
			<currency type="BAN">
				<displayName>Bosnische nieuwe dinar</displayName>
				<symbol>BAN</symbol>
			</currency>
			<currency type="BBD">
				<displayName>Barbadaanse dollar</displayName>
				<symbol>BDS$</symbol>
			</currency>
			<currency type="BDT">
				<displayName>Bengalese taka</displayName>
				<symbol>Tk</symbol>
			</currency>
			<currency type="BEC">
				<displayName>Belgische frank (convertibel)</displayName>
				<symbol>BEC</symbol>
			</currency>
			<currency type="BEF">
				<displayName>Belgische frank</displayName>
				<symbol>BF</symbol>
			</currency>
			<currency type="BEL">
				<displayName>Belgische frank (financieel)</displayName>
				<symbol>BEL</symbol>
			</currency>
			<currency type="BGL">
				<displayName>Bulgaarse harde lev</displayName>
				<symbol>lev</symbol>
			</currency>
			<currency type="BGM">
				<displayName>Bulgaarse socialistische lev</displayName>
				<symbol>BGM</symbol>
			</currency>
			<currency type="BGN">
				<displayName>Bulgaarse nieuwe lev</displayName>
				<symbol>BGN</symbol>
			</currency>
			<currency type="BGO">
				<displayName>Bulgaarse lev (1879-1952)</displayName>
				<symbol>BGO</symbol>
			</currency>
			<currency type="BGX">
				<displayName>Bulgaarse levwisselcertificaten</displayName>
				<symbol>BGX</symbol>
			</currency>
			<currency type="BHD">
				<displayName>Bahreinse dinar</displayName>
				<symbol>BD</symbol>
			</currency>
			<currency type="BIF">
				<displayName>Burundese franc</displayName>
				<symbol>Fbu</symbol>
			</currency>
			<currency type="BMD">
				<displayName>Bermuda-dollar</displayName>
				<symbol>Ber$</symbol>
			</currency>
			<currency type="BMP">
				<displayName>Bermuda-pond</displayName>
				<symbol>BMP</symbol>
			</currency>
			<currency type="BND">
				<displayName>Bruneise dollar</displayName>
				<symbol>BND</symbol>
			</currency>
			<currency type="BOB">
				<displayName>Boliviano</displayName>
				<symbol>Bs</symbol>
			</currency>
			<currency type="BOL">
				<displayName>Boliviano (1863-1962)</displayName>
				<symbol>BOL</symbol>
			</currency>
			<currency type="BOP">
				<displayName>Boliviaanse peso</displayName>
				<symbol>BOP</symbol>
			</currency>
			<currency type="BOV">
				<displayName>Boliviaanse mvdol</displayName>
				<symbol>BOV</symbol>
			</currency>
			<currency type="BRB">
				<displayName>Braziliaanse cruzeiro novo (1967-1986)</displayName>
				<symbol>BRB</symbol>
			</currency>
			<currency type="BRC">
				<displayName>Braziliaanse cruzado</displayName>
				<symbol>BRC</symbol>
			</currency>
			<currency type="BRE">
				<displayName>Braziliaanse cruzeiro (1990-1993)</displayName>
				<symbol>BRE</symbol>
			</currency>
			<currency type="BRL">
				<displayName>Braziliaanse real</displayName>
				<symbol>R$</symbol>
			</currency>
			<currency type="BRN">
				<displayName>Braziliaanse cruzado novo</displayName>
				<symbol>BRN</symbol>
			</currency>
			<currency type="BRR">
				<displayName>Braziliaanse cruzeiro</displayName>
				<symbol>BRR</symbol>
			</currency>
			<currency type="BRZ">
				<displayName>Braziliaanse cruzeiro (1942-1967)</displayName>
				<symbol>BRZ</symbol>
			</currency>
			<currency type="BSD">
				<displayName>Bahamaanse dollar</displayName>
				<symbol>BSD</symbol>
			</currency>
			<currency type="BSP">
				<displayName>Bahamaans pond</displayName>
				<symbol>BSP</symbol>
			</currency>
			<currency type="BTN">
				<displayName>Bhutaanse ngultrum</displayName>
				<symbol>Nu</symbol>
			</currency>
			<currency type="BTR">
				<displayName>Bhutaanse rupee</displayName>
				<symbol>BTR</symbol>
			</currency>
			<currency type="BUK">
				<displayName>Birmese kyat</displayName>
				<symbol>BUK</symbol>
			</currency>
			<currency type="BUR">
				<displayName>Birmese rupee</displayName>
				<symbol>BUR</symbol>
			</currency>
			<currency type="BWP">
				<displayName>Botswaanse pula</displayName>
				<symbol>BWP</symbol>
			</currency>
			<currency type="BYB">
				<displayName>Wit-Russische nieuwe roebel (1994-1999)</displayName>
				<symbol>BYB</symbol>
			</currency>
			<currency type="BYL">
				<displayName>Wit-Russische roebel (1992-1994)</displayName>
				<symbol>BYL</symbol>
			</currency>
			<currency type="BYR">
				<displayName>Wit-Russische roebel</displayName>
				<symbol>Rbl</symbol>
			</currency>
			<currency type="BZD">
				<displayName>Belizaanse dollar</displayName>
				<symbol>BZ$</symbol>
			</currency>
			<currency type="BZH">
				<displayName>Brits-Hondurese dollar</displayName>
				<symbol>BZH</symbol>
			</currency>
			<currency type="CAD">
				<displayName>Canadese dollar</displayName>
				<symbol>Can$</symbol>
			</currency>
			<currency type="CDF">
				<displayName>Congolese franc congolais</displayName>
				<symbol>CDF</symbol>
			</currency>
			<currency type="CDG">
				<displayName>Congolese franc</displayName>
				<symbol>CDG</symbol>
			</currency>
			<currency type="CDL">
				<displayName>Congolese zaïre</displayName>
				<symbol>CDL</symbol>
			</currency>
			<currency type="CFF">
				<displayName>Centraal-Afrikaanse CFA-franc</displayName>
				<symbol>CFF</symbol>
			</currency>
			<currency type="CHF">
				<displayName>Zwitserse franc</displayName>
				<symbol>SwF</symbol>
			</currency>
			<currency type="CKD">
				<displayName>Cookeilandse dollar</displayName>
				<symbol>CKD</symbol>
			</currency>
			<currency type="CLC">
				<displayName>Chileense condor</displayName>
				<symbol>CLC</symbol>
			</currency>
			<currency type="CLE">
				<displayName>Chileense escudo</displayName>
				<symbol>CLE</symbol>
			</currency>
			<currency type="CLF">
				<displayName>Chileense unidades de fomento</displayName>
				<symbol>CLF</symbol>
			</currency>
			<currency type="CLP">
				<displayName>Chileense peso</displayName>
				<symbol>Ch$</symbol>
			</currency>
			<currency type="CMF">
				<displayName>Kameroense CFA-franc</displayName>
				<symbol>CMF</symbol>
			</currency>
			<currency type="CNP">
				<displayName>Chinese jen min piao yuan</displayName>
				<symbol>CNP</symbol>
			</currency>
			<currency type="CNX">
				<displayName>Chinese Amerikaanse-dollarwisselcertificaten</displayName>
				<symbol>CNX</symbol>
			</currency>
			<currency type="CNY">
				<displayName>Chinese yuan renminbi</displayName>
				<symbol>Y</symbol>
			</currency>
			<currency type="COB">
				<displayName>Colombiaanse papieren peso</displayName>
				<symbol>COB</symbol>
			</currency>
			<currency type="COF">
				<displayName>Congolese CFA-franc</displayName>
				<symbol>COF</symbol>
			</currency>
			<currency type="COP">
				<displayName>Colombiaanse peso</displayName>
				<symbol>Col$</symbol>
			</currency>
			<currency type="CRC">
				<displayName>Costaricaanse colón</displayName>
				<symbol>C</symbol>
			</currency>
			<currency type="CSC">
				<displayName>Tsjechoslowaakse koruna</displayName>
				<symbol>CSC</symbol>
			</currency>
			<currency type="CSK">
				<displayName>Tsjechoslowaakse harde koruna</displayName>
				<symbol>CSK</symbol>
			</currency>
			<currency type="CUP">
				<displayName>Cubaanse peso</displayName>
				<symbol>CUP</symbol>
			</currency>
			<currency type="CUX">
				<displayName>Cubaanse wisselcertificaten</displayName>
				<symbol>CUX</symbol>
			</currency>
			<currency type="CVE">
				<displayName>Kaapverdische escudo</displayName>
				<symbol>CVEsc</symbol>
			</currency>
			<currency type="CWG">
				<displayName>Curaçao-gulden</displayName>
				<symbol>CWG</symbol>
			</currency>
			<currency type="CYP">
				<displayName>Cyprisch pond</displayName>
				<symbol>£C</symbol>
			</currency>
			<currency type="CZK">
				<displayName>Tsjechische koruna</displayName>
				<symbol>CZK</symbol>
			</currency>
			<currency type="DDM">
				<displayName>Oost-Duitse ostmark</displayName>
				<symbol>DDM</symbol>
			</currency>
			<currency type="DEM">
				<displayName>Duitse mark</displayName>
				<symbol>DEM</symbol>
			</currency>
			<currency type="DES">
				<displayName>Duitse sperrmark</displayName>
				<symbol>DES</symbol>
			</currency>
			<currency type="DJF">
				<displayName>Djiboutiaanse franc</displayName>
				<symbol>DF</symbol>
			</currency>
			<currency type="DKK">
				<displayName>Deense kroon</displayName>
				<symbol>DKr</symbol>
			</currency>
			<currency type="DOP">
				<displayName>Dominicaanse peso</displayName>
				<symbol>RD$</symbol>
			</currency>
			<currency type="DZD">
				<displayName>Algerijnse dinar</displayName>
				<symbol>DA</symbol>
			</currency>
			<currency type="DZF">
				<displayName>Algerijnse nieuwe franc</displayName>
				<symbol>DZF</symbol>
			</currency>
			<currency type="DZG">
				<displayName>Algerijnse franc germinal</displayName>
				<symbol>DZG</symbol>
			</currency>
			<currency type="ECS">
				<displayName>Ecuadoraanse sucre</displayName>
				<symbol>ECS</symbol>
			</currency>
			<currency type="ECV">
				<displayName>Ecuadoraanse unidad de valor constante (UVC)</displayName>
				<symbol>ECV</symbol>
			</currency>
			<currency type="EEK">
				<displayName>Estlandse kroon</displayName>
				<symbol>EEK</symbol>
			</currency>
			<currency type="EGP">
				<displayName>Egyptisch pond</displayName>
				<symbol>EGP</symbol>
			</currency>
			<currency type="ERN">
				<displayName>Eritrese nakfa</displayName>
				<symbol>ERN</symbol>
			</currency>
			<currency type="ESP">
				<displayName>Spaanse peseta</displayName>
				<symbol>ESP</symbol>
			</currency>
			<currency type="ETB">
				<displayName>Ethiopische birr</displayName>
				<symbol>Br</symbol>
			</currency>
			<currency type="ETD">
				<displayName>Ethiopische dollar</displayName>
				<symbol>ETD</symbol>
			</currency>
			<currency type="EUR">
				<displayName>Euro</displayName>
			</currency>
			<currency type="FIM">
				<displayName>Finse markka</displayName>
				<symbol>FIM</symbol>
			</currency>
			<currency type="FIN">
				<displayName>Finse markka (1860-1962)</displayName>
				<symbol>FIN</symbol>
			</currency>
			<currency type="FJD">
				<displayName>Fijische dollar</displayName>
				<symbol>F$</symbol>
			</currency>
			<currency type="FJP">
				<displayName>Fijisch pond</displayName>
				<symbol>FJP</symbol>
			</currency>
			<currency type="FKP">
				<displayName>Falklandeilands pond</displayName>
				<symbol>FKP</symbol>
			</currency>
			<currency type="FOK">
				<displayName>Faeröerse kroon</displayName>
				<symbol>FOK</symbol>
			</currency>
			<currency type="FRF">
				<displayName>Franse franc</displayName>
				<symbol>FRF</symbol>
			</currency>
			<currency type="FRG">
				<displayName>Franse franc germinal/franc poincare</displayName>
				<symbol>FRG</symbol>
			</currency>
			<currency type="GAF">
				<displayName>Gabonese CFA-franc</displayName>
				<symbol>GAF</symbol>
			</currency>
			<currency type="GBP">
				<displayName>Brits pond sterling</displayName>
			</currency>
			<currency type="GEK">
				<displayName>Georgische kupon larit</displayName>
				<symbol>GEK</symbol>
			</currency>
			<currency type="GEL">
				<displayName>Georgische lari</displayName>
				<symbol>lari</symbol>
			</currency>
			<currency type="GHC">
				<displayName>Ghanese cedi</displayName>
				<symbol>GHC</symbol>
			</currency>
			<currency type="GHO">
				<displayName>Ghanese oude cedi</displayName>
				<symbol>GHO</symbol>
			</currency>
			<currency type="GHP">
				<displayName>Ghanees pond</displayName>
				<symbol>GHP</symbol>
			</currency>
			<currency type="GHR">
				<displayName>Ghanese hergewaardeerde cedi</displayName>
				<symbol>GHR</symbol>
			</currency>
			<currency type="GIP">
				<displayName>Gibraltarees pond</displayName>
				<symbol>GIP</symbol>
			</currency>
			<currency type="GLK">
				<displayName>Groenlandse kroon</displayName>
				<symbol>GLK</symbol>
			</currency>
			<currency type="GMD">
				<displayName>Gambiaanse dalasi</displayName>
				<symbol>GMD</symbol>
			</currency>
			<currency type="GMP">
				<displayName>Gambiaans pond</displayName>
				<symbol>GMP</symbol>
			</currency>
			<currency type="GNF">
				<displayName>Guinese franc</displayName>
				<symbol>GF</symbol>
			</currency>
			<currency type="GNI">
				<displayName>Guinese franc (1960-1972)</displayName>
				<symbol>GNI</symbol>
			</currency>
			<currency type="GNS">
				<displayName>Guinese syli</displayName>
				<symbol>GNS</symbol>
			</currency>
			<currency type="GPF">
				<displayName>Guadeloupse franc</displayName>
				<symbol>GPF</symbol>
			</currency>
			<currency type="GQE">
				<displayName>Equatoriaal-Guinese ekwele guineana</displayName>
				<symbol>GQE</symbol>
			</currency>
			<currency type="GQF">
				<displayName>Equatoriaal-Guinese franco</displayName>
				<symbol>GQF</symbol>
			</currency>
			<currency type="GQP">
				<displayName>Equatoriaal-Guinese peseta puineana</displayName>
				<symbol>GQP</symbol>
			</currency>
			<currency type="GRD">
				<displayName>Griekse drachme</displayName>
				<symbol>GRD</symbol>
			</currency>
			<currency type="GRN">
				<displayName>Griekse nieuwe drachme</displayName>
				<symbol>GRN</symbol>
			</currency>
			<currency type="GTQ">
				<displayName>Guatemalteekse quetzal</displayName>
				<symbol>Q</symbol>
			</currency>
			<currency type="GUF">
				<displayName>Frans-Guyaanse franc guiana</displayName>
				<symbol>GUF</symbol>
			</currency>
			<currency type="GWE">
				<displayName>Portuguees-Guinese escudo</displayName>
				<symbol>GWE</symbol>
			</currency>
			<currency type="GWM">
				<displayName>Portuguees-Guinese mil reis</displayName>
				<symbol>GWM</symbol>
			</currency>
			<currency type="GWP">
				<displayName>Guinee-Bissause peso</displayName>
				<symbol>GWP</symbol>
			</currency>
			<currency type="GYD">
				<displayName>Guyaanse dollar</displayName>
				<symbol>G$</symbol>
			</currency>
			<currency type="HKD">
				<displayName>Hongkongse dollar</displayName>
				<symbol>HK$</symbol>
			</currency>
			<currency type="HNL">
				<displayName>Hodurese lempira</displayName>
				<symbol>L</symbol>
			</currency>
			<currency type="HRD">
				<displayName>Kroatische dinar</displayName>
				<symbol>HRD</symbol>
			</currency>
			<currency type="HRK">
				<displayName>Kroatische kuna</displayName>
				<symbol>HRK</symbol>
			</currency>
			<currency type="HTG">
				<displayName>Haïtiaanse gourde</displayName>
				<symbol>HTG</symbol>
			</currency>
			<currency type="HUF">
				<displayName>Hongaarse forint</displayName>
				<symbol>Ft</symbol>
			</currency>
			<currency type="IBP">
				<displayName>Noord-Iers pond</displayName>
				<symbol>IBP</symbol>
			</currency>
			<currency type="IDG">
				<displayName>Indonesische nica-gulden</displayName>
				<symbol>IDG</symbol>
			</currency>
			<currency type="IDJ">
				<displayName>Indonesische Java-rupiah</displayName>
				<symbol>IDJ</symbol>
			</currency>
			<currency type="IDN">
				<displayName>Indonesische nieuwe rupiah</displayName>
				<symbol>IDN</symbol>
			</currency>
			<currency type="IDR">
				<displayName>Indonesische rupiah</displayName>
				<symbol>Rp</symbol>
			</currency>
			<currency type="IEP">
				<displayName>Iers pond</displayName>
				<symbol>IR£</symbol>
			</currency>
			<currency type="ILL">
				<displayName>Israëlische shekel</displayName>
				<symbol>ILL</symbol>
			</currency>
			<currency type="ILP">
				<displayName>Israëlisch pond</displayName>
				<symbol>ILP</symbol>
			</currency>
			<currency type="ILS">
				<displayName>Israëlische nieuwe shekel</displayName>
				<symbol>ILS</symbol>
			</currency>
			<currency type="IMP">
				<displayName>Isle of Man pond sterling</displayName>
				<symbol>IMP</symbol>
			</currency>
			<currency type="INR">
				<displayName>Indiase rupee</displayName>
			</currency>
			<currency type="IQD">
				<displayName>Iraakse dinar</displayName>
				<symbol>ID</symbol>
			</currency>
			<currency type="IRR">
				<displayName>Iraanse rial</displayName>
				<symbol>RI</symbol>
			</currency>
			<currency type="ISK">
				<displayName>IJslandse kroon</displayName>
				<symbol>ISK</symbol>
			</currency>
			<currency type="ITL">
				<displayName>Italiaanse lire</displayName>
			</currency>
			<currency type="JEP">
				<displayName>Jersey pond sterling</displayName>
				<symbol>JEP</symbol>
			</currency>
			<currency type="JMD">
				<displayName>Jamaicaanse dollar</displayName>
				<symbol>J$</symbol>
			</currency>
			<currency type="JMP">
				<displayName>Jamaicaans pond</displayName>
				<symbol>JMP</symbol>
			</currency>
			<currency type="JOD">
				<displayName>Jordaanse dinar</displayName>
				<symbol>JD</symbol>
			</currency>
			<currency type="JPY">
				<displayName>Japanse yen</displayName>
			</currency>
			<currency type="KES">
				<displayName>Kenyaanse shilling</displayName>
				<symbol>K Sh</symbol>
			</currency>
			<currency type="KGS">
				<displayName>Kirgizische som</displayName>
				<symbol>som</symbol>
			</currency>
			<currency type="KHO">
				<displayName>Cambodjaanse oude riel</displayName>
				<symbol>KHO</symbol>
			</currency>
			<currency type="KHR">
				<displayName>Cambodjaanse riel</displayName>
				<symbol>CR</symbol>
			</currency>
			<currency type="KID">
				<displayName>Kiribatische dollar</displayName>
				<symbol>KID</symbol>
			</currency>
			<currency type="KMF">
				<displayName>Comorese franc</displayName>
				<symbol>CF</symbol>
			</currency>
			<currency type="KPP">
				<displayName>Noord-Koreaanse Volksrepubliek-won</displayName>
				<symbol>KPP</symbol>
			</currency>
			<currency type="KPW">
				<displayName>Noord-Koreaanse won</displayName>
				<symbol>KPW</symbol>
			</currency>
			<currency type="KRH">
				<displayName>Zuid-Koreaanse hwan</displayName>
				<symbol>KRH</symbol>
			</currency>
			<currency type="KRO">
				<displayName>Zuid-Koreaanse oude won</displayName>
				<symbol>KRO</symbol>
			</currency>
			<currency type="KRW">
				<displayName>Zuid-Koreaanse won</displayName>
				<symbol>KRW</symbol>
			</currency>
			<currency type="KWD">
				<displayName>Koeweitse dinar</displayName>
				<symbol>KD</symbol>
			</currency>
			<currency type="KYD">
				<displayName>Caymaneilandse dollar</displayName>
				<symbol>KYD</symbol>
			</currency>
			<currency type="KZR">
				<displayName>Kazachstaanse roebel</displayName>
				<symbol>KZR</symbol>
			</currency>
			<currency type="KZT">
				<displayName>Kazachstaanse tenge</displayName>
				<symbol>T</symbol>
			</currency>
			<currency type="LAK">
				<displayName>Laotiaanse kip</displayName>
				<symbol>LAK</symbol>
			</currency>
			<currency type="LBP">
				<displayName>Libanees pond</displayName>
				<symbol>LL</symbol>
			</currency>
			<currency type="LIF">
				<displayName>Liechtensteinse frank</displayName>
				<symbol>LIF</symbol>
			</currency>
			<currency type="LKR">
				<displayName>Srilankaanse rupee</displayName>
				<symbol>SL Re</symbol>
			</currency>
			<currency type="LNR">
				<displayName>Ceylon-rupee</displayName>
				<symbol>LNR</symbol>
			</currency>
			<currency type="LRD">
				<displayName>Liberiaanse dollar</displayName>
				<symbol>LRD</symbol>
			</currency>
			<currency type="LSL">
				<displayName>Lesothaanse loti</displayName>
				<symbol>M</symbol>
			</currency>
			<currency type="LTL">
				<displayName>Litouwse litas</displayName>
				<symbol>LTL</symbol>
			</currency>
			<currency type="LTT">
				<displayName>Litouwse talonas</displayName>
				<symbol>LTT</symbol>
			</currency>
			<currency type="LUF">
				<displayName>Luxemburgse frank</displayName>
				<symbol>LUF</symbol>
			</currency>
			<currency type="LVL">
				<displayName>Letse lats</displayName>
				<symbol>LVL</symbol>
			</currency>
			<currency type="LVR">
				<displayName>Letse roebel</displayName>
				<symbol>LVR</symbol>
			</currency>
			<currency type="LYB">
				<displayName>Libische Britse Militaire Autoriteit-lire</displayName>
				<symbol>LYB</symbol>
			</currency>
			<currency type="LYD">
				<displayName>Libische dinar</displayName>
				<symbol>LD</symbol>
			</currency>
			<currency type="LYP">
				<displayName>Libisch pond</displayName>
				<symbol>LYP</symbol>
			</currency>
			<currency type="MAD">
				<displayName>Marokkaanse dirham</displayName>
				<symbol>MAD</symbol>
			</currency>
			<currency type="MAF">
				<displayName>Marokkaanse franc</displayName>
				<symbol>MAF</symbol>
			</currency>
			<currency type="MCF">
				<displayName>Monegaskische nieuwe franc</displayName>
				<symbol>MCF</symbol>
			</currency>
			<currency type="MCG">
				<displayName>Monegaskische franc germinal</displayName>
				<symbol>MCG</symbol>
			</currency>
			<currency type="MDC">
				<displayName>Monegaskische leu cupon</displayName>
				<symbol>MDC</symbol>
			</currency>
			<currency type="MDL">
				<displayName>Moldavische leu</displayName>
				<symbol>MDL</symbol>
			</currency>
			<currency type="MDR">
				<displayName>Moldavische roebel-cupon</displayName>
				<symbol>MDR</symbol>
			</currency>
			<currency type="MGA">
				<displayName>Malagassische ariary</displayName>
				<symbol>MGA</symbol>
			</currency>
			<currency type="MGF">
				<displayName>Malagassische franc</displayName>
				<symbol>MGF</symbol>
			</currency>
			<currency type="MHD">
				<displayName>Marshalleilandse dollar</displayName>
				<symbol>MHD</symbol>
			</currency>
			<currency type="MKD">
				<displayName>Macedonische denar</displayName>
				<symbol>MDen</symbol>
			</currency>
			<currency type="MKN">
				<displayName>Macedonische denar (1992-1993)</displayName>
				<symbol>MKN</symbol>
			</currency>
			<currency type="MLF">
				<displayName>Malinese franc</displayName>
				<symbol>MLF</symbol>
			</currency>
			<currency type="MMK">
				<displayName>Myanmarese kyat</displayName>
				<symbol>MMK</symbol>
			</currency>
			<currency type="MMX">
				<displayName>Myanmarese dollarwisselcertificaten</displayName>
				<symbol>MMX</symbol>
			</currency>
			<currency type="MNT">
				<displayName>Mongoolse tugrik</displayName>
				<symbol>Tug</symbol>
			</currency>
			<currency type="MOP">
				<displayName>Macause pataca</displayName>
				<symbol>MOP</symbol>
			</currency>
			<currency type="MQF">
				<displayName>Martinikaanse franc</displayName>
				<symbol>MQF</symbol>
			</currency>
			<currency type="MRO">
				<displayName>Mauritaanse ouguiya</displayName>
				<symbol>UM</symbol>
			</currency>
			<currency type="MTL">
				<displayName>Maltese lire</displayName>
				<symbol>Lm</symbol>
			</currency>
			<currency type="MTP">
				<displayName>Maltees pond</displayName>
				<symbol>MTP</symbol>
			</currency>
			<currency type="MUR">
				<displayName>Mauritiaanse rupee</displayName>
				<symbol>MUR</symbol>
			</currency>
			<currency type="MVP">
				<displayName>Maldivische rupee</displayName>
				<symbol>MVP</symbol>
			</currency>
			<currency type="MVR">
				<displayName>Maldivische rufiyaa</displayName>
				<symbol>MVR</symbol>
			</currency>
			<currency type="MWK">
				<displayName>Malawische kwacha</displayName>
				<symbol>MK</symbol>
			</currency>
			<currency type="MWP">
				<displayName>Malawisch pond</displayName>
				<symbol>MWP</symbol>
			</currency>
			<currency type="MXN">
				<displayName>Mexicaanse peso</displayName>
				<symbol>MEX$</symbol>
			</currency>
			<currency type="MXP">
				<displayName>Mexicaanse zilveren peso (1861-1992)</displayName>
				<symbol>MXP</symbol>
			</currency>
			<currency type="MXV">
				<displayName>Mexicaanse unidad de inversion (UDI)</displayName>
				<symbol>MXV</symbol>
			</currency>
			<currency type="MYR">
				<displayName>Maleisische ringgit</displayName>
				<symbol>RM</symbol>
			</currency>
			<currency type="MZE">
				<displayName>Mozambikaanse escudo</displayName>
				<symbol>MZE</symbol>
			</currency>
			<currency type="MZM">
				<displayName>Mozambikaanse metical</displayName>
				<symbol>Mt</symbol>
			</currency>
			<currency type="NAD">
				<displayName>Namibische dollar</displayName>
				<symbol>N$</symbol>
			</currency>
			<currency type="NCF">
				<displayName>Nieuw-Caledonische franc germinal</displayName>
				<symbol>NCF</symbol>
			</currency>
			<currency type="NGN">
				<displayName>Nigeriaanse naira</displayName>
				<symbol>NGN</symbol>
			</currency>
			<currency type="NGP">
				<displayName>Nigeriaans pond</displayName>
				<symbol>NGP</symbol>
			</currency>
			<currency type="NHF">
				<displayName>Nieuw-Hebridiaanse CFP-franc</displayName>
				<symbol>NHF</symbol>
			</currency>
			<currency type="NIC">
				<displayName>Nicaraguaanse córdoba</displayName>
				<symbol>NIC</symbol>
			</currency>
			<currency type="NIG">
				<displayName>Nicaraguaanse gouden córdoba</displayName>
				<symbol>NIG</symbol>
			</currency>
			<currency type="NIO">
				<displayName>Nicaraguaanse  córdoba oro</displayName>
				<symbol>NIO</symbol>
			</currency>
			<currency type="NLG">
				<displayName>Nederlandse gulden</displayName>
				<symbol>fl</symbol>
			</currency>
			<currency type="NOK">
				<displayName>Noorse kroon</displayName>
				<symbol>NKr</symbol>
			</currency>
			<currency type="NPR">
				<displayName>Nepalese rupee</displayName>
				<symbol>Nrs</symbol>
			</currency>
			<currency type="NZD">
				<displayName>Nieuw-Zeelandse dollar</displayName>
				<symbol>$NZ</symbol>
			</currency>
			<currency type="NZP">
				<displayName>Nieuw-Zeelands pond</displayName>
				<symbol>NZP</symbol>
			</currency>
			<currency type="OMR">
				<displayName>Omaanse rial</displayName>
				<symbol>RO</symbol>
			</currency>
			<currency type="OMS">
				<displayName>Omaanse rial saidi</displayName>
				<symbol>OMS</symbol>
			</currency>
			<currency type="PAB">
				<displayName>Panamese balboa</displayName>
				<symbol>PAB</symbol>
			</currency>
			<currency type="PDK">
				<displayName>Trans-Djnestrische roebel-kupon</displayName>
				<symbol>PDK</symbol>
			</currency>
			<currency type="PDN">
				<displayName>Trans-Djnestrische nieuwe roebel</displayName>
				<symbol>PDN</symbol>
			</currency>
			<currency type="PDR">
				<displayName>Trans-Djnestrische roebel</displayName>
				<symbol>PDR</symbol>
			</currency>
			<currency type="PEI">
				<displayName>Peruaanse inti</displayName>
				<symbol>PEI</symbol>
			</currency>
			<currency type="PEN">
				<displayName>Peruaanse nieuwe sol</displayName>
				<symbol>PEN</symbol>
			</currency>
			<currency type="PES">
				<displayName>Peruaanse sol</displayName>
				<symbol>PES</symbol>
			</currency>
			<currency type="PGK">
				<displayName>Papuaanse kina</displayName>
				<symbol>PGK</symbol>
			</currency>
			<currency type="PHP">
				<displayName>Filipijnse peso</displayName>
				<symbol>PHP</symbol>
			</currency>
			<currency type="PKR">
				<displayName>Pakistaanse rupee</displayName>
				<symbol>Pra</symbol>
			</currency>
			<currency type="PLN">
				<displayName>Poolse zloty</displayName>
				<symbol>Zl</symbol>
			</currency>
			<currency type="PLX">
				<displayName>Poolse Amerikaanse-dollarwisselcertificaten</displayName>
				<symbol>PLX</symbol>
			</currency>
			<currency type="PLZ">
				<displayName>Poolse zloty (1950-1995)</displayName>
				<symbol>PLZ</symbol>
			</currency>
			<currency type="PSP">
				<displayName>Palestijns pond</displayName>
				<symbol>PSP</symbol>
			</currency>
			<currency type="PTC">
				<displayName>Portugese conto</displayName>
				<symbol>PTC</symbol>
			</currency>
			<currency type="PTE">
				<displayName>Portugese escudo</displayName>
				<symbol>PTE</symbol>
			</currency>
			<currency type="PYG">
				<displayName>Paraguayaanse guarani</displayName>
				<symbol>PYG</symbol>
			</currency>
			<currency type="QAR">
				<displayName>Qatarese rial</displayName>
				<symbol>QR</symbol>
			</currency>
			<currency type="REF">
				<displayName>Réunionse franc</displayName>
				<symbol>REF</symbol>
			</currency>
			<currency type="ROL">
				<displayName>Roemeense leu</displayName>
				<symbol>leu</symbol>
			</currency>
			<currency type="RON">
				<displayName>Roemeense nieuwe leu</displayName>
				<symbol>RON</symbol>
			</currency>
			<currency type="RUB">
				<displayName>Russische roebel</displayName>
				<symbol>RUB</symbol>
			</currency>
			<currency type="RUR">
				<displayName>Russische roebel (1991-1998)</displayName>
				<symbol>RUR</symbol>
			</currency>
			<currency type="RWF">
				<displayName>Rwandese franc</displayName>
				<symbol>RWF</symbol>
			</currency>
			<currency type="SAR">
				<displayName>Saoedische rial</displayName>
				<symbol>SRl</symbol>
			</currency>
			<currency type="SAS">
				<displayName>Saoedische souvereine rial</displayName>
				<symbol>SAS</symbol>
			</currency>
			<currency type="SBD">
				<displayName>Salomonseilandse dollar</displayName>
				<symbol>SI$</symbol>
			</currency>
			<currency type="SCR">
				<displayName>Seychelse rupee</displayName>
				<symbol>SR</symbol>
			</currency>
			<currency type="SDD">
				<displayName>Soedanese dinar</displayName>
				<symbol>SDD</symbol>
			</currency>
			<currency type="SDP">
				<displayName>Soedanees pond</displayName>
				<symbol>SDP</symbol>
			</currency>
			<currency type="SEK">
				<displayName>Zweedse kroon</displayName>
				<symbol>SKr</symbol>
			</currency>
			<currency type="SGD">
				<displayName>Singaporese dollar</displayName>
				<symbol>S$</symbol>
			</currency>
			<currency type="SHP">
				<displayName>Sint-Heleense pond</displayName>
				<symbol>SHP</symbol>
			</currency>
			<currency type="SIB">
				<displayName>Sloveense tolar bons</displayName>
				<symbol>SIB</symbol>
			</currency>
			<currency type="SIT">
				<displayName>Sloveense tolar</displayName>
				<symbol>SIT</symbol>
			</currency>
			<currency type="SKK">
				<displayName>Slowaakse koruna</displayName>
				<symbol>Sk</symbol>
			</currency>
			<currency type="SLL">
				<displayName>Sierraleoonse leone</displayName>
				<symbol>SLL</symbol>
			</currency>
			<currency type="SML">
				<displayName>Sanmarinese lire</displayName>
				<symbol>SML</symbol>
			</currency>
			<currency type="SOS">
				<displayName>Somalische shilling</displayName>
				<symbol>So. Sh.</symbol>
			</currency>
			<currency type="SQS">
				<displayName>Somalilandse shilling</displayName>
				<symbol>SQS</symbol>
			</currency>
			<currency type="SRG">
				<displayName>Surinaamse gulden</displayName>
				<symbol>Sf</symbol>
			</currency>
			<currency type="SSP">
				<displayName>Schotse pond</displayName>
				<symbol>SSP</symbol>
			</currency>
			<currency type="STD">
				<displayName>Santomese dobra</displayName>
				<symbol>Db</symbol>
			</currency>
			<currency type="STE">
				<displayName>Santomese escudo</displayName>
				<symbol>STE</symbol>
			</currency>
			<currency type="SUN">
				<displayName>Nieuwe sovjet-roebel</displayName>
				<symbol>SUN</symbol>
			</currency>
			<currency type="SUR">
				<displayName>Sovjet-roebel</displayName>
				<symbol>SUR</symbol>
			</currency>
			<currency type="SVC">
				<displayName>Salvadoraanse colón</displayName>
				<symbol>SVC</symbol>
			</currency>
			<currency type="SYP">
				<displayName>Syrisch pond</displayName>
				<symbol>LS</symbol>
			</currency>
			<currency type="SZL">
				<displayName>Swazische lilangeni</displayName>
				<symbol>E</symbol>
			</currency>
			<currency type="TCC">
				<displayName>Turks en Caicos-kroon</displayName>
				<symbol>TCC</symbol>
			</currency>
			<currency type="TDF">
				<displayName>Tsjaadse CFA-franc</displayName>
				<symbol>TDF</symbol>
			</currency>
			<currency type="THB">
				<displayName>Thaise baht</displayName>
				<symbol>THB</symbol>
			</currency>
			<currency type="TJR">
				<displayName>Tadzjikistaanse roebel</displayName>
				<symbol>TJR</symbol>
			</currency>
			<currency type="TJS">
				<displayName>Tadzjikistaanse somoni</displayName>
				<symbol>TJS</symbol>
			</currency>
			<currency type="TMM">
				<displayName>Turkmeense manat</displayName>
				<symbol>TMM</symbol>
			</currency>
			<currency type="TND">
				<displayName>Tunesische dinar</displayName>
				<symbol>TND</symbol>
			</currency>
			<currency type="TOP">
				<displayName>Tongaanse paʻanga</displayName>
				<symbol>T$</symbol>
			</currency>
			<currency type="TOS">
				<displayName>Tongaans pond sterling</displayName>
				<symbol>TOS</symbol>
			</currency>
			<currency type="TPE">
				<displayName>Timorese escudo</displayName>
				<symbol>TPE</symbol>
			</currency>
			<currency type="TPP">
				<displayName>Timorese pataca</displayName>
				<symbol>TPP</symbol>
			</currency>
			<currency type="TRL">
				<displayName>Turkse lire</displayName>
				<symbol>TL</symbol>
			</currency>
			<currency type="TTD">
				<displayName>Trinidad en Tobago-dollar</displayName>
				<symbol>TT$</symbol>
			</currency>
			<currency type="TTO">
				<displayName>Trinidad en Tobago-oude dollar</displayName>
				<symbol>TTO</symbol>
			</currency>
			<currency type="TVD">
				<displayName>Tuvaluaanse dollar</displayName>
				<symbol>TVD</symbol>
			</currency>
			<currency type="TWD">
				<displayName>Nieuwe Taiwanese dollar</displayName>
				<symbol>NT$</symbol>
			</currency>
			<currency type="TZS">
				<displayName>Tanzaniaanse shilling</displayName>
				<symbol>T Sh</symbol>
			</currency>
			<currency type="UAH">
				<displayName>Oekraïense hryvnia</displayName>
				<symbol>UAH</symbol>
			</currency>
			<currency type="UAK">
				<displayName>Oekraïense karbovanetz</displayName>
				<symbol>UAK</symbol>
			</currency>
			<currency type="UGS">
				<displayName>Oegandese shilling (1966-1987)</displayName>
				<symbol>UGS</symbol>
			</currency>
			<currency type="UGX">
				<displayName>Oegandese shilling</displayName>
				<symbol>U Sh</symbol>
			</currency>
			<currency type="USD">
				<displayName>Amerikaanse dollar</displayName>
				<symbol>US$</symbol>
			</currency>
			<currency type="USN">
				<displayName>Amerikaanse dollar (volgende dag)</displayName>
				<symbol>USN</symbol>
			</currency>
			<currency type="USS">
				<displayName>Amerikaanse dollar (zelfde dag)</displayName>
				<symbol>USS</symbol>
			</currency>
			<currency type="UYF">
				<displayName>Uruguayaanse peso fuerte</displayName>
				<symbol>UYF</symbol>
			</currency>
			<currency type="UYP">
				<displayName>Uruguayaanse peso (1975-1993)</displayName>
				<symbol>UYP</symbol>
			</currency>
			<currency type="UYU">
				<displayName>Uruguayaanse peso uruguayo</displayName>
				<symbol>Ur$</symbol>
			</currency>
			<currency type="UZC">
				<displayName>Oezbekistaanse coupon-som</displayName>
				<symbol>UZC</symbol>
			</currency>
			<currency type="UZS">
				<displayName>Oezbekistaanse sum</displayName>
				<symbol>UZS</symbol>
			</currency>
			<currency type="VAL">
				<displayName>Vaticaanse lire</displayName>
				<symbol>VAL</symbol>
			</currency>
			<currency type="VDD">
				<displayName>Noord-Vietnamese piastre dong viet</displayName>
				<symbol>VDD</symbol>
			</currency>
			<currency type="VDN">
				<displayName>Noord-Vietnamese nieuwe dong</displayName>
				<symbol>VDN</symbol>
			</currency>
			<currency type="VDP">
				<displayName>Noord-Vietnamese viet minh piastre dong viet</displayName>
				<symbol>VDP</symbol>
			</currency>
			<currency type="VEB">
				<displayName>Venezolaanse bolivar</displayName>
				<symbol>Be</symbol>
			</currency>
			<currency type="VGD">
				<displayName>Britse Maagdeneilandse dollar</displayName>
				<symbol>VGD</symbol>
			</currency>
			<currency type="VND">
				<displayName>Vietnamese dong</displayName>
				<symbol>VND</symbol>
			</currency>
			<currency type="VNN">
				<displayName>Vietnamese nieuwe dong</displayName>
				<symbol>VNN</symbol>
			</currency>
			<currency type="VNR">
				<displayName>Vietnamese Republiek-dong</displayName>
				<symbol>VNR</symbol>
			</currency>
			<currency type="VNS">
				<displayName>Vietnamese nationale dong</displayName>
				<symbol>VNS</symbol>
			</currency>
			<currency type="VUV">
				<displayName>Vanuatuaanse vatu</displayName>
				<symbol>VT</symbol>
			</currency>
			<currency type="WSP">
				<displayName>West-Samoaans pond</displayName>
				<symbol>WSP</symbol>
			</currency>
			<currency type="WST">
				<displayName>West-Samoaanse tala</displayName>
				<symbol>WST</symbol>
			</currency>
			<currency type="XAD">
				<displayName>Aziatische dinar-rekeneenheid</displayName>
				<symbol>XAD</symbol>
			</currency>
			<currency type="XAF">
				<displayName>CFA-franc BEAC</displayName>
				<symbol>XAF</symbol>
			</currency>
			<currency type="XAM">
				<displayName>Aziatische monetaire eenheid</displayName>
				<symbol>XAM</symbol>
			</currency>
			<currency type="XAU">
				<displayName>Goud</displayName>
				<symbol>XAU</symbol>
			</currency>
			<currency type="XBA">
				<displayName>Europese samengestelde eenheid</displayName>
				<symbol>XBA</symbol>
			</currency>
			<currency type="XBB">
				<displayName>Europese monetaire eenheid</displayName>
				<symbol>XBB</symbol>
			</currency>
			<currency type="XBC">
				<displayName>Europese rekeneenheid (XBC)</displayName>
				<symbol>XBC</symbol>
			</currency>
			<currency type="XBD">
				<displayName>Europese rekeneenheid (XBD)</displayName>
				<symbol>XBD</symbol>
			</currency>
			<currency type="XCD">
				<displayName>Oost-Caribische dollar</displayName>
				<symbol>EC$</symbol>
			</currency>
			<currency type="XCF">
				<displayName>CFA nieuwe franc</displayName>
				<symbol>XCF</symbol>
			</currency>
			<currency type="XDR">
				<displayName>Special Drawing Rights</displayName>
				<symbol>XDR</symbol>
			</currency>
			<currency type="XEF">
				<displayName>CFA-franc BCEAEC</displayName>
				<symbol>XEF</symbol>
			</currency>
			<currency type="XEU">
				<displayName>European Currency Unit</displayName>
				<symbol>XEU</symbol>
			</currency>
			<currency type="XFO">
				<displayName>Franse gouden franc</displayName>
				<symbol>XFO</symbol>
			</currency>
			<currency type="XFU">
				<displayName>Franse UIC-franc</displayName>
				<symbol>XFU</symbol>
			</currency>
			<currency type="XID">
				<displayName>Islamitische dinar</displayName>
				<symbol>XID</symbol>
			</currency>
			<currency type="XMF">
				<displayName>Franse metropolische nieuwe franc</displayName>
				<symbol>XMF</symbol>
			</currency>
			<currency type="XNF">
				<displayName>Franse antillen CFA-franc</displayName>
				<symbol>XNF</symbol>
			</currency>
			<currency type="XOF">
				<displayName>CFA-franc BCEAO</displayName>
				<symbol>XOF</symbol>
			</currency>
			<currency type="XPF">
				<displayName>CFP-franc</displayName>
				<symbol>CFPF</symbol>
			</currency>
			<currency type="XTR">
				<displayName>COMECON transferable roebel</displayName>
				<symbol>XTR</symbol>
			</currency>
			<currency type="YDD">
				<displayName>Jemenitische dinar</displayName>
				<symbol>YDD</symbol>
			</currency>
			<currency type="YEI">
				<displayName>Jemenitische imadi rial</displayName>
				<symbol>YEI</symbol>
			</currency>
			<currency type="YER">
				<displayName>Jemenitische rial</displayName>
				<symbol>YRl</symbol>
			</currency>
			<currency type="YUD">
				<displayName>Joegoslavische harde dinar</displayName>
				<symbol>YUD</symbol>
			</currency>
			<currency type="YUF">
				<displayName>Joegoslavische federale dinar</displayName>
				<symbol>YUF</symbol>
			</currency>
			<currency type="YUG">
				<displayName>Joegoslavische 1994-dinar</displayName>
				<symbol>YUG</symbol>
			</currency>
			<currency type="YUM">
				<displayName>Joegoslavische noviy-dinar</displayName>
				<symbol>YUM</symbol>
			</currency>
			<currency type="YUN">
				<displayName>Joegoslavische convertibele dinar</displayName>
				<symbol>YUN</symbol>
			</currency>
			<currency type="YUO">
				<displayName>Joegoslavische oktober-dinar</displayName>
				<symbol>YUO</symbol>
			</currency>
			<currency type="YUR">
				<displayName>Joegoslavische  hervormde dinar</displayName>
				<symbol>YUR</symbol>
			</currency>
			<currency type="ZAL">
				<displayName>Zuid-Afrikaanse rand (financieel)</displayName>
				<symbol>ZAL</symbol>
			</currency>
			<currency type="ZAP">
				<displayName>Zuid-Afrikaans pond</displayName>
				<symbol>ZAP</symbol>
			</currency>
			<currency type="ZAR">
				<displayName>Zuid-Afrikaanse rand</displayName>
				<symbol>R</symbol>
			</currency>
			<currency type="ZMK">
				<displayName>Zambiaanse kwacha</displayName>
				<symbol>ZMK</symbol>
			</currency>
			<currency type="ZMP">
				<displayName>Zambiaans pond</displayName>
				<symbol>ZMP</symbol>
			</currency>
			<currency type="ZRN">
				<displayName>Zaïrese nieuwe zaïre</displayName>
				<symbol>ZRN</symbol>
			</currency>
			<currency type="ZRZ">
				<displayName>Zaïrese zaïre</displayName>
				<symbol>ZRZ</symbol>
			</currency>
			<currency type="ZWD">
				<displayName>Zimbabwaanse dollar</displayName>
				<symbol>Z$</symbol>
			</currency>
		</currencies>
	</numbers>
	<posix draft="true">
		<messages>
			<yesstr>Ja</yesstr>
			<nostr>Nee</nostr>
			<yesexpr>J</yesexpr>
			<noexpr>N</noexpr>
		</messages>
	</posix>
</ldml>
<!-- Old Comments. See root.xml for more info.
URL: http://oss.software.ibm.com/cvs/icu/icu/source/data/locales/nl.txt?only_with_tag=final-update-LDML

Islamic calendar
                        "Moeharram",            // Muharram
                        "Safar",                // Safar
                        "Rabi\u02bba al awal",      // Rabi' al-awwal
                        "Rabi\u02bba al thani",      // Rabi' al-thani
                        "Joemad\u02bbal awal",       // Jumada al-awwal
                        "Joemad\u02bbal thani",      // Jumada al-thani
                        "Rajab",                // Rajab
                        "Sja\u02bbaban",             // Sha'ban
                        "Ramadan",              // Ramadan
                        "Sjawal",               // Shawwal
                        "Doe al ka\u02bbaba",        // Dhu al-Qi'dah
                        "Doe al hizja",         // Dhu al-Hijjah
                "v. Chr.",  // voor Christus
                "n. Chr.",  // na Christus
                        "Tisjrie",      // Tishri
                        "Chesjwan",     // Heshvan
                        "Kislev",       // Kislev
                        "Tevet",        // Tevet
                        "Sjevat",       // Shevat
                        "Adar",         // Adar I
                        "Adar B",       // Adar
                        "Nisan",        // Nisan
                        "Ijar",         // Iyar
                        "Sivan",        // Sivan
                        "Tammoez",      // Tamuz
                        "Av",           // Av
                        "Elloel",       // Elul
IR { "Iran, Islamitische Republiek" }
RE { "R\u00E9union" }
Currency display names
        vo  { "Volap\u00fck" }   // Yes the iso-639 standard uses the umlaut in the English name
zh_cn { "Chinees (Vereenvoudigd)" }
zh_tw { "Chinees (Traditioneel)" }
        Hans { "Vereenvoudigd Han" } // Not a formal part of ISO-15924 yet
        Hant { "Traditioneel Han" } // Not a formal part of ISO-15924 yet
Qaai { "Inherited" } // PUA
Thai { "Thai" } // Just happens to be a duplicate
        Zyyy { "Algemeen" } // This may need to become "undetermined script"
-->

