<?xml version="1.0" encoding="UTF-8" ?>
<!DOCTYPE ldml SYSTEM "http://www.unicode.org/cldr/dtd/1.2/ldml.dtd">
<ldml >
	<identity>
		<version number="1.2"/>
		<generation date="2004-08-27"/>
		<language type="om"/>
	</identity>
	<localeDisplayNames>
		<languages>
			<language type="om">Oromoo</language>
		</languages>
		<territories>
			<territory type="ET">Itoophiyaa</territory>
			<territory type="KE">Keeniyaa</territory>
		</territories>
	</localeDisplayNames>
	<characters>
		<exemplarCharacters>[a-z]</exemplarCharacters>
	</characters>
	<dates>
		<calendars>
			<calendar type="gregorian">
				<months>
					<monthContext type="format">
						<monthWidth type="abbreviated">
							<month type="1">Ama</month>
							<month type="2">Gur</month>
							<month type="3">Bit</month>
							<month type="4">Elb</month>
							<month type="5">Cam</month>
							<month type="6">Wax</month>
							<month type="7">Ado</month>
							<month type="8">Hag</month>
							<month type="9">Ful</month>
							<month type="10">Onk</month>
							<month type="11">Sad</month>
							<month type="12">Mud</month>
						</monthWidth>
						<monthWidth type="wide">
							<month type="1">Amajjii</month>
							<month type="2">Guraandhala</month>
							<month type="3">Bitooteessa</month>
							<month type="4">Elba</month>
							<month type="5">Caamsa</month>
							<month type="6">Waxabajjii</month>
							<month type="7">Adooleessa</month>
							<month type="8">Hagayya</month>
							<month type="9">Fuulbana</month>
							<month type="10">Onkololeessa</month>
							<month type="11">Sadaasa</month>
							<month type="12">Muddee</month>
						</monthWidth>
					</monthContext>
				</months>
				<days>
					<dayContext type="format">
						<dayWidth type="abbreviated">
							<day type="sun">Dil</day>
							<day type="mon">Wix</day>
							<day type="tue">Qib</day>
							<day type="wed">Rob</day>
							<day type="thu">Kam</day>
							<day type="fri">Jim</day>
							<day type="sat">San</day>
						</dayWidth>
						<dayWidth type="wide">
							<day type="sun">Dilbata</day>
							<day type="mon">Wiixata</day>
							<day type="tue">Qibxata</day>
							<day type="wed">Roobii</day>
							<day type="thu">Kamiisa</day>
							<day type="fri">Jimaata</day>
							<day type="sat">Sanbata</day>
						</dayWidth>
					</dayContext>
				</days>
				<week>
					<firstDay day="sat"/>
				</week>
				<eras>
					<eraAbbr>
						<era type="0">KD</era>
						<era type="1">KB</era>
					</eraAbbr>
				</eras>
			</calendar>
		</calendars>
	</dates>
	<numbers>
		<currencies>
			<currency type="KES">
				<displayName>KES</displayName>
				<symbol>Ksh</symbol>
			</currency>
		</currencies>
	</numbers>
</ldml>
<!-- Old Comments. See root.xml for more info.
URL: http://oss.software.ibm.com/cvs/icu/icu/source/data/locales/om.txt?only_with_tag=final-update-LDML

* Oromo language locale.
* Contributed by Daniel Yacob <yacob@geez.org>
* Oromo terms are provided by Mahdi Hamid Muudee of Sagalee Oromoo
* Publishing Co. Inc and formatted in Posix format locale by Daniel Yacob of
* the Ge'ez Frontier Foundation.  The Oromo language terms used here
* are those considered to be canonical in the Oromo language under
* contemporary and progressive usage adopted by government bureaus
* across the Oromo region.  Regional synonyms naturally exist for many
* of the month and day names.
LanguageLibraryUse { "orm" }
Currency display names
        "Latn",  // ISO 15924 Name 
                "KD",  // KD = Kiristoos Dura = Before Christ
                "KB",  // KB = Kiristoos Booda = After Christ
-->

