<?xml version="1.0" encoding="UTF-8" ?>
<!DOCTYPE ldml SYSTEM "http://www.unicode.org/cldr/dtd/1.2/ldml.dtd">
<ldml draft="true" >
	<identity>
		<version number="1.0"/>
		<generation date="2004-09-14"/>
		<language type="or"/>
	</identity>
	<localeDisplayNames>
		<languages>
			<language type="or">ଓଡ଼ିଆ</language>
		</languages>
		<territories>
			<territory type="IN">ଭାରତ</territory>
		</territories>
	</localeDisplayNames>
	<characters>
		<exemplarCharacters>[ଁଂଃଅଆଇଈଉଊଋଌଏଐଓଔକଖଗଘଙଚଛଜଝଞଟଠଡଢଣତଥଦଧନପଫବଭମଯରଲଳଵଶଷସହ଼ଽାିୀୁୂୃେୈୋୌ୍ୖୗଡ଼ଢ଼ୟୠୡ୰ୱ]</exemplarCharacters>
	</characters>
	<dates>
		<calendars>
			<calendar type="gregorian">
				<months>
					<monthContext type="format">
						<monthWidth type="wide">
							<month type="1">ଜାନୁଆରୀ</month>
							<month type="2">ଫେବ୍ରୁୟାରୀ</month>
							<month type="3">ମାର୍ଚ୍ଚ</month>
							<month type="4">ଅପ୍ରେଲ</month>
							<month type="5">ମେ</month>
							<month type="6">ଜୁନ</month>
							<month type="7">ଜୁଲାଇ</month>
							<month type="8">ଅଗଷ୍ଟ</month>
							<month type="9">ସେପ୍ଟେମ୍ବର</month>
							<month type="10">ଅକ୍ଟୋବର</month>
							<month type="11">ନଭେମ୍ବର</month>
							<month type="12">ଡିସେମ୍ବର</month>
						</monthWidth>
					</monthContext>
				</months>
				<days>
					<dayContext type="format">
						<dayWidth type="abbreviated">
							<day type="sun">ରବି</day>
							<day type="mon">ସୋମ</day>
							<day type="tue">ମଙ୍ଗଳ</day>
							<day type="wed">ବୁଧ</day>
							<day type="thu">ଗୁରୁ</day>
							<day type="fri">ଶୁକ୍ର</day>
							<day type="sat">ଶନି</day>
						</dayWidth>
						<dayWidth type="wide">
							<day type="sun">ରବିବାର</day>
							<day type="mon">ସୋମବାର</day>
							<day type="tue">ମଙ୍ଗଳବାର</day>
							<day type="wed">ବୁଧବାର</day>
							<day type="thu">ଗୁରୁବାର</day>
							<day type="fri">ଶୁକ୍ରବାର</day>
							<day type="sat">ଶନିବାର</day>
						</dayWidth>
					</dayContext>
				</days>
			</calendar>
		</calendars>
	</dates>
	<numbers>
		<symbols>
			<nativeZeroDigit>୦</nativeZeroDigit>
		</symbols>
	</numbers>
	<posix draft="true">
		<messages>
			<yesstr>N/A</yesstr>
			<nostr>N/A</nostr>
			<yesexpr>N/A</yesexpr>
			<noexpr>N/A</noexpr>
		</messages>
	</posix>
</ldml>
<!-- Same as root.
	<week draft="true">
          <minDays count="1"></minDays>
          <firstDay day="sun"></firstDay>
          <weekendStart day="sat"></weekendStart>
          <weekendEnd day="sun"></weekendEnd>
        </week>
-->

