<?xml version="1.0" encoding="UTF-8" ?>
<!DOCTYPE ldml SYSTEM "http://www.unicode.org/cldr/dtd/1.2/ldml.dtd">
<ldml >
	<identity>
		<version number="1.2"/>
		<generation date="2004-08-27"/>
		<language type="ru"/>
	</identity>
	<localeDisplayNames>
		<languages>
			<language type="aa">Афар</language>
			<language type="ab">Абхазский</language>
			<language type="ace">Ачехский</language>
			<language type="ach">Ачоли</language>
			<language type="ada">Адангме</language>
			<language type="ady">Адыгейский</language>
			<language type="af">Африкаанс</language>
			<language type="afa">Афразийские (другие)</language>
			<language type="afh">Африхили</language>
			<language type="akk">Аккадский</language>
			<language type="ale">Алеутский</language>
			<language type="alg">Алгонкинские языки</language>
			<language type="am">Амхарский</language>
			<language type="ang">Староанглийский</language>
			<language type="ar">Арабский</language>
			<language type="arc">Арамейский</language>
			<language type="art">Искусственные (другие)</language>
			<language type="arw">Аравакский</language>
			<language type="as">Ассамский</language>
			<language type="ath">Атапачские языки</language>
			<language type="awa">Авадхи</language>
			<language type="ay">Аямара</language>
			<language type="az">Азербайджанский</language>
			<language type="ba">Башкирский</language>
			<language type="bad">Банда</language>
			<language type="bai">Бамилеке языки</language>
			<language type="bal">Белуджский</language>
			<language type="ban">Балийский</language>
			<language type="bas">Баса</language>
			<language type="bat">Балтийские (другие)</language>
			<language type="be">Белорусский</language>
			<language type="bej">Беджа</language>
			<language type="bem">Бемба</language>
			<language type="bg">Болгарский</language>
			<language type="bh">Бихарский</language>
			<language type="bho">Бходжпури</language>
			<language type="bi">Бислама</language>
			<language type="bik">Бикольский</language>
			<language type="bin">Бини</language>
			<language type="bla">Сиксика</language>
			<language type="bn">Бенгальский</language>
			<language type="bnt">Банту (другие)</language>
			<language type="bo">Тибетский</language>
			<language type="br">Бретонский</language>
			<language type="bra">Брауи</language>
			<language type="bua">Бурятский</language>
			<language type="bug">Бугийский</language>
			<language type="ca">Каталанский</language>
			<language type="cad">Каддо</language>
			<language type="cai">Центральной Америки индейцев (другие)</language>
			<language type="car">Кариб</language>
			<language type="cau">Кавказские (другие)</language>
			<language type="chb">Чибча</language>
			<language type="chg">Чагатайский</language>
			<language type="chk">Чукотский</language>
			<language type="chm">Марийский (Черемисский)</language>
			<language type="chn">Чинук жаргон</language>
			<language type="cho">Чоктав</language>
			<language type="chr">Чероки</language>
			<language type="chy">Чейенн</language>
			<language type="co">Корсиканский</language>
			<language type="cop">Коптский</language>
			<language type="cpe">Англо-креольские и пиджины (другие)</language>
			<language type="cpf">Франко-креольские и пиджины (другие)</language>
			<language draft="true" type="cpp">Португалокреольские и пиджины (другие)</language>
			<language type="crp">Креольские и пиджины (другие)</language>
			<language type="cs">Чешский</language>
			<language type="cus">Кушитские (другие)</language>
			<language type="cv">Чувашский</language>
			<language type="cy">Валлийский</language>
			<language type="da">Датский</language>
			<language type="dak">Дакота</language>
			<language type="de">Немецкий</language>
			<language type="del">Делаварский</language>
			<language type="din">Динка</language>
			<language type="doi">Догри</language>
			<language type="dra">Дравидийские (другие)</language>
			<language type="dua">Дуала</language>
			<language type="dum">Нидерландский средневековый</language>
			<language type="dyu">Диула (Дьюла)</language>
			<language type="dz">Бутанский</language>
			<language type="efi">Эфик</language>
			<language type="egy">Древнеегипетский</language>
			<language type="eka">Экаджук</language>
			<language type="el">Греческий</language>
			<language type="elx">Эламский</language>
			<language type="en">Английский</language>
			<language type="enm">Среднеанглийский</language>
			<language type="eo">Эсперанто</language>
			<language type="es">Испанский</language>
			<language type="et">Эстонский</language>
			<language type="eu">Баскский</language>
			<language type="ewo">Эвондо</language>
			<language type="fa">Персидский</language>
			<language type="fan">Фанг</language>
			<language type="fat">Фанти</language>
			<language type="fi">Финский</language>
			<language type="fiu">Финно-угорские (другие)</language>
			<language type="fj">Фиджи</language>
			<language type="fo">Фарерский</language>
			<language type="fon">Фон</language>
			<language type="fr">Французский</language>
			<language type="frm">Среднефранцузский</language>
			<language type="fro">Старофранцузский</language>
			<language type="fy">Фризский</language>
			<language type="ga">Ирландский</language>
			<language type="gaa">Га</language>
			<language type="gay">Гайо</language>
			<language type="gd">Гаэльский</language>
			<language type="gem">Германские (другие)</language>
			<language type="gez">Геэз</language>
			<language type="gil">Гильбертский</language>
			<language type="gl">Галицийский</language>
			<language type="gmh">Средневерхненемецкий</language>
			<language type="gn">Гуарани</language>
			<language type="goh">Староверхненемецкий</language>
			<language type="gon">Гонди</language>
			<language type="got">Готский</language>
			<language type="grc">Древнегреческий</language>
			<language type="gu">Гуярати</language>
			<language type="ha">Хоса</language>
			<language type="hai">Хайда</language>
			<language type="haw">Гавайский</language>
			<language type="he">Иврит</language>
			<language type="hi">Хинди</language>
			<language type="hil">Хилигайнон</language>
			<language type="him">Химачали</language>
			<language type="hr">Хорватский</language>
			<language type="hu">Венгерский</language>
			<language draft="true" type="hup">Хула</language>
			<language type="hy">Армянский</language>
			<language type="ia">Смешанный язык</language>
			<language type="iba">Ибанский</language>
			<language type="id">Индонезийский</language>
			<language type="ie">Смешанный язык</language>
			<language type="ijo">Иджо</language>
			<language type="ik">Инапиак</language>
			<language type="ilo">Илоко</language>
			<language type="inc">Индийские (другие)</language>
			<language type="ira">Иранские (другие)</language>
			<language type="iro">Ирокезские языки</language>
			<language type="is">Исландский</language>
			<language type="it">Итальянский</language>
			<language type="iu">Инактитут</language>
			<language type="ja">Японский</language>
			<language type="jpr">Еврейско-персидский</language>
			<language type="jrb">Еврейско-арабский</language>
			<language type="jv">Яванский</language>
			<language type="ka">Грузинский</language>
			<language type="kaa">Каракалпакский</language>
			<language type="kab">Кабильский</language>
			<language type="kam">Камба</language>
			<language type="kar">Каренский</language>
			<language type="kaw">Кави</language>
			<language type="kha">Кхаси</language>
			<language type="khi">Койсанские (другие)</language>
			<language type="kho">Хотанский</language>
			<language type="kk">Казахский</language>
			<language type="kl">Гренландский</language>
			<language type="km">Камбоджийский</language>
			<language type="kn">Канада</language>
			<language type="ko">Корейский</language>
			<language type="kok">Конкани</language>
			<language type="kpe">Кпелле</language>
			<language type="kro">Кру</language>
			<language type="ks">Кашмирский</language>
			<language type="ku">Курдиш</language>
			<language type="kum">Кумыкский</language>
			<language type="kut">Кутенаи</language>
			<language type="ky">Киргизский</language>
			<language type="la">Латинский</language>
			<language type="lad">Ладино</language>
			<language type="lah">Лахнда</language>
			<language type="lam">Ламба</language>
			<language type="lez">Лезгинский</language>
			<language type="ln">Лингала</language>
			<language type="lo">Лаосский</language>
			<language type="lol">Монго</language>
			<language type="loz">Лози</language>
			<language type="lt">Литовский</language>
			<language type="lu">Луба-Катанга</language>
			<language type="lui">Луисеньо</language>
			<language type="lun">Лунда</language>
			<language type="luo">Луо (Кения и Танзания)</language>
			<language type="lv">Латвийский</language>
			<language type="mad">Мадурский</language>
			<language type="mag">Магахи</language>
			<language type="mai">Майтхили</language>
			<language type="mak">Макассарский</language>
			<language type="man">Мандинго</language>
			<language type="map">Австронезийские (другие)</language>
			<language type="mas">Масаи</language>
			<language type="men">Менде</language>
			<language type="mg">Малагасийский</language>
			<language type="mga">Среднеирландский</language>
			<language type="mi">Маори</language>
			<language type="mic">Микмак</language>
			<language type="min">Минангкабау</language>
			<language type="mis">Смешанные (другие)</language>
			<language type="mk">Македонский</language>
			<language type="mkh">Монкхмерские (другие)</language>
			<language type="ml">Малаялам</language>
			<language type="mn">Монгольский</language>
			<language type="mni">Манипурский</language>
			<language type="mno">Манобо языки</language>
			<language type="mo">Молдавский</language>
			<language type="moh">Мохаук</language>
			<language type="mos">Моей</language>
			<language type="mr">Маратийский</language>
			<language type="ms">Малайский</language>
			<language type="mt">Мальтийский</language>
			<language type="mul">Разных семей языки</language>
			<language type="mun">Мунда языки</language>
			<language type="mus">Крик</language>
			<language type="mwr">Марвари</language>
			<language type="my">Бирманский</language>
			<language type="myn">Майя языки</language>
			<language type="na">Науру</language>
			<language type="nah">Ацтекский</language>
			<language type="nai">Северной Америки индейцев (другие)</language>
			<language type="ne">Непальский</language>
			<language type="new">Неварский</language>
			<language type="nic">Нигер-кордофанские (другие)</language>
			<language type="niu">Ниуэ</language>
			<language type="nl">Голландский</language>
			<language type="no">Норвежский</language>
			<language type="nog">Ногайский</language>
			<language type="non">Старонорвежский</language>
			<language type="nso">Сото Северный</language>
			<language type="nub">Нубийские языки</language>
			<language type="nym">Ньямвези</language>
			<language type="nyn">Ньянколе</language>
			<language type="nyo">Ньоро</language>
			<language type="nzi">Нзима</language>
			<language type="oc">Окитан</language>
			<language type="oj">Оджибва</language>
			<language type="om">Оромо (Афан)</language>
			<language type="or">Ория</language>
			<language type="os">Осетинский</language>
			<language type="osa">Оседжи</language>
			<language type="ota">Старотурецкий</language>
			<language type="oto">Отомангские языки</language>
			<language type="pa">Панджабский</language>
			<language type="paa">Папуасско-австралийские (другие)</language>
			<language type="pag">Пангасинан</language>
			<language type="pal">Пехлевийский</language>
			<language type="pam">Пампанга</language>
			<language type="pap">Папьяменто</language>
			<language type="pau">Палау</language>
			<language type="peo">Староперсидский</language>
			<language type="phn">Финикийский</language>
			<language type="pi">Пали</language>
			<language type="pl">Польский</language>
			<language type="pon">Понапе</language>
			<language type="pra">Пракриты языки</language>
			<language type="pro">Старопровансальский</language>
			<language type="ps">Пашто (Пушто)</language>
			<language type="pt">Португальский</language>
			<language type="qu">Кечуа</language>
			<language type="raj">Раджастхани</language>
			<language type="rm">Раето-романский</language>
			<language type="rn">Кирундийский</language>
			<language type="ro">Румынский</language>
			<language type="roa">Романские (другие)</language>
			<language type="rom">Цыганский</language>
			<language type="ru">Русский</language>
			<language type="rw">Кинярванда</language>
			<language type="sa">Санскрит</language>
			<language type="sad">Сандаве</language>
			<language type="sah">Якутский</language>
			<language type="sai">Южной Америки индейцев (другие)</language>
			<language type="sal">Салишские языки</language>
			<language type="sam">Самаритянский арамейский</language>
			<language type="sd">Синди</language>
			<language type="sel">Селькупский</language>
			<language type="sem">Семитские (другие)</language>
			<language type="sg">Санго</language>
			<language type="sga">Староирландский</language>
			<language type="sh">Сербско-хорватский</language>
			<language type="shn">Шанский</language>
			<language type="si">Сингальский</language>
			<language type="sid">Сидама</language>
			<language type="sio">Сиу языки</language>
			<language type="sit">Синотибетские (другие)</language>
			<language type="sk">Словацкий</language>
			<language type="sl">Словенский</language>
			<language type="sla">Славянские (другие)</language>
			<language type="sm">Самоа</language>
			<language type="smi">Саамские языки</language>
			<language type="sn">Шона</language>
			<language type="so">Сомали</language>
			<language type="sog">Согдийский</language>
			<language type="sq">Албанский</language>
			<language type="sr">Сербский</language>
			<language type="ss">Сисвати</language>
			<language type="ssa">Нило-сахарские (другие)</language>
			<language type="st">Сесото</language>
			<language type="su">Санданизский</language>
			<language type="suk">Сукума</language>
			<language type="sus">Сусу</language>
			<language type="sux">Шумерский</language>
			<language type="sv">Шведский</language>
			<language type="sw">Суахили</language>
			<language type="ta">Тамильский</language>
			<language type="tai">Татский</language>
			<language type="te">Телугу</language>
			<language type="ter">Терено</language>
			<language type="tg">Таджикский</language>
			<language type="th">Тайский</language>
			<language type="ti">Тигриниа</language>
			<language type="tig">Тигре</language>
			<language type="tiv">Тиви</language>
			<language type="tk">Туркменский</language>
			<language type="tl">Тагалог</language>
			<language type="tli">Тлингит</language>
			<language type="tmh">Тамашек</language>
			<language type="tn">Сетсвана</language>
			<language type="to">Тонга</language>
			<language type="tog">Тонга (Ньяса)</language>
			<language type="tr">Турецкий</language>
			<language type="ts">Тсонга</language>
			<language type="tsi">Цимшиан</language>
			<language type="tt">Татарский</language>
			<language type="tut">Алтайские (другие)</language>
			<language type="tw">Тви</language>
			<language type="tyv">Тувинский</language>
			<language type="ug">Уйгурский</language>
			<language type="uga">Угаритский</language>
			<language type="uk">Украинский</language>
			<language type="umb">Умбунду</language>
			<language type="und">Неидентифицированный</language>
			<language type="ur">Урду</language>
			<language type="uz">Узбекский</language>
			<language type="vai">Ваи</language>
			<language type="vi">Вьетнамский</language>
			<language type="vo">Волапак</language>
			<language type="vot">Удмуртский (Вотяцкий)</language>
			<language type="wak">Вакашские языки</language>
			<language type="wal">Воламо</language>
			<language type="war">Варай</language>
			<language type="was">Вашо</language>
			<language type="wen">Лужицкие языки</language>
			<language type="wo">Волоф</language>
			<language type="xh">Хоза</language>
			<language type="yao">Яо</language>
			<language type="yap">Яп</language>
			<language type="yi">Идиш</language>
			<language type="yo">Йоруба</language>
			<language type="za">Зуанг</language>
			<language type="zap">Сапотекский</language>
			<language type="zen">Зенагский</language>
			<language type="zh">Китайский</language>
			<language type="zu">Зулусский</language>
			<language type="zun">Зуньи</language>
		</languages>
		<scripts>
			<script type="Arab">Арабская</script>
			<script type="Armn">Армянская</script>
			<script type="Beng">Бенгальская</script>
			<script type="Bopo">Бопомофо</script>
			<script type="Brai">Брайля</script>
			<script type="Buhd">Бухид</script>
			<script type="Cans">Унифицированные Символы Канадских Аборигенов</script>
			<script type="Cher">Чероки</script>
			<script type="Copt">Коптская</script>
			<script type="Cprt">Кипрская</script>
			<script type="Cyrl">Кириллица</script>
			<script type="Deva">Деванагари</script>
			<script type="Dsrt">Дезерет</script>
			<script type="Ethi">Эфиопская</script>
			<script type="Geor">Грузинская</script>
			<script type="Goth">Готская</script>
			<script type="Grek">Греческая</script>
			<script type="Gujr">Гуджарати</script>
			<script type="Guru">Гурмукхи</script>
			<script type="Hang">Хангул</script>
			<script type="Hano">Хануну</script>
			<script type="Hebr">Иврит</script>
			<script type="Hira">Хирагана</script>
			<script type="Ital">Староитальянская</script>
			<script type="Kana">Катакана</script>
			<script type="Khmr">Кхмерская</script>
			<script type="Knda">Каннада</script>
			<script type="Laoo">Лаосская</script>
			<script type="Latn">Латиница</script>
			<script type="Limb">Лимбу</script>
			<script type="Linb">Линейная Б</script>
			<script type="Mlym">Малаяльская</script>
			<script type="Mong">Монгольская</script>
			<script type="Mymr">Майанмарская</script>
			<script type="Ogam">Огамическая</script>
			<script type="Orya">Ория</script>
			<script type="Osma">Османская</script>
			<script type="Qaai">Унаследованная</script>
			<script type="Runr">Руническая</script>
			<script type="Shaw">Алфавит Шоу</script>
			<script type="Sinh">Сингальская</script>
			<script type="Syrc">Сирийская</script>
			<script type="Tagb">Тагбанва</script>
			<script type="Taml">Тамильская</script>
			<script type="Telu">Телугу</script>
			<script type="Tglg">Тагалог</script>
			<script type="Thaa">Таана</script>
			<script type="Thai">Тайская</script>
			<script type="Tibt">Тибетская</script>
			<script type="Ugar">Угаритская</script>
			<script type="Yiii">Йи (ицзу)</script>
			<script type="Zyyy">Неопределенная</script>
		</scripts>
		<territories>
			<territory type="AD">Андорра</territory>
			<territory type="AE">Объединенные Арабские Эмираты</territory>
			<territory type="AF">Афганистан</territory>
			<territory type="AG">Антигуа и Барбуда</territory>
			<territory type="AI">Ангуилла</territory>
			<territory type="AL">Албания</territory>
			<territory type="AM">Армения</territory>
			<territory type="AN">Голландские Антильские Острова</territory>
			<territory type="AO">Ангола</territory>
			<territory type="AQ">Антарктида</territory>
			<territory type="AR">Аргентина</territory>
			<territory type="AS">Американское Самоа</territory>
			<territory type="AT">Австрия</territory>
			<territory type="AU">Австралия</territory>
			<territory type="AW">Аруба</territory>
			<territory type="AZ">Азербайджан</territory>
			<territory type="BA">Босния</territory>
			<territory type="BB">Барбадос</territory>
			<territory type="BD">Бангладеш</territory>
			<territory type="BE">Бельгия</territory>
			<territory type="BF">Буркина Фасо</territory>
			<territory type="BG">Болгария</territory>
			<territory type="BH">Бахрейн</territory>
			<territory type="BI">Бурунди</territory>
			<territory type="BJ">Бенин</territory>
			<territory type="BM">Бермудские Острова</territory>
			<territory type="BN">Бруней Даруссалам</territory>
			<territory type="BO">Боливия</territory>
			<territory type="BR">Бразилия</territory>
			<territory type="BS">Багамские острова</territory>
			<territory type="BT">Бутан</territory>
			<territory type="BV">Остров Буве</territory>
			<territory type="BW">Ботсвана</territory>
			<territory type="BY">Беларусь</territory>
			<territory type="BZ">Белиз</territory>
			<territory type="CA">Канада</territory>
			<territory type="CC">Кокосовые Острова (Киилинг)</territory>
			<territory type="CD">Конго, Демократическая Республика</territory>
			<territory type="CF">Центрально-Африканская Республика</territory>
			<territory type="CG">Конго</territory>
			<territory type="CH">Швейцария</territory>
			<territory type="CI">Кот д’Ивуар</territory>
			<territory type="CK">Острова Кука</territory>
			<territory type="CL">Чили</territory>
			<territory type="CM">Камерун</territory>
			<territory type="CN">Китай</territory>
			<territory type="CO">Колумбия</territory>
			<territory type="CR">Коста-Рика</territory>
			<territory type="CU">Куба</territory>
			<territory type="CV">Острова Зеленого Мыса</territory>
			<territory type="CX">Остров Рождества</territory>
			<territory type="CY">Кипр</territory>
			<territory type="CZ">Чешская Республика</territory>
			<territory type="DE">Германия</territory>
			<territory type="DJ">Джибути</territory>
			<territory type="DK">Дания</territory>
			<territory type="DM">Остров Доминика</territory>
			<territory type="DO">Доминиканская Республика</territory>
			<territory type="DZ">Алжир</territory>
			<territory type="EC">Эквадор</territory>
			<territory type="EE">Эстония</territory>
			<territory type="EG">Египет</territory>
			<territory type="EH">Западная Сахара</territory>
			<territory type="ER">Эритрея</territory>
			<territory type="ES">Испания</territory>
			<territory type="ET">Эфиопия</territory>
			<territory type="FI">Финляндия</territory>
			<territory type="FJ">Фиджи</territory>
			<territory type="FK">Фольклендские Острова</territory>
			<territory type="FM">Федеративное Государство Микронезия</territory>
			<territory type="FO">Фарерские острова</territory>
			<territory type="FR">Франция</territory>
			<territory type="GA">Габон</territory>
			<territory type="GB">Великобритания</territory>
			<territory type="GD">Гренада</territory>
			<territory type="GE">Грузия</territory>
			<territory type="GF">Французская Гвиана</territory>
			<territory type="GH">Гана</territory>
			<territory type="GI">Гибралтар</territory>
			<territory type="GL">Гренландия</territory>
			<territory type="GM">Гамбия</territory>
			<territory type="GN">Гвинея</territory>
			<territory type="GP">Гваделупа</territory>
			<territory type="GQ">Экваториальная Гвинея</territory>
			<territory type="GR">Греция</territory>
			<territory type="GS">Южная Джорджия и Южные Сандвичевы Острова</territory>
			<territory type="GT">Гватемала</territory>
			<territory type="GU">Гуам</territory>
			<territory type="GW">Гвинея-Биссау</territory>
			<territory type="GY">Гайана</territory>
			<territory type="HK">Гонконг (Область с Особым Административным Управлением, Китай)</territory>
			<territory type="HM">Острова Херд и Мак-Дональд</territory>
			<territory type="HN">Гондурас</territory>
			<territory type="HR">Хорватия</territory>
			<territory type="HT">Гаити</territory>
			<territory type="HU">Венгрия</territory>
			<territory type="ID">Индонезия</territory>
			<territory type="IE">Ирландия</territory>
			<territory type="IL">Израиль</territory>
			<territory type="IN">Индия</territory>
			<territory type="IO">Британские Территории в Индийском Океане</territory>
			<territory type="IQ">Ирак</territory>
			<territory type="IR">Иран</territory>
			<territory type="IS">Исландия</territory>
			<territory type="IT">Италия</territory>
			<territory type="JM">Ямайка</territory>
			<territory type="JO">Иордания</territory>
			<territory type="JP">Япония</territory>
			<territory type="KE">Кения</territory>
			<territory type="KG">Кыргызстан</territory>
			<territory type="KH">Камбоджа</territory>
			<territory type="KI">Кирибати</territory>
			<territory type="KM">Коморские Острова</territory>
			<territory type="KN">Сент-Киттс и Невис</territory>
			<territory type="KP">Северная Корея</territory>
			<territory type="KR">Южная Корея</territory>
			<territory type="KW">Кувейт</territory>
			<territory type="KY">Каймановы Острова</territory>
			<territory type="KZ">Казахстан</territory>
			<territory type="LA">Лаос</territory>
			<territory type="LB">Ливан</territory>
			<territory type="LC">Сент-Люсия</territory>
			<territory type="LI">Лихтенштейн</territory>
			<territory type="LK">Шри-Ланка</territory>
			<territory type="LR">Либерия</territory>
			<territory type="LS">Лесото</territory>
			<territory type="LT">Литва</territory>
			<territory type="LU">Люксембург</territory>
			<territory type="LV">Латвия</territory>
			<territory type="LY">Ливия</territory>
			<territory type="MA">Марокко</territory>
			<territory type="MC">Монако</territory>
			<territory type="MD">Молдова</territory>
			<territory type="MG">Мадагаскар</territory>
			<territory type="MH">Маршалловы Острова</territory>
			<territory type="MK">Македония</territory>
			<territory type="ML">Мали</territory>
			<territory type="MM">Майанмар</territory>
			<territory type="MN">Монголия</territory>
			<territory type="MO">Макао (Область с Особым Административным Управлением, Китай)</territory>
			<territory type="MP">Северные Марианские Острова</territory>
			<territory type="MQ">Мартиник</territory>
			<territory type="MR">Мавритания</territory>
			<territory type="MS">Монсеррат</territory>
			<territory type="MT">Мальта</territory>
			<territory type="MU">Маврикий</territory>
			<territory type="MV">Мальдивы</territory>
			<territory type="MW">Малави</territory>
			<territory type="MX">Мексика</territory>
			<territory type="MY">Малайзия</territory>
			<territory type="MZ">Мозамбик</territory>
			<territory type="NA">Намибия</territory>
			<territory type="NC">Новая Каледония</territory>
			<territory type="NE">Нигер</territory>
			<territory type="NF">Остров Норфолк</territory>
			<territory type="NG">Нигерия</territory>
			<territory type="NI">Никарагуа</territory>
			<territory type="NL">Нидерланды</territory>
			<territory type="NO">Норвегия</territory>
			<territory type="NP">Непал</territory>
			<territory type="NR">Науру</territory>
			<territory type="NU">Ниуе</territory>
			<territory type="NZ">Новая Зеландия</territory>
			<territory type="OM">Оман</territory>
			<territory type="PA">Панама</territory>
			<territory type="PE">Перу</territory>
			<territory type="PF">Французская Полинезия</territory>
			<territory type="PG">Папуа-Новая Гвинея</territory>
			<territory type="PH">Филиппины</territory>
			<territory type="PK">Пакистан</territory>
			<territory type="PL">Польша</territory>
			<territory type="PM">Сен-Пьер и Микелон</territory>
			<territory type="PN">Остров Питкэрн</territory>
			<territory type="PR">Пуэрто-Рико</territory>
			<territory type="PS">Палестинская автономия</territory>
			<territory type="PT">Португалия</territory>
			<territory type="PW">Палау</territory>
			<territory type="PY">Парагвай</territory>
			<territory type="QA">Катар</territory>
			<territory type="RE">Реюньон</territory>
			<territory type="RO">Румыния</territory>
			<territory type="RU">Россия</territory>
			<territory type="RW">Руанда</territory>
			<territory type="SA">Саудовская Аравия</territory>
			<territory type="SB">Соломоновы Острова</territory>
			<territory type="SC">Сейшельские Острова</territory>
			<territory type="SD">Судан</territory>
			<territory type="SE">Швеция</territory>
			<territory type="SG">Сингапур</territory>
			<territory type="SH">Остров Святой Елены</territory>
			<territory type="SI">Словения</territory>
			<territory type="SJ">Острова Свалбард и Жан Майен</territory>
			<territory type="SK">Словакия</territory>
			<territory type="SL">Сьерра-Леоне</territory>
			<territory type="SM">Сан-Марино</territory>
			<territory type="SN">Сенегал</territory>
			<territory type="SO">Сомали</territory>
			<territory type="SP">Сербия</territory>
			<territory type="SR">Суринам</territory>
			<territory type="ST">Сан-Томе и Принсипи</territory>
			<territory type="SV">Сальвадор</territory>
			<territory type="SY">Сирийская Арабская Республика</territory>
			<territory type="SZ">Свазиленд</territory>
			<territory type="TC">Острова Туркс и Кайкос</territory>
			<territory type="TD">Чад</territory>
			<territory type="TF">Французские Южные Территории</territory>
			<territory type="TG">Того</territory>
			<territory type="TH">Таиланд</territory>
			<territory type="TJ">Таджикистан</territory>
			<territory type="TK">Токелау</territory>
			<territory type="TL">Восточный Тимор</territory>
			<territory type="TM">Туркменистан</territory>
			<territory type="TN">Тунис</territory>
			<territory type="TO">Тонга</territory>
			<territory type="TR">Турция</territory>
			<territory type="TT">Тринидад и Тобаго</territory>
			<territory type="TV">Тувалу</territory>
			<territory type="TW">Тайвань</territory>
			<territory type="TZ">Танзания</territory>
			<territory type="UA">Украина</territory>
			<territory type="UG">Уганда</territory>
			<territory type="UM">Внешние малые острова (США)</territory>
			<territory type="US">Соединенные Штаты</territory>
			<territory type="UY">Уругвай</territory>
			<territory type="UZ">Узбекистан</territory>
			<territory type="VA">Государство-город Ватикан</territory>
			<territory type="VC">Сент-Винсент и Гренадины</territory>
			<territory type="VE">Венесуэла</territory>
			<territory type="VG">Британские Виргинские Острова</territory>
			<territory type="VI">Американские Виргинские Острова</territory>
			<territory type="VN">Вьетнам</territory>
			<territory type="VU">Вануату</territory>
			<territory type="WF">Эллис и Футуна</territory>
			<territory type="WS">Самоа</territory>
			<territory type="YE">Йемен</territory>
			<territory type="YT">Майотта</territory>
			<territory type="YU">Югославия</territory>
			<territory type="ZA">Южная Африка</territory>
			<territory type="ZM">Замбия</territory>
			<territory type="ZW">Зимбабве</territory>
		</territories>
		<keys>
			<key type="collation">Сортировка</key>
			<key type="calendar">Календарь</key>
			<key type="currency">Валюта</key>
		</keys>
		<types>
			<type type="japanese" key="calendar">Японский календарь</type>
			<type type="buddhist" key="calendar">Буддистский календарь</type>
			<type type="islamic" key="calendar">Исламский календарь</type>
			<type type="islamic-civil" key="calendar">Исламский гражданский календарь</type>
			<type type="hebrew" key="calendar">Еврейский календарь</type>
			<type type="chinese" key="calendar">Китайский календарь</type>
			<type type="gregorian" key="calendar">Григорианский календарь</type>
		</types>
	</localeDisplayNames>
	<characters>
		<exemplarCharacters>[а-я ё і ѣ ѳ ѵ]</exemplarCharacters>
	</characters>
	<dates>
		<localizedPatternChars>GanjkHmsSEDFwWxhKzAeugXZ</localizedPatternChars>
		<calendars>
			<calendar type="gregorian">
				<months>
					<monthContext type="format">
						<monthWidth type="abbreviated">
							<month type="1" references="ГОСТ 7.12-93 http://www.bibliography.ru/method/gosts/7-12/7_12.htm">янв.</month>
							<month type="2" references="ГОСТ 7.12-93 http://www.bibliography.ru/method/gosts/7-12/7_12.htm">февр.</month>
							<month type="3" references="ГОСТ 7.12-93 http://www.bibliography.ru/method/gosts/7-12/7_12.htm">марта</month>
							<month type="4" references="ГОСТ 7.12-93 http://www.bibliography.ru/method/gosts/7-12/7_12.htm">апр.</month>
							<month type="5" references="ГОСТ 7.12-93 http://www.bibliography.ru/method/gosts/7-12/7_12.htm">мая</month>
							<month type="6" references="ГОСТ 7.12-93 http://www.bibliography.ru/method/gosts/7-12/7_12.htm">июня</month>
							<month type="7" references="ГОСТ 7.12-93 http://www.bibliography.ru/method/gosts/7-12/7_12.htm">июля</month>
							<month type="8" references="ГОСТ 7.12-93 http://www.bibliography.ru/method/gosts/7-12/7_12.htm">авг.</month>
							<month type="9" references="ГОСТ 7.12-93 http://www.bibliography.ru/method/gosts/7-12/7_12.htm">сент.</month>
							<month type="10" references="ГОСТ 7.12-93 http://www.bibliography.ru/method/gosts/7-12/7_12.htm">окт.</month>
							<month type="11" references="ГОСТ 7.12-93 http://www.bibliography.ru/method/gosts/7-12/7_12.htm">нояб.</month>
							<month type="12" references="ГОСТ 7.12-93 http://www.bibliography.ru/method/gosts/7-12/7_12.htm">дек.</month>
						</monthWidth>
						<monthWidth type="narrow">
							<month type="1">Я</month>
							<month type="2">Ф</month>
							<month type="3">М</month>
							<month type="4">А</month>
							<month type="5">М</month>
							<month type="6">И</month>
							<month type="7">И</month>
							<month type="8">А</month>
							<month type="9">С</month>
							<month type="10">О</month>
							<month type="11">Н</month>
							<month type="12">Д</month>
						</monthWidth>
						<monthWidth type="wide">
							<month type="1">января</month>
							<month type="2">февраля</month>
							<month type="3">марта</month>
							<month type="4">апреля</month>
							<month type="5">мая</month>
							<month type="6">июня</month>
							<month type="7">июля</month>
							<month type="8">августа</month>
							<month type="9">сентября</month>
							<month type="10">октября</month>
							<month type="11">ноября</month>
							<month type="12">декабря</month>
						</monthWidth>
					</monthContext>
					<monthContext type="stand-alone">
						<monthWidth type="abbreviated">
							<month type="1" references="ГОСТ 7.12-93 http://www.bibliography.ru/method/gosts/7-12/7_12.htm">янв.</month>
							<month type="2" references="ГОСТ 7.12-93 http://www.bibliography.ru/method/gosts/7-12/7_12.htm">февр.</month>
							<month type="3" references="ГОСТ 7.12-93 http://www.bibliography.ru/method/gosts/7-12/7_12.htm">март</month>
							<month type="4" references="ГОСТ 7.12-93 http://www.bibliography.ru/method/gosts/7-12/7_12.htm">апр.</month>
							<month type="5" references="ГОСТ 7.12-93 http://www.bibliography.ru/method/gosts/7-12/7_12.htm">май</month>
							<month type="6" references="ГОСТ 7.12-93 http://www.bibliography.ru/method/gosts/7-12/7_12.htm">июнь</month>
							<month type="7" references="ГОСТ 7.12-93 http://www.bibliography.ru/method/gosts/7-12/7_12.htm">июль</month>
							<month type="8" references="ГОСТ 7.12-93 http://www.bibliography.ru/method/gosts/7-12/7_12.htm">авг.</month>
							<month type="9" references="ГОСТ 7.12-93 http://www.bibliography.ru/method/gosts/7-12/7_12.htm">сент.</month>
							<month type="10" references="ГОСТ 7.12-93 http://www.bibliography.ru/method/gosts/7-12/7_12.htm">окт.</month>
							<month type="11" references="ГОСТ 7.12-93 http://www.bibliography.ru/method/gosts/7-12/7_12.htm">нояб.</month>
							<month type="12" references="ГОСТ 7.12-93 http://www.bibliography.ru/method/gosts/7-12/7_12.htm">дек.</month>
						</monthWidth>
						<monthWidth type="narrow">
							<month type="1">Я</month>
							<month type="2">Ф</month>
							<month type="3">М</month>
							<month type="4">А</month>
							<month type="5">М</month>
							<month type="6">И</month>
							<month type="7">И</month>
							<month type="8">А</month>
							<month type="9">С</month>
							<month type="10">О</month>
							<month type="11">Н</month>
							<month type="12">Д</month>
						</monthWidth>
						<monthWidth type="wide">
							<month type="1">Январь</month>
							<month type="2">Февраль</month>
							<month type="3">Март</month>
							<month type="4">Апрель</month>
							<month type="5">Май</month>
							<month type="6">Июнь</month>
							<month type="7">Июль</month>
							<month type="8">Август</month>
							<month type="9">Сентябрь</month>
							<month type="10">Октябрь</month>
							<month type="11">Ноябрь</month>
							<month type="12">Декабрь</month>
						</monthWidth>
					</monthContext>
				</months>
				<days>
					<dayContext type="format">
						<dayWidth type="abbreviated">
							<day type="sun">Вс</day>
							<day type="mon">Пн</day>
							<day type="tue">Вт</day>
							<day type="wed">Ср</day>
							<day type="thu">Чт</day>
							<day type="fri">Пт</day>
							<day type="sat">Сб</day>
						</dayWidth>
						<dayWidth type="narrow">
							<day type="sun">В</day>
							<day type="mon">П</day>
							<day type="tue">В</day>
							<day type="wed">С</day>
							<day type="thu">Ч</day>
							<day type="fri">П</day>
							<day type="sat">С</day>
						</dayWidth>
						<dayWidth type="wide">
							<day type="sun">воскресенье</day>
							<day type="mon">понедельник</day>
							<day type="tue">вторник</day>
							<day type="wed">среда</day>
							<day type="thu">четверг</day>
							<day type="fri">пятница</day>
							<day type="sat">суббота</day>
						</dayWidth>
					</dayContext>
				</days>
				<week>
					<firstDay day="mon"/>
				</week>
				<eras>
					<eraAbbr>
						<era type="0">до н.э.</era>
						<era type="1">н.э.</era>
					</eraAbbr>
				</eras>
				<dateFormats>
					<dateFormatLength type="full">
						<dateFormat>
							<pattern>d MMMM yyyy 'г.'</pattern>
						</dateFormat>
					</dateFormatLength>
					<dateFormatLength type="long">
						<dateFormat>
							<pattern>d MMMM yyyy 'г.'</pattern>
						</dateFormat>
					</dateFormatLength>
					<dateFormatLength type="medium">
						<dateFormat>
							<pattern>dd.MM.yyyy</pattern>
						</dateFormat>
					</dateFormatLength>
					<dateFormatLength type="short">
						<dateFormat>
							<pattern>dd.MM.yy</pattern>
						</dateFormat>
					</dateFormatLength>
				</dateFormats>
				<timeFormats>
					<timeFormatLength type="full">
						<timeFormat>
							<pattern>H:mm:ss z</pattern>
						</timeFormat>
					</timeFormatLength>
					<timeFormatLength type="long">
						<timeFormat>
							<pattern>H:mm:ss z</pattern>
						</timeFormat>
					</timeFormatLength>
					<timeFormatLength type="medium">
						<timeFormat>
							<pattern>H:mm:ss</pattern>
						</timeFormat>
					</timeFormatLength>
					<timeFormatLength type="short">
						<timeFormat>
							<pattern>H:mm</pattern>
						</timeFormat>
					</timeFormatLength>
				</timeFormats>
			</calendar>
		</calendars>
	</dates>
	<numbers>
		<currencies>
			<currency type="ADP">
				<displayName>Андоррская песета</displayName>
				<symbol>ADP</symbol>
			</currency>
			<currency type="AED">
				<displayName>Дирхам (ОАЭ)</displayName>
				<symbol>AED</symbol>
			</currency>
			<currency type="AFA">
				<displayName>Афгани (1927-2002)</displayName>
				<symbol>AFA</symbol>
			</currency>
			<currency draft="true" type="ALL">
				<displayName>Лек</displayName>
				<symbol>lek</symbol>
			</currency>
			<currency type="AMD">
				<displayName>Армянский драм</displayName>
				<symbol>dram</symbol>
			</currency>
			<currency type="ANG">
				<displayName>Нидерландский антильский гульден</displayName>
				<symbol>NA f.</symbol>
			</currency>
			<currency type="AON">
				<displayName>Новая кванза</displayName>
				<symbol>AON</symbol>
			</currency>
			<currency type="ARS">
				<displayName>Аргентинское песо</displayName>
				<symbol>Arg$</symbol>
			</currency>
			<currency draft="true" type="ATS">
				<displayName>Шиллинг</displayName>
				<symbol>ATS</symbol>
			</currency>
			<currency type="AUD">
				<displayName>Австралийский доллар</displayName>
				<symbol>$A</symbol>
			</currency>
			<currency type="AWG">
				<displayName>Арубанский гульден</displayName>
				<symbol>AWG</symbol>
			</currency>
			<currency type="AZM">
				<displayName>Азербайджанский манат</displayName>
				<symbol>AZM</symbol>
			</currency>
			<currency type="BBD">
				<displayName>Барбадосский доллар</displayName>
				<symbol>BDS$</symbol>
			</currency>
			<currency draft="true" type="BDT">
				<displayName>Така</displayName>
				<symbol>Tk</symbol>
			</currency>
			<currency type="BEF">
				<displayName>Бельгийский франк</displayName>
				<symbol>BF</symbol>
			</currency>
			<currency type="BGL">
				<displayName>Лев</displayName>
				<symbol>lev</symbol>
			</currency>
			<currency type="BGN">
				<displayName>Болгарский лев</displayName>
				<symbol>BGN</symbol>
			</currency>
			<currency type="BHD">
				<displayName>Бахрейнский динар</displayName>
				<symbol>BD</symbol>
			</currency>
			<currency type="BIF">
				<displayName>Бурундийский франк</displayName>
				<symbol>Fbu</symbol>
			</currency>
			<currency type="BMD">
				<displayName>Бермудский доллар</displayName>
				<symbol>Ber$</symbol>
			</currency>
			<currency type="BND">
				<displayName>Брунейский доллар</displayName>
				<symbol>BND</symbol>
			</currency>
			<currency type="BOB">
				<displayName>Боливиано</displayName>
				<symbol>Bs</symbol>
			</currency>
			<currency type="BRL">
				<displayName>Бразильский реал</displayName>
				<symbol>R$</symbol>
			</currency>
			<currency type="BRR">
				<displayName>Крузейро реал</displayName>
				<symbol>BRR</symbol>
			</currency>
			<currency type="BSD">
				<displayName>Багамский доллар</displayName>
				<symbol>BSD</symbol>
			</currency>
			<currency type="BTN">
				<displayName>Нгултрум</displayName>
				<symbol>Nu</symbol>
			</currency>
			<currency draft="true" type="BWP">
				<displayName>Пула</displayName>
				<symbol>BWP</symbol>
			</currency>
			<currency type="BYB">
				<displayName>Белорусский рубль (1994-1999)</displayName>
				<symbol>BYB</symbol>
			</currency>
			<currency type="BYL">
				<displayName>Белорусский рубль (1992-1994)</displayName>
				<symbol>BYL</symbol>
			</currency>
			<currency type="BYR">
				<displayName>Белорусский рубль</displayName>
				<symbol>Rbl</symbol>
			</currency>
			<currency type="BZD">
				<displayName>Белизский доллар</displayName>
				<symbol>BZ$</symbol>
			</currency>
			<currency type="CAD">
				<displayName>Канадский доллар</displayName>
				<symbol>Can$</symbol>
			</currency>
			<currency type="CDF">
				<displayName>Конголезский франк</displayName>
				<symbol>CDF</symbol>
			</currency>
			<currency type="CHF">
				<displayName>Швейцарский франк</displayName>
				<symbol>SwF</symbol>
			</currency>
			<currency type="CLP">
				<displayName>Чилийское песо</displayName>
				<symbol>Ch$</symbol>
			</currency>
			<currency type="CNY">
				<displayName>Китайский юань</displayName>
				<symbol>Y</symbol>
			</currency>
			<currency type="COP">
				<displayName>Колумбийское песо</displayName>
				<symbol>Col$</symbol>
			</currency>
			<currency type="CRC">
				<displayName>Костариканский колон</displayName>
				<symbol>C</symbol>
			</currency>
			<currency type="CUP">
				<displayName>Кубинское песо</displayName>
				<symbol>CUP</symbol>
			</currency>
			<currency draft="true" type="CVE">
				<displayName>Эскудо Кабо - Верде</displayName>
				<symbol>CVEsc</symbol>
			</currency>
			<currency type="CYP">
				<displayName>Кипрский фунт</displayName>
				<symbol>£C</symbol>
			</currency>
			<currency type="CZK">
				<displayName>Чешская крона</displayName>
				<symbol>CZK</symbol>
			</currency>
			<currency type="DEM">
				<displayName>Немецкая марка</displayName>
				<symbol>DEM</symbol>
			</currency>
			<currency type="DJF">
				<displayName>Франк Джибути</displayName>
				<symbol>DF</symbol>
			</currency>
			<currency type="DKK">
				<displayName>Датская крона</displayName>
				<symbol>DKr</symbol>
			</currency>
			<currency type="DOP">
				<displayName>Доминиканское песо</displayName>
				<symbol>RD$</symbol>
			</currency>
			<currency type="DZD">
				<displayName>Алжирский динар</displayName>
				<symbol>DA</symbol>
			</currency>
			<currency draft="true" type="ECS">
				<displayName>Сукре</displayName>
				<symbol>ECS</symbol>
			</currency>
			<currency draft="true" type="EEK">
				<displayName>Крона</displayName>
				<symbol>EEK</symbol>
			</currency>
			<currency type="EGP">
				<displayName>Египетский фунт</displayName>
				<symbol>EGP</symbol>
			</currency>
			<currency type="ERN">
				<displayName>Накфа</displayName>
				<symbol>ERN</symbol>
			</currency>
			<currency type="ETB">
				<displayName>Эфиопский быр</displayName>
				<symbol>Br</symbol>
			</currency>
			<currency type="EUR">
				<displayName>Евро</displayName>
			</currency>
			<currency draft="true" type="FIM">
				<displayName>Марка</displayName>
				<symbol>FIM</symbol>
			</currency>
			<currency type="FJD">
				<displayName>Доллар Фиджи</displayName>
				<symbol>F$</symbol>
			</currency>
			<currency type="FKP">
				<displayName>Фунт Фолклендских островов</displayName>
				<symbol>FKP</symbol>
			</currency>
			<currency type="FRF">
				<displayName>Французский франк</displayName>
				<symbol>FRF</symbol>
			</currency>
			<currency draft="true" type="GBP">
				<displayName>Фунт стерлингов</displayName>
			</currency>
			<currency type="GEK">
				<displayName>Грузинский купон</displayName>
				<symbol>GEK</symbol>
			</currency>
			<currency type="GEL">
				<displayName>Грузинский лари</displayName>
				<symbol>lari</symbol>
			</currency>
			<currency draft="true" type="GHC">
				<displayName>Седи</displayName>
				<symbol>GHC</symbol>
			</currency>
			<currency type="GIP">
				<displayName>Гибралтарский фунт</displayName>
				<symbol>GIP</symbol>
			</currency>
			<currency draft="true" type="GMD">
				<displayName>Даласи</displayName>
				<symbol>GMD</symbol>
			</currency>
			<currency type="GNF">
				<displayName>Гвинейский франк</displayName>
				<symbol>GF</symbol>
			</currency>
			<currency draft="true" type="GRD">
				<displayName>Драхма</displayName>
				<symbol>GRD</symbol>
			</currency>
			<currency draft="true" type="GTQ">
				<displayName>Кетсаль</displayName>
				<symbol>Q</symbol>
			</currency>
			<currency draft="true" type="GWP">
				<displayName>Песо Гвинеи - Бисау</displayName>
				<symbol>GWP</symbol>
			</currency>
			<currency type="GYD">
				<displayName>Гайанский доллар</displayName>
				<symbol>G$</symbol>
			</currency>
			<currency type="HKD">
				<displayName>Гонконгский доллар</displayName>
				<symbol>HK$</symbol>
			</currency>
			<currency draft="true" type="HNL">
				<displayName>Лемпира</displayName>
				<symbol>L</symbol>
			</currency>
			<currency type="HRD">
				<displayName>Хорватский динар</displayName>
				<symbol>HRD</symbol>
			</currency>
			<currency draft="true" type="HRK">
				<displayName>Куна</displayName>
				<symbol>HRK</symbol>
			</currency>
			<currency draft="true" type="HTG">
				<displayName>Гурд</displayName>
				<symbol>HTG</symbol>
			</currency>
			<currency draft="true" type="HUF">
				<displayName>Форинт</displayName>
				<symbol>Ft</symbol>
			</currency>
			<currency draft="true" type="IDR">
				<displayName>Рупия</displayName>
				<symbol>Rp</symbol>
			</currency>
			<currency type="IEP">
				<displayName>Ирландский фунт</displayName>
				<symbol>IR£</symbol>
			</currency>
			<currency draft="true" type="ILS">
				<displayName>Шекель</displayName>
				<symbol>ILS</symbol>
			</currency>
			<currency draft="true" type="INR">
				<displayName>Индийская рупия</displayName>
				<symbol>INR</symbol>
			</currency>
			<currency type="IQD">
				<displayName>Иракский динар</displayName>
				<symbol>ID</symbol>
			</currency>
			<currency type="IRR">
				<displayName>Иранский риал</displayName>
				<symbol>RI</symbol>
			</currency>
			<currency type="ISK">
				<displayName>Исландская крона</displayName>
				<symbol>ISK</symbol>
			</currency>
			<currency type="ITL">
				<displayName>Итальянская лира</displayName>
			</currency>
			<currency type="JMD">
				<displayName>Ямайский доллар</displayName>
				<symbol>J$</symbol>
			</currency>
			<currency type="JOD">
				<displayName>Иорданский динар</displayName>
				<symbol>JD</symbol>
			</currency>
			<currency draft="true" type="JPY">
				<displayName>Йена</displayName>
			</currency>
			<currency type="KES">
				<displayName>Кенийский шиллинг</displayName>
				<symbol>K Sh</symbol>
			</currency>
			<currency draft="true" type="KGS">
				<displayName>Сом (киргизский)</displayName>
				<symbol>som</symbol>
			</currency>
			<currency draft="true" type="KHR">
				<displayName>Риель</displayName>
				<symbol>CR</symbol>
			</currency>
			<currency type="KMF">
				<displayName>Франк Коморских островов</displayName>
				<symbol>CF</symbol>
			</currency>
			<currency draft="true" type="KPW">
				<displayName>Северо - корейская вона</displayName>
				<symbol>KPW</symbol>
			</currency>
			<currency draft="true" type="KRW">
				<displayName>Вона</displayName>
				<symbol>KRW</symbol>
			</currency>
			<currency type="KWD">
				<displayName>Кувейтский динар</displayName>
				<symbol>KD</symbol>
			</currency>
			<currency type="KYD">
				<displayName>Доллар Каймановых островов</displayName>
				<symbol>KYD</symbol>
			</currency>
			<currency draft="true" type="KZT">
				<displayName>Тенге (казахский)</displayName>
				<symbol>T</symbol>
			</currency>
			<currency draft="true" type="LAK">
				<displayName>Кип</displayName>
				<symbol>LAK</symbol>
			</currency>
			<currency type="LBP">
				<displayName>Ливанский фунт</displayName>
				<symbol>LL</symbol>
			</currency>
			<currency draft="true" type="LKR">
				<displayName>Шри - Ланкийская рупия</displayName>
				<symbol>SL Re</symbol>
			</currency>
			<currency type="LRD">
				<displayName>Либерийский доллар</displayName>
				<symbol>LRD</symbol>
			</currency>
			<currency type="LSL">
				<displayName>Лоти</displayName>
				<symbol>M</symbol>
			</currency>
			<currency type="LTL">
				<displayName>Литовский лит</displayName>
				<symbol>LTL</symbol>
			</currency>
			<currency type="LUF">
				<displayName>Люксембургский франк</displayName>
				<symbol>LUF</symbol>
			</currency>
			<currency type="LVL">
				<displayName>Латвийский лат</displayName>
				<symbol>LVL</symbol>
			</currency>
			<currency type="LYD">
				<displayName>Ливийский динар</displayName>
				<symbol>LD</symbol>
			</currency>
			<currency type="MAD">
				<displayName>Марокканский дирхам</displayName>
				<symbol>MAD</symbol>
			</currency>
			<currency type="MDL">
				<displayName>Молдавский лей</displayName>
				<symbol>MDL</symbol>
			</currency>
			<currency type="MGF">
				<displayName>Малагасийский франк</displayName>
				<symbol>MGF</symbol>
			</currency>
			<currency draft="true" type="MKD">
				<displayName>Денар</displayName>
				<symbol>MDen</symbol>
			</currency>
			<currency draft="true" type="MNT">
				<displayName>Тугрик</displayName>
				<symbol>Tug</symbol>
			</currency>
			<currency draft="true" type="MRO">
				<displayName>Угия</displayName>
				<symbol>UM</symbol>
			</currency>
			<currency type="MTL">
				<displayName>Мальтийская лира</displayName>
				<symbol>Lm</symbol>
			</currency>
			<currency type="MUR">
				<displayName>Маврикийская рупия</displayName>
				<symbol>MUR</symbol>
			</currency>
			<currency draft="true" type="MVR">
				<displayName>Руфия</displayName>
				<symbol>MVR</symbol>
			</currency>
			<currency type="MWK">
				<displayName>Квача (малавийская)</displayName>
				<symbol>MK</symbol>
			</currency>
			<currency type="MXN">
				<displayName>Мексиканское новое песо</displayName>
				<symbol>MEX$</symbol>
			</currency>
			<currency draft="true" type="MYR">
				<displayName>Малайзийский ринггит</displayName>
				<symbol>RM</symbol>
			</currency>
			<currency draft="true" type="MZM">
				<displayName>Метикал</displayName>
				<symbol>Mt</symbol>
			</currency>
			<currency type="NAD">
				<displayName>Доллар Намибии</displayName>
				<symbol>N$</symbol>
			</currency>
			<currency draft="true" type="NGN">
				<displayName>Найра</displayName>
				<symbol>NGN</symbol>
			</currency>
			<currency type="NIO">
				<displayName>Золотая кордоба</displayName>
				<symbol>NIO</symbol>
			</currency>
			<currency type="NLG">
				<displayName>Нидерландский гульден</displayName>
				<symbol>NLG</symbol>
			</currency>
			<currency type="NOK">
				<displayName>Норвежская крона</displayName>
				<symbol>NKr</symbol>
			</currency>
			<currency type="NPR">
				<displayName>Непальская рупия</displayName>
				<symbol>Nrs</symbol>
			</currency>
			<currency type="NZD">
				<displayName>Новозеландский доллар</displayName>
				<symbol>$NZ</symbol>
			</currency>
			<currency type="OMR">
				<displayName>Оманский риал</displayName>
				<symbol>RO</symbol>
			</currency>
			<currency draft="true" type="PAB">
				<displayName>Бальбоа</displayName>
				<symbol>PAB</symbol>
			</currency>
			<currency draft="true" type="PEN">
				<displayName>Новый соль</displayName>
				<symbol>PEN</symbol>
			</currency>
			<currency type="PGK">
				<displayName>Кина</displayName>
				<symbol>PGK</symbol>
			</currency>
			<currency type="PHP">
				<displayName>Филиппинское песо</displayName>
				<symbol>PHP</symbol>
			</currency>
			<currency type="PKR">
				<displayName>Пакистанская рупия</displayName>
				<symbol>Pra</symbol>
			</currency>
			<currency type="PLN">
				<displayName>Польский злотый</displayName>
				<symbol>Zl</symbol>
			</currency>
			<currency type="PLZ">
				<displayName>Злотый</displayName>
				<symbol>PLZ</symbol>
			</currency>
			<currency type="PTE">
				<displayName>Португальское эскудо</displayName>
				<symbol>PTE</symbol>
			</currency>
			<currency draft="true" type="PYG">
				<displayName>Гуарани</displayName>
				<symbol>PYG</symbol>
			</currency>
			<currency type="QAR">
				<displayName>Катарский риал</displayName>
				<symbol>QR</symbol>
			</currency>
			<currency draft="true" type="ROL">
				<displayName>Лей</displayName>
				<symbol>leu</symbol>
			</currency>
			<currency type="RUB">
				<displayName>Российский рубль</displayName>
				<symbol>RUB</symbol>
			</currency>
			<currency type="RUR">
				<displayName>Российский рубль (1991-1998)</displayName>
				<symbol>р.</symbol>
			</currency>
			<currency type="RWF">
				<displayName>Франк Руанды</displayName>
				<symbol>RWF</symbol>
			</currency>
			<currency type="SAR">
				<displayName>Саудовский риал</displayName>
				<symbol>SRl</symbol>
			</currency>
			<currency type="SBD">
				<displayName>Доллар Соломоновых островов</displayName>
				<symbol>SI$</symbol>
			</currency>
			<currency type="SCR">
				<displayName>Сейшельская рупия</displayName>
				<symbol>SR</symbol>
			</currency>
			<currency type="SDD">
				<displayName>Суданский динар</displayName>
				<symbol>SDD</symbol>
			</currency>
			<currency type="SEK">
				<displayName>Шведская крона</displayName>
				<symbol>SKr</symbol>
			</currency>
			<currency type="SGD">
				<displayName>Сингапурский доллар</displayName>
				<symbol>S$</symbol>
			</currency>
			<currency type="SHP">
				<displayName>Фунт острова Святой Елены</displayName>
				<symbol>SHP</symbol>
			</currency>
			<currency draft="true" type="SIT">
				<displayName>Толар</displayName>
				<symbol>SIT</symbol>
			</currency>
			<currency type="SKK">
				<displayName>Словацкая крона</displayName>
				<symbol>Sk</symbol>
			</currency>
			<currency type="SLL">
				<displayName>Леоне</displayName>
				<symbol>SLL</symbol>
			</currency>
			<currency type="SOS">
				<displayName>Сомалийский шиллинг</displayName>
				<symbol>So. Sh.</symbol>
			</currency>
			<currency type="SRG">
				<displayName>Суринамский гульден</displayName>
				<symbol>Sf</symbol>
			</currency>
			<currency type="STD">
				<displayName>Добра</displayName>
				<symbol>Db</symbol>
			</currency>
			<currency type="SVC">
				<displayName>Сальвадорский колон</displayName>
				<symbol>SVC</symbol>
			</currency>
			<currency type="SYP">
				<displayName>Сирийский фунт</displayName>
				<symbol>LS</symbol>
			</currency>
			<currency draft="true" type="SZL">
				<displayName>Лилангени</displayName>
				<symbol>E</symbol>
			</currency>
			<currency draft="true" type="THB">
				<displayName>Бат</displayName>
				<symbol>THB</symbol>
			</currency>
			<currency type="TJR">
				<displayName>Таджикский рубль</displayName>
				<symbol>TJR</symbol>
			</currency>
			<currency type="TJS">
				<displayName>Таджикский сомони</displayName>
				<symbol>TJS</symbol>
			</currency>
			<currency draft="true" type="TMM">
				<displayName>Манат</displayName>
				<symbol>TMM</symbol>
			</currency>
			<currency type="TND">
				<displayName>Тунисский динар</displayName>
				<symbol>TND</symbol>
			</currency>
			<currency type="TOP">
				<displayName>Паанга</displayName>
				<symbol>T$</symbol>
			</currency>
			<currency type="TPE">
				<displayName>Тиморское эскудо</displayName>
				<symbol>TPE</symbol>
			</currency>
			<currency type="TRL">
				<displayName>Турецкая лира</displayName>
				<symbol>TL</symbol>
			</currency>
			<currency type="TTD">
				<displayName>Доллар Тринидада и Тобаго</displayName>
				<symbol>TT$</symbol>
			</currency>
			<currency type="TWD">
				<displayName>Новый тайваньский доллар</displayName>
				<symbol>NT$</symbol>
			</currency>
			<currency type="TZS">
				<displayName>Танзанийский шиллинг</displayName>
				<symbol>T Sh</symbol>
			</currency>
			<currency type="UAH">
				<displayName>Украинская гривна</displayName>
				<symbol>грн.</symbol>
			</currency>
			<currency type="UAK">
				<displayName>Карбованец (украинский)</displayName>
				<symbol>UAK</symbol>
			</currency>
			<currency type="UGS">
				<displayName>Угандийский шиллинг</displayName>
				<symbol>UGS</symbol>
			</currency>
			<currency type="USD">
				<displayName>Доллар США</displayName>
				<symbol>US$</symbol>
			</currency>
			<currency type="UYP">
				<displayName>Уругвайское песо</displayName>
				<symbol>UYP</symbol>
			</currency>
			<currency type="UZS">
				<displayName>Узбекский сум</displayName>
				<symbol>UZS</symbol>
			</currency>
			<currency draft="true" type="VEB">
				<displayName>Боливар</displayName>
				<symbol>Be</symbol>
			</currency>
			<currency draft="true" type="VND">
				<displayName>Донг</displayName>
				<symbol>VND</symbol>
			</currency>
			<currency type="VUV">
				<displayName>Вату</displayName>
				<symbol>VT</symbol>
			</currency>
			<currency type="WST">
				<displayName>Тала</displayName>
				<symbol>WST</symbol>
			</currency>
			<currency type="XAF">
				<displayName>Франк КФА ВЕАС</displayName>
				<symbol>XAF</symbol>
			</currency>
			<currency type="XAU">
				<displayName>Золото</displayName>
				<symbol>XAU</symbol>
			</currency>
			<currency draft="true" type="XCD">
				<displayName>Восточно - карибский доллар</displayName>
				<symbol>EC$</symbol>
			</currency>
			<currency type="XDR">
				<displayName>СДР (специальные права заимствования)</displayName>
				<symbol>XDR</symbol>
			</currency>
			<currency type="XEU">
				<displayName>ЭКЮ (единица европейской валюты)</displayName>
				<symbol>XEU</symbol>
			</currency>
			<currency type="XOF">
				<displayName>Франк КФА ВСЕАО</displayName>
				<symbol>XOF</symbol>
			</currency>
			<currency type="XPF">
				<displayName>Франк КФП</displayName>
				<symbol>CFPF</symbol>
			</currency>
			<currency type="YER">
				<displayName>Йеменский риал</displayName>
				<symbol>YRl</symbol>
			</currency>
			<currency type="YUN">
				<displayName>Югославский динар</displayName>
				<symbol>YUN</symbol>
			</currency>
			<currency type="ZAR">
				<displayName>Рэнд</displayName>
				<symbol>R</symbol>
			</currency>
			<currency type="ZMK">
				<displayName>Квача (замбийская)</displayName>
				<symbol>ZMK</symbol>
			</currency>
			<currency type="ZRN">
				<displayName>Новый заир</displayName>
				<symbol>ZRN</symbol>
			</currency>
			<currency type="ZWD">
				<displayName>Доллар Зимбабве</displayName>
				<symbol>Z$</symbol>
			</currency>
		</currencies>
	</numbers>
	<posix draft="true">
		<messages>
			<yesstr>да</yesstr>
			<nostr>нет</nostr>
			<yesexpr/>
			<noexpr/>
		</messages>
	</posix>
</ldml>
<!-- Old Comments. See root.xml for more info.
URL: http://oss.software.ibm.com/cvs/icu/icu/source/data/locales/ru.txt?only_with_tag=final-update-LDML

BA { "\u0411\u043E\u0441\u043D\u0438\u044F \u0438 \u0413\u0435\u0440\u0446\u0435\u0433\u043E\u0432\u0438\u043D\u0430" } // From translation center
CZ { "\u0427\u0435\u0445\u0438\u044F" } // Old value
IR { "\u0418\u0441\u043B\u0430\u043C\u0441\u043A\u0430\u044F \u0420\u0435\u0441\u043F\u0443\u0431\u043B\u0438\u043A\u0430 \u0418\u0440\u0430\u043D" }
        KP { "\u0421\u0435\u0432\u0435\u0440\u043D\u0430\u044F \u041A\u043E\u0440\u0435\u044F" }    // alternate name { "\u041A\u043E\u0440\u0435\u0439\u0441\u043A\u0430\u044F \u041D\u0430\u0440\u043E\u0434\u043D\u043E-\u0414\u0435\u043C\u043E\u043A\u0440\u0430\u0442\u0438\u0447\u0435\u0441\u043A\u0430\u044F \u0420\u0435\u0441\u043F\u0443\u0431\u043B\u0438\u043A\u0430" }
        KR { "\u042E\u0436\u043D\u0430\u044F \u041A\u043E\u0440\u0435\u044F" }    // alternate name { "\u0420\u0435\u0441\u043F\u0443\u0431\u043B\u0438\u043A\u0430 \u041A\u043E\u0440\u0435\u044F" }
LA { "\u041B\u0430\u0442\u0438\u043D\u0441\u043A\u0430\u044F \u0410\u043C\u0435\u0440\u0438\u043A\u0430" }
LY { "\u041B\u0438\u0432\u0438\u0439\u0441\u043A\u0430\u044F \u0410\u0440\u0430\u0431\u0441\u043A\u0430\u044F \u0414\u0436\u0430\u043C\u0430\u0445\u0438\u0440\u0438\u044F" }
MK { "\u041C\u0430\u043A\u0435\u0434\u043E\u043D\u0438\u044F, \u0420\u0435\u0441\u043F\u0443\u0431\u043B\u0438\u043A\u0430" } // From translation center
RU { "\u0420\u043E\u0441\u0441\u0438\u0439\u0441\u043A\u0430\u044F \u0424\u0435\u0434\u0435\u0440\u0430\u0446\u0438\u044F" } // From translation center
        SY { "\u0421\u0438\u0440\u0438\u0439\u0441\u043A\u0430\u044F \u0410\u0440\u0430\u0431\u0441\u043A\u0430\u044F \u0420\u0435\u0441\u043F\u0443\u0431\u043B\u0438\u043A\u0430" }    // alternate name { "\u0421\u0438\u0440\u0438\u044F" }
        TW { "\u0422\u0430\u0439\u0432\u0430\u043D\u044C, \u041A\u0438\u0442\u0430\u0439\u0441\u043A\u0430\u044F \u041F\u0440\u043E\u0432\u0438\u043D\u0446\u0438\u044F" }    // alternate name { "\u0422\u0430\u0439\u0432\u0430\u043D\u044C" }
US { "\u0421\u0428\u0410" }
ZA { "\u042E\u0410\u0420" } // Old value
jw { "\u042f\u0432\u0430\u043d\u0441\u043a\u0438\u0439" } // Use jv instead
lv { "\u041B\u0430\u0442\u0432\u0438\u0439\u0441\u043A\u0438\u0439" } // Old value
        "Cyrl"      // ISO 15924 Name 
Currency display names
-->

