<?xml version="1.0" encoding="UTF-8" ?>
<!DOCTYPE ldml SYSTEM "http://www.unicode.org/cldr/dtd/1.2/ldml.dtd">
<ldml >
	<identity>
		<version number="1.2"/>
		<generation date="2004-08-27"/>
		<language type="ru"/>
		<territory type="RU"/>
	</identity>
	<numbers>
		<symbols>
			<decimal>,</decimal>
			<group> </group>
		</symbols>
		<currencyFormats>
			<currencyFormatLength>
				<currencyFormat>
					<pattern>#,##0.00¤;-#,##0.00¤</pattern>
				</currencyFormat>
			</currencyFormatLength>
		</currencyFormats>
	</numbers>
</ldml>

