<?xml version="1.0" encoding="UTF-8" ?>
<!DOCTYPE ldml SYSTEM "http://www.unicode.org/cldr/dtd/1.2/ldml.dtd">
<ldml >
	<identity>
		<version number="1.2"/>
		<generation date="2004-08-27"/>
		<language type="sq"/>
	</identity>
	<localeDisplayNames>
		<languages>
			<language type="sq">shqipe</language>
		</languages>
		<territories>
			<territory type="AD">Andorrë</territory>
			<territory type="AE">Emiratet Arabe te Bashkuara</territory>
			<territory type="AF">Afganistan</territory>
			<territory type="AG">Antigua e Barbuda</territory>
			<territory type="AL">Shqipëria</territory>
			<territory type="AM">Armeni</territory>
			<territory type="AO">Angolë</territory>
			<territory type="AR">Argjentinë</territory>
			<territory type="AT">Austri</territory>
			<territory type="AU">Australi</territory>
			<territory type="AZ">Azerbajxhan</territory>
			<territory type="BA">Bosnja dhe Hercegovina</territory>
			<territory type="BE">Belgjikë</territory>
			<territory type="BG">Bullgari</territory>
			<territory type="BH">Bahrein</territory>
			<territory type="BN">Brunej</territory>
			<territory type="BO">Bolivi</territory>
			<territory type="BT">Butan</territory>
			<territory type="BW">Botsvana</territory>
			<territory type="BY">Bjellorusi</territory>
			<territory type="CA">Kanada</territory>
			<territory type="CF">Republika Qendrore e Afrikës</territory>
			<territory type="CG">Kongo</territory>
			<territory type="CH">Zvicër</territory>
			<territory type="CI">Bregu i Fildishtë</territory>
			<territory type="CL">Kili</territory>
			<territory type="CM">Kamerun</territory>
			<territory type="CN">Kinë</territory>
			<territory type="CO">Kolumbi</territory>
			<territory type="CR">Kosta Rika</territory>
			<territory type="CU">Kubë</territory>
			<territory type="CV">Kap Verde</territory>
			<territory type="CY">Qipro</territory>
			<territory type="CZ">Republika e Çekisë</territory>
			<territory type="DE">Gjermani</territory>
			<territory type="DJ">Xhibuti</territory>
			<territory type="DK">Danimarkë</territory>
			<territory type="DM">Dominikë</territory>
			<territory type="DO">Republika Dominikanë</territory>
			<territory type="DZ">Algjeri</territory>
			<territory type="EC">Ekuator</territory>
			<territory type="EE">Estoni</territory>
			<territory type="EG">Egjipt</territory>
			<territory type="EH">Saharaja Perëndimore</territory>
			<territory type="ER">Eritre</territory>
			<territory type="ES">Spanjë</territory>
			<territory type="ET">Etiopi</territory>
			<territory type="FI">Finlandë</territory>
			<territory type="FJ">Fixhi</territory>
			<territory type="FM">Mikronezi</territory>
			<territory type="FR">Francë</territory>
			<territory type="GA">Gjabon</territory>
			<territory type="GE">Gjeorgji</territory>
			<territory type="GH">Ganë</territory>
			<territory type="GM">Gambi</territory>
			<territory type="GN">Guine</territory>
			<territory type="GQ">Guineja Ekuatoriale</territory>
			<territory type="GR">Greqi</territory>
			<territory type="GT">Guatemalë</territory>
			<territory type="GW">Guine Bisau</territory>
			<territory type="GY">Guajana</territory>
			<territory type="HR">Kroaci</territory>
			<territory type="HU">Hungari</territory>
			<territory type="ID">Indonezi</territory>
			<territory type="IE">Irlandë</territory>
			<territory type="IL">Izrael</territory>
			<territory type="IN">Indi</territory>
			<territory type="IQ">Irak</territory>
			<territory type="IS">Islandë</territory>
			<territory type="IT">Itali</territory>
			<territory type="JM">Xhamajkë</territory>
			<territory type="JO">Jordani</territory>
			<territory type="JP">Japoni</territory>
			<territory type="KE">Kenia</territory>
			<territory type="KG">Kirgistan</territory>
			<territory type="KH">Kamboxhi</territory>
			<territory type="KI">Qiribati</territory>
			<territory type="KM">Komore</territory>
			<territory type="KN">Saint Kitts e Nevis</territory>
			<territory type="KP">Koreja e Veriut</territory>
			<territory type="KR">Koreja e Jugut</territory>
			<territory type="KW">Kuvajt</territory>
			<territory type="KZ">Kazakistan</territory>
			<territory type="LB">Liban</territory>
			<territory type="LI">Lihtënshtajn</territory>
			<territory type="LR">Liberi</territory>
			<territory type="LS">Lesoto</territory>
			<territory type="LT">Lituani</territory>
			<territory type="LU">Luksemburg</territory>
			<territory type="LV">Letoni</territory>
			<territory type="LY">Libi</territory>
			<territory type="MA">Maroko</territory>
			<territory type="MC">Monako</territory>
			<territory type="MD">Moldavi</territory>
			<territory type="MG">Madagaskar</territory>
			<territory type="MH">Ishujt Marshall</territory>
			<territory type="MK">Maqedoni</territory>
			<territory type="MN">Mongoli</territory>
			<territory type="MR">Mauritani</territory>
			<territory type="MT">Maltë</territory>
			<territory type="MV">Maldivit</territory>
			<territory type="MW">Malavi</territory>
			<territory type="MX">Meksikë</territory>
			<territory type="MY">Malajzi</territory>
			<territory type="MZ">Mozambik</territory>
			<territory type="NA">Namibi</territory>
			<territory type="NG">Nigeri</territory>
			<territory type="NI">Nikaragua</territory>
			<territory type="NL">Vendet e Ulëta</territory>
			<territory type="NO">Norvegji</territory>
			<territory type="NZ">Zelanda e Re</territory>
			<territory type="PG">Papua Guineja e Re</territory>
			<territory type="PH">Filipine</territory>
			<territory type="PL">Poloni</territory>
			<territory type="PT">Portugali</territory>
			<territory type="PY">Paraguaj</territory>
			<territory type="QA">Katar</territory>
			<territory type="RO">Rumani</territory>
			<territory type="RU">Rusi</territory>
			<territory type="RW">Ruanda</territory>
			<territory type="SA">Arabia Saudite</territory>
			<territory type="SB">Ishujt Solomon</territory>
			<territory type="SC">Sishel</territory>
			<territory type="SE">Suedi</territory>
			<territory type="SG">Singapor</territory>
			<territory type="SI">Slloveni</territory>
			<territory type="SK">Sllovaki</territory>
			<territory type="SL">Siera Leone</territory>
			<territory type="SO">Somali</territory>
			<territory type="SP">Serbië</territory>
			<territory type="ST">Sao Tome e Prinsipe</territory>
			<territory type="SY">Siri</territory>
			<territory type="SZ">Svazilandë</territory>
			<territory type="TD">Çad</territory>
			<territory type="TG">Togo</territory>
			<territory type="TH">Tajlandë</territory>
			<territory type="TJ">Taxhikistan</territory>
			<territory type="TN">Tunisi</territory>
			<territory type="TR">Turqi</territory>
			<territory type="TT">Trinidad e Tobago</territory>
			<territory type="TW">Tajvan</territory>
			<territory type="TZ">Tanzani</territory>
			<territory type="UA">Ukrainë</territory>
			<territory type="US">Shtetet e Bashkuara të Amerikës</territory>
			<territory type="UY">Uruguaj</territory>
			<territory type="VA">Vatikan</territory>
			<territory type="VC">Saint Vincent e Grenadinet</territory>
			<territory type="VE">Venezuelë</territory>
			<territory type="YE">Jemen</territory>
			<territory type="ZA">Afrika e Jugut</territory>
			<territory type="ZM">Zambi</territory>
			<territory type="ZW">Zimbabve</territory>
		</territories>
	</localeDisplayNames>
	<characters>
		<exemplarCharacters>[a-zçë{dh}{gj}{ll}{nj}{rr}{sh}{th}{xh}{zh}]</exemplarCharacters>
	</characters>
	<dates>
		<localizedPatternChars>GanjkHmsSEDFwWxhKzAeugXZ</localizedPatternChars>
		<calendars>
			<calendar type="gregorian">
				<months>
					<monthContext type="format">
						<monthWidth type="abbreviated">
							<month type="1">Jan</month>
							<month type="2">Shk</month>
							<month type="3">Mar</month>
							<month type="4">Pri</month>
							<month type="5">Maj</month>
							<month type="6">Qer</month>
							<month type="7">Kor</month>
							<month type="8">Gsh</month>
							<month type="9">Sht</month>
							<month type="10">Tet</month>
							<month type="11">Nën</month>
							<month type="12">Dhj</month>
						</monthWidth>
						<monthWidth type="wide">
							<month type="1">janar</month>
							<month type="2">shkurt</month>
							<month type="3">mars</month>
							<month type="4">prill</month>
							<month type="5">maj</month>
							<month type="6">qershor</month>
							<month type="7">korrik</month>
							<month type="8">gusht</month>
							<month type="9">shtator</month>
							<month type="10">tetor</month>
							<month type="11">nëntor</month>
							<month type="12">dhjetor</month>
						</monthWidth>
					</monthContext>
				</months>
				<days>
					<dayContext type="format">
						<dayWidth type="abbreviated">
							<day type="sun">Die</day>
							<day type="mon">Hën</day>
							<day type="tue">Mar</day>
							<day type="wed">Mër</day>
							<day type="thu">Enj</day>
							<day type="fri">Pre</day>
							<day type="sat">Sht</day>
						</dayWidth>
						<dayWidth type="wide">
							<day type="sun">e diel</day>
							<day type="mon">e hënë</day>
							<day type="tue">e martë</day>
							<day type="wed">e mërkurë</day>
							<day type="thu">e enjte</day>
							<day type="fri">e premte</day>
							<day type="sat">e shtunë</day>
						</dayWidth>
					</dayContext>
				</days>
				<week>
					<firstDay day="mon"/>
				</week>
				<am>PD</am>
				<pm>MD</pm>
				<eras>
					<eraAbbr>
						<era type="0">p.e.r.</era>
						<era type="1">n.e.r.</era>
					</eraAbbr>
				</eras>
				<dateFormats>
					<dateFormatLength type="full">
						<dateFormat>
							<pattern>EEEE, dd MMMM yyyy</pattern>
						</dateFormat>
					</dateFormatLength>
					<dateFormatLength type="long">
						<dateFormat>
							<pattern>dd MMMM yyyy</pattern>
						</dateFormat>
					</dateFormatLength>
					<dateFormatLength type="medium">
						<dateFormat>
							<pattern>yyyy-MM-dd</pattern>
						</dateFormat>
					</dateFormatLength>
					<dateFormatLength type="short">
						<dateFormat>
							<pattern>yy-MM-dd</pattern>
						</dateFormat>
					</dateFormatLength>
				</dateFormats>
				<timeFormats>
					<timeFormatLength type="full">
						<timeFormat>
							<pattern>h.mm.ss.a z</pattern>
						</timeFormat>
					</timeFormatLength>
					<timeFormatLength type="long">
						<timeFormat>
							<pattern>h.mm.ss.a z</pattern>
						</timeFormat>
					</timeFormatLength>
					<timeFormatLength type="medium">
						<timeFormat>
							<pattern>h:mm:ss.a</pattern>
						</timeFormat>
					</timeFormatLength>
					<timeFormatLength type="short">
						<timeFormat>
							<pattern>h.mm.a</pattern>
						</timeFormat>
					</timeFormatLength>
				</timeFormats>
			</calendar>
		</calendars>
	</dates>
	<numbers>
		<symbols>
			<decimal>,</decimal>
			<group>.</group>
		</symbols>
		<currencies>
			<currency type="ALL">
				<displayName>ALL</displayName>
				<symbol>Lek</symbol>
			</currency>
		</currencies>
	</numbers>
	<posix draft="true">
		<messages>
			<yesstr>PO</yesstr>
			<nostr>JO</nostr>
			<yesexpr>PO</yesexpr>
			<noexpr>JO</noexpr>
		</messages>
	</posix>
</ldml>
<!-- Old Comments. See root.xml for more info.
URL: http://oss.software.ibm.com/cvs/icu/icu/source/data/locales/sq.txt?only_with_tag=final-update-LDML

AL { "Shqip\u00ebri" }
CS { "Serbi\u00eb dhe Mali i Zi" } // TODO: if we allow this, then SP must go away
SR { "Surinam" }
        "Latn",  // ISO 15924 Name 
            "CET", // TODO: Replace with long Albanian name
            "CEST", // TODO: Replace with long Albanian name
                1, // "Minimal Days in First Week" is unknown. Root value used instead
-->

