<?xml version="1.0" encoding="UTF-8" ?>
<!DOCTYPE supplementalData SYSTEM "http://www.unicode.org/cldr/dtd/1.2/ldmlSupplemental.dtd">
<supplementalData version="1.0">
    <currencyData>
        <fractions>
            <info iso4217="ADP" digits="0" rounding="0"/>
            <info iso4217="BHD" digits="3" rounding="0"/>
            <info iso4217="BIF" digits="0" rounding="0"/>
            <info iso4217="BYR" digits="0" rounding="0"/>
            <info iso4217="CHF" digits="2" rounding="5"/>
            <info iso4217="CLF" digits="0" rounding="0"/>
            <info iso4217="CLP" digits="0" rounding="0"/>
            <info iso4217="DEFAULT" digits="2" rounding="0"/>
            <info iso4217="DJF" digits="0" rounding="0"/>
            <info iso4217="GNF" digits="0" rounding="0"/>
            <info iso4217="IQD" digits="3" rounding="0"/>
            <info iso4217="ITL" digits="0" rounding="0"/>
            <info iso4217="JOD" digits="3" rounding="0"/>
            <info iso4217="JPY" digits="0" rounding="0"/>
            <info iso4217="KMF" digits="0" rounding="0"/>
            <info iso4217="KRW" digits="0" rounding="0"/>
            <info iso4217="KWD" digits="3" rounding="0"/>
            <info iso4217="LYD" digits="3" rounding="0"/>
            <info iso4217="MGF" digits="0" rounding="0"/>
            <info iso4217="OMR" digits="3" rounding="0"/>
            <info iso4217="PYG" digits="0" rounding="0"/>
            <info iso4217="RWF" digits="0" rounding="0"/>
            <info iso4217="TND" digits="3" rounding="0"/>
            <info iso4217="TRL" digits="0" rounding="0"/>
            <info iso4217="VUV" digits="0" rounding="0"/>
            <info iso4217="XAF" digits="0" rounding="0"/>
            <info iso4217="XOF" digits="0" rounding="0"/>
            <info iso4217="XPF" digits="0" rounding="0"/>
        </fractions>
<!--
Note: When reading these dates, you should read them as exclusive date ranges.
So the normal inclusive date range 07/01/1992-08/15/1994 is equal to
'after="06-30-1992" before="08-16-1994"'

Most of this list can be found here: 
http://www.globalfindata.com/gh/index.html
http://www.bsi-global.com/Technical+Information/Publications/_Publications/tig90.xalter
http://www.bsi-global.com/ Technical+Information/Publications/_Publications/tig90x.doc
-->
        <region iso3166="AD">
            <currency iso4217="EUR">
                <!-- ISO-4217 lists 3 other currencies in this order -->
                <alternate iso4217="ESP"/>
                <alternate iso4217="FRF"/>
                <alternate iso4217="ADP"/>
            </currency>
        </region>
        <region iso3166="AE">
            <currency iso4217="AED"/>
        </region>
        <region iso3166="AF">
            <currency iso4217="AFN"/>
<!-- ISO-4217 says AFA.
On October 7, 2002, Afghanistan announced that it would introduce a new 
Afghani at the rate of 1 New Afghani = 1000 Rabbini Afghani = 2000 Dostumi 
Afghanis. -->
        </region>
        <region iso3166="AG">
            <currency iso4217="XCD"/>
        </region>
        <region iso3166="AI">
            <currency iso4217="XCD"/>
        </region>
        <region iso3166="AL">
            <currency iso4217="ALL"/>
        </region>
        <region iso3166="AM">
            <currency iso4217="AMD"/>
        </region>
        <region iso3166="AN">
            <currency iso4217="ANG"/>
        </region>
        <region iso3166="AO">
            <currency iso4217="AOA"/>
        </region>
        <region iso3166="AQ">
            <!-- This is Antarctica. It has no currency -->
        </region>
        <region iso3166="AR">
            <currency iso4217="ARS"/>
        </region>
        <region iso3166="AS">
            <currency iso4217="USD"/>
        </region>
        <region iso3166="AT">
            <currency iso4217="EUR">
                <alternate iso4217="ATS"/>
            </currency>
        </region>
        <region iso3166="AU">
            <currency iso4217="AUD"/>
        </region>
        <region iso3166="AW">
            <currency iso4217="AWG"/>
        </region>
        <region iso3166="AZ">
            <currency iso4217="AZM"/>
        </region>
        <region iso3166="BA">
            <currency iso4217="BAM"/>
        </region>
        <region iso3166="BB">
            <currency iso4217="BBD"/>
        </region>
        <region iso3166="BD">
            <currency iso4217="BDT"/>
        </region>
        <region iso3166="BE">
            <currency iso4217="EUR">
                <alternate iso4217="BEF"/>
            </currency>
        </region>
        <region iso3166="BF">
            <currency iso4217="XOF"/>
        </region>
        <region iso3166="BG">
            <currency iso4217="BGN"/><!-- BGL 1,000 to BGN 1 -->
            <!-- currency iso4217="BGL"/--><!-- inclusive range 01/01/1962-07/04/1999 -->
        </region>
        <region iso3166="BH">
            <currency iso4217="BHD"/>
        </region>
        <region iso3166="BI">
            <currency iso4217="BIF"/>
        </region>
        <region iso3166="BJ">
            <currency iso4217="XOF"/>
        </region>
        <region iso3166="BM">
            <currency iso4217="BMD"/>
        </region>
        <region iso3166="BN">
            <currency iso4217="BND"/>
        </region>
        <region iso3166="BO">
            <currency iso4217="BOB"/>
            <!--currency iso4217="BOV"/--><!-- Fund code -->
        </region>
        <region iso3166="BR">
            <currency iso4217="BRL"/>
        </region>
        <region iso3166="BS">
            <currency iso4217="BSD"/>
        </region>
        <region iso3166="BV">
            <currency iso4217="NOK"/>
        </region>
        <region iso3166="BW">
            <currency iso4217="BWP"/>
        </region>
        <region iso3166="BY">
            <currency iso4217="BYR"/>
        </region>
        <region iso3166="BZ">
            <currency iso4217="BZD"/>
        </region>
        <region iso3166="CA">
            <currency iso4217="CAD"/>
        </region>
        <region iso3166="CC">
            <currency iso4217="AUD"/>
        </region>
        <region iso3166="CD">
            <currency iso4217="CDF"/>
        </region>
        <region iso3166="CF">
            <currency iso4217="XAF"/>
        </region>
        <region iso3166="CG">
            <currency iso4217="XAF"/>
        </region>
        <region iso3166="CH">
            <currency iso4217="CHF"/>
        </region>
        <region iso3166="CI">
            <currency iso4217="XOF"/>
        </region>
        <region iso3166="CK">
            <currency iso4217="NZD"/>
        </region>
        <region iso3166="CL">
            <currency iso4217="CLP"/>
        </region>
        <region iso3166="CM">
            <currency iso4217="XAF"/>
        </region>
        <region iso3166="CN">
            <currency iso4217="CNY"/>
        </region>
        <region iso3166="CO">
            <currency iso4217="COP"/>
        </region>
        <region iso3166="CR">
            <currency iso4217="CRC"/>
        </region>
        <region iso3166="CU">
            <currency iso4217="CUP"/>
        </region>
        <region iso3166="CV">
            <currency iso4217="CVE"/>
        </region>
        <region iso3166="CX">
            <currency iso4217="AUD"/>
        </region>
        <region iso3166="CY">
            <currency iso4217="CYP"/>
        </region>
        <region iso3166="CZ">
            <currency iso4217="CZK"/>
        </region>
        <region iso3166="DE">
            <currency iso4217="EUR">
                <alternate iso4217="DEM"/>
            </currency>
        </region>
        <region iso3166="DJ">
            <currency iso4217="DJF"/>
        </region>
        <region iso3166="DK">
            <currency iso4217="DKK"/>
        </region>
        <region iso3166="DM">
            <currency iso4217="XCD"/>
        </region>
        <region iso3166="DO">
            <currency iso4217="DOP"/>
        </region>
        <region iso3166="DZ">
            <currency iso4217="DZD"/>
        </region>
        <region iso3166="EC">
            <currency iso4217="USD"/>
        </region>
        <region iso3166="EE">
            <currency iso4217="EEK"/>
        </region>
        <region iso3166="EG">
            <currency iso4217="EGP"/>
        </region>
        <region iso3166="EH">
            <currency iso4217="MAD"/>
        </region>
        <region iso3166="ER">
            <currency iso4217="ERN"/>
        </region>
        <region iso3166="ES">
            <currency iso4217="EUR">
                <alternate iso4217="ESP"/>
            </currency>
        </region>
        <region iso3166="ET">
            <currency iso4217="ETB"/>
        </region>
        <region iso3166="FI">
            <currency iso4217="EUR">
                <alternate iso4217="FIM"/>
            </currency>
        </region>
        <region iso3166="FJ">
            <currency iso4217="FJD"/>
        </region>
        <region iso3166="FK">
            <currency iso4217="FKP"/>
        </region>
        <region iso3166="FM">
            <currency iso4217="USD"/>
        </region>
        <region iso3166="FO">
            <currency iso4217="DKK"/>
        </region>
        <region iso3166="FR">
            <currency iso4217="EUR">
                <alternate iso4217="FRF"/>
            </currency>
        </region>
        <region iso3166="GA">
            <currency iso4217="XAF"/>
        </region>
        <region iso3166="GB">
            <currency iso4217="GBP"/>
        </region>
        <region iso3166="GD">
            <currency iso4217="XCD"/>
        </region>
        <region iso3166="GE">
            <currency iso4217="GEL"/>
        </region>
        <region iso3166="GF">
            <currency iso4217="EUR"/>
        </region>
        <region iso3166="GH">
            <currency iso4217="GHC"/>
        </region>
        <region iso3166="GI">
            <currency iso4217="GIP"/>
        </region>
        <region iso3166="GL">
            <currency iso4217="DKK"/>
        </region>
        <region iso3166="GM">
            <currency iso4217="GMD"/>
        </region>
        <region iso3166="GN">
            <currency iso4217="GNF"/>
        </region>
        <region iso3166="GP">
            <currency iso4217="EUR"/>
        </region>
        <region iso3166="GQ">
            <currency iso4217="XAF"/>
        </region>
        <region iso3166="GR">
            <currency iso4217="EUR">
                <alternate iso4217="GRD"/>
            </currency>
        </region>
        <region iso3166="GT">
            <currency iso4217="GTQ"/>
        </region>
        <region iso3166="GU">
            <currency iso4217="USD"/>
        </region>
        <region iso3166="GY">
            <currency iso4217="GYD"/>
        </region>
        <region iso3166="HK">
            <currency iso4217="HKD"/>
        </region>
        <region iso3166="HM">
            <currency iso4217="AUD"/>
        </region>
        <region iso3166="HN">
            <currency iso4217="HNL"/>
        </region>
        <region iso3166="HR">
            <currency iso4217="HRK"/>
        </region>
        <region iso3166="HU">
            <currency iso4217="HUF"/>
        </region>
        <region iso3166="ID">
            <currency iso4217="IDR"/>
        </region>
        <region iso3166="IE">
            <currency iso4217="EUR">
                <alternate iso4217="IEP"/>
            </currency>
        </region>
        <region iso3166="IL">
            <currency iso4217="ILS"/>
        </region>
        <region iso3166="IN">
            <currency iso4217="INR"/>
        </region>
        <region iso3166="IO">
            <currency iso4217="USD"/>
        </region>
        <region iso3166="IQ">
            <currency iso4217="IQD"/>
        </region>
        <region iso3166="IR">
            <currency iso4217="IRR"/>
        </region>
        <region iso3166="IS">
            <currency iso4217="ISK"/>
        </region>
        <region iso3166="IT">
            <currency iso4217="EUR">
                <alternate iso4217="ITL"/>
            </currency>
        </region>
        <region iso3166="JM">
            <currency iso4217="JMD"/>
        </region>
        <region iso3166="JO">
            <currency iso4217="JOD"/>
        </region>
        <region iso3166="JP">
            <currency iso4217="JPY"/>
        </region>
        <region iso3166="KE">
            <currency iso4217="KES"/>
        </region>
        <region iso3166="KG">
            <currency iso4217="KGS"/>
        </region>
        <region iso3166="KH">
            <currency iso4217="KHR"/>
        </region>
        <region iso3166="KI">
            <currency iso4217="AUD"/>
        </region>
        <region iso3166="KM">
            <currency iso4217="KMF"/>
        </region>
        <region iso3166="KN">
            <currency iso4217="XCD"/>
        </region>
        <region iso3166="KP">
            <currency iso4217="KPW"/>
        </region>
        <region iso3166="KR">
            <currency iso4217="KRW"/>
        </region>
        <region iso3166="KW">
            <currency iso4217="KWD"/>
        </region>
        <region iso3166="KY">
            <currency iso4217="KYD"/>
        </region>
        <region iso3166="KZ">
            <currency iso4217="KZT"/>
        </region>
        <region iso3166="LA">
            <currency iso4217="LAK"/>
        </region>
        <region iso3166="LB">
            <currency iso4217="LBP"/>
        </region>
        <region iso3166="LC">
            <currency iso4217="XCD"/>
        </region>
        <region iso3166="LI">
            <currency iso4217="CHF"/>
        </region>
        <region iso3166="LK">
            <currency iso4217="LKR"/>
        </region>
        <region iso3166="LR">
            <currency iso4217="LRD"/>
        </region>
        <region iso3166="LT">
            <currency iso4217="LTL"/>
        </region>
        <region iso3166="LU">
            <currency iso4217="EUR">
                <alternate iso4217="LUF"/>
            </currency>
        </region>
        <region iso3166="LV">
            <currency iso4217="LVL"/>
        </region>
        <region iso3166="LY">
            <currency iso4217="LYD"/>
        </region>
        <region iso3166="MA">
            <currency iso4217="MAD"/>
        </region>
        <region iso3166="MC">
            <currency iso4217="EUR"/>
        </region>
        <region iso3166="MD">
            <currency iso4217="MDL"/>
        </region>
        <region iso3166="MG">
            <currency iso4217="MGF"/>
        </region>
        <region iso3166="MH">
            <currency iso4217="USD"/>
        </region>
        <region iso3166="MK">
            <currency iso4217="MKD"/>
        </region>
        <region iso3166="ML">
            <currency iso4217="XOF"/>
        </region>
        <region iso3166="MM">
            <currency iso4217="MMK"/>
        </region>
        <region iso3166="MN">
            <currency iso4217="MNT"/>
        </region>
        <region iso3166="MO">
            <currency iso4217="MOP"/>
        </region>
        <region iso3166="MP">
            <currency iso4217="USD"/>
        </region>
        <region iso3166="MQ">
            <currency iso4217="EUR"/>
        </region>
        <region iso3166="MR">
            <currency iso4217="MRO"/>
        </region>
        <region iso3166="MS">
            <currency iso4217="XCD"/>
        </region>
        <region iso3166="MT">
            <currency iso4217="MTL"/>
        </region>
        <region iso3166="MU">
            <currency iso4217="MUR"/>
        </region>
        <region iso3166="MV">
            <currency iso4217="MVR"/>
        </region>
        <region iso3166="MW">
            <currency iso4217="MWK"/>
        </region>
        <region iso3166="MX">
            <currency iso4217="MXN"/>
        </region>
        <region iso3166="MY">
            <currency iso4217="MYR"/>
        </region>
        <region iso3166="MZ">
            <currency iso4217="MZM"/>
        </region>
        <region iso3166="NC">
            <currency iso4217="XPF"/>
        </region>
        <region iso3166="NE">
            <currency iso4217="XOF"/>
        </region>
        <region iso3166="NF">
            <currency iso4217="AUD"/>
        </region>
        <region iso3166="NG">
            <currency iso4217="NGN"/>
        </region>
        <region iso3166="NI">
            <currency iso4217="NIO"/>
        </region>
        <region iso3166="NL">
            <currency iso4217="EUR">
                <alternate iso4217="NLG"/>
            </currency>
        </region>
        <region iso3166="NO">
            <currency iso4217="NOK"/>
        </region>
        <region iso3166="NP">
            <currency iso4217="NPR"/>
        </region>
        <region iso3166="NR">
            <currency iso4217="AUD"/>
        </region>
        <region iso3166="NU">
            <currency iso4217="NZD"/>
        </region>
        <region iso3166="NZ">
            <currency iso4217="NZD"/>
        </region>
        <region iso3166="OM">
            <currency iso4217="OMR"/>
        </region>
        <region iso3166="PA">
            <currency iso4217="PAB"/>
        </region>
        <region iso3166="PE">
            <currency iso4217="PEN"/>
        </region>
        <region iso3166="PF">
            <currency iso4217="XPF"/>
        </region>
        <region iso3166="PG">
            <currency iso4217="PGK"/>
        </region>
        <region iso3166="PH">
            <currency iso4217="PHP"/>
        </region>
        <region iso3166="PK">
            <currency iso4217="PKR"/>
        </region>
        <region iso3166="PL">
            <currency iso4217="PLN"/>
        </region>
        <region iso3166="PM">
            <currency iso4217="EUR"/>
        </region>
        <region iso3166="PN">
            <currency iso4217="NZD"/>
        </region>
        <region iso3166="PR">
            <currency iso4217="USD"/>
        </region>
        <region iso3166="PT">
            <currency iso4217="EUR">
                <alternate iso4217="PTE"/>
            </currency>
        </region>
        <region iso3166="PW">
            <currency iso4217="USD"/>
        </region>
        <region iso3166="PY">
            <currency iso4217="PYG"/>
        </region>
        <region iso3166="QA">
            <currency iso4217="QAR"/>
        </region>
        <region iso3166="RE">
            <currency iso4217="EUR"/>
        </region>
        <region iso3166="RO">
            <currency iso4217="ROL"/>
        </region>
        <region iso3166="RU">
            <currency iso4217="RUR"/>
        </region>
        <region iso3166="RW">
            <currency iso4217="RWF"/>
        </region>
        <region iso3166="SA">
            <currency iso4217="SAR"/>
        </region>
        <region iso3166="SB">
            <currency iso4217="SBD"/>
        </region>
        <region iso3166="SC">
            <currency iso4217="SCR"/>
        </region>
        <region iso3166="SD">
            <currency iso4217="SDD"/>
        </region>
        <region iso3166="SE">
            <currency iso4217="SEK"/>
        </region>
        <region iso3166="SG">
            <currency iso4217="SGD"/>
        </region>
        <region iso3166="SH">
            <currency iso4217="SHP"/>
        </region>
        <region iso3166="SI">
            <currency iso4217="SIT"/>
        </region>
        <region iso3166="SJ">
            <currency iso4217="NOK"/>
        </region>
        <region iso3166="SK">
            <currency iso4217="SKK"/>
        </region>
        <region iso3166="SL">
            <currency iso4217="SLL"/>
        </region>
        <region iso3166="SM">
            <currency iso4217="EUR"/>
        </region>
        <region iso3166="SN">
            <currency iso4217="XOF"/>
        </region>
        <region iso3166="SO">
            <currency iso4217="SOS"/>
        </region>
        <region iso3166="SR">
            <currency iso4217="SRG"/>
        </region>
        <region iso3166="ST">
            <currency iso4217="STD"/>
        </region>
        <region iso3166="SV">
            <currency iso4217="SVC"/>
        </region>
        <region iso3166="SY">
            <currency iso4217="SYP"/>
        </region>
        <region iso3166="SZ">
            <currency iso4217="SZL"/>
        </region>
        <region iso3166="TC">
            <currency iso4217="USD"/>
        </region>
        <region iso3166="TD">
            <currency iso4217="XAF"/>
        </region>
        <region iso3166="TF">
            <currency iso4217="EUR"/>
        </region>
        <region iso3166="TG">
            <currency iso4217="XOF"/>
        </region>
        <region iso3166="TH">
            <currency iso4217="THB"/>
        </region>
        <region iso3166="TJ">
            <currency iso4217="TJS"/>
        </region>
        <region iso3166="TK">
            <currency iso4217="NZD"/>
        </region>
        <region iso3166="TL">
            <currency iso4217="USD"/>
        </region>
        <region iso3166="TM">
            <currency iso4217="TMM"/>
        </region>
        <region iso3166="TN">
            <currency iso4217="TND"/>
        </region>
        <region iso3166="TO">
            <currency iso4217="TOP"/>
        </region>
        <region iso3166="TR">
            <currency iso4217="TRL"/>
        </region>
        <region iso3166="TT">
            <currency iso4217="TTD"/>
        </region>
        <region iso3166="TV">
            <currency iso4217="AUD"/>
        </region>
        <region iso3166="TW">
            <currency iso4217="TWD"/>
        </region>
        <region iso3166="TZ">
            <currency iso4217="TZS"/>
        </region>
        <region iso3166="UA">
            <currency iso4217="UAH"/>
        </region>
        <region iso3166="UG">
            <currency iso4217="UGX"/>
        </region>
        <region iso3166="UM">
            <currency iso4217="USD"/>
        </region>
        <region iso3166="US">
            <currency iso4217="USD"/>
        </region>
        <region iso3166="UY">
            <currency iso4217="UYU"/>
        </region>
        <region iso3166="UZ">
            <currency iso4217="UZS"/>
        </region>
        <region iso3166="VA">
            <currency iso4217="EUR"/>
        </region>
        <region iso3166="VC">
            <currency iso4217="XCD"/>
        </region>
        <region iso3166="VE">
            <currency iso4217="VEB"/>
        </region>
        <region iso3166="VG">
            <currency iso4217="USD"/>
        </region>
        <region iso3166="VI">
            <currency iso4217="USD"/>
        </region>
        <region iso3166="VN">
            <currency iso4217="VND"/>
        </region>
        <region iso3166="VU">
            <currency iso4217="VUV"/>
        </region>
        <region iso3166="WF">
            <currency iso4217="XPF"/>
        </region>
        <region iso3166="WS">
            <currency iso4217="WST"/>
        </region>
        <region iso3166="YE">
            <currency iso4217="YER"/>
        </region>
        <region iso3166="YT">
            <currency iso4217="EUR"/>
        </region>
        <region iso3166="YU">
            <currency iso4217="YUM"/>
        </region>
        <region iso3166="ZA">
            <currency iso4217="ZAR"/>
        </region>
        <region iso3166="ZM">
            <currency iso4217="ZMK"/>
        </region>
        <region iso3166="ZW">
            <currency iso4217="ZWD"/>
        </region>
    </currencyData>
</supplementalData>
