<?xml version="1.0" encoding="UTF-8" ?>
<!DOCTYPE ldml SYSTEM "http://www.unicode.org/cldr/dtd/1.2/ldml.dtd">
<ldml >
	<identity>
		<version number="1.2"/>
		<generation date="2004-08-27"/>
		<language type="sv"/>
		<territory type="SE"/>
	</identity>
	<numbers>
			<percentFormats>
				<percentFormatLength>
					<percentFormat>
						<pattern references="Svenska skrivregler (ISBN 47-04974-X) p.186">#,##0 %</pattern>
					</percentFormat>
				</percentFormatLength>
			</percentFormats>
		<currencyFormats>
			<currencyFormatLength>
				<currencyFormat>
					<pattern>#,##0.00 ¤;-#,##0.00 ¤</pattern>
				</currencyFormat>
			</currencyFormatLength>
		</currencyFormats>
	</numbers>
</ldml>

