<?xml version="1.0" encoding="UTF-8" ?>
<!DOCTYPE ldml SYSTEM "http://www.unicode.org/cldr/dtd/1.2/ldml.dtd">
<ldml >
	<identity>
		<version number="1.2"/>
		<generation date="2004-08-27"/>
		<language type="sw"/>
	</identity>
	<localeDisplayNames>
		<languages>
			<language type="sw">Kiswahili</language>
		</languages>
		<territories>
			<territory type="AE">Muugano wa Falme za Nchi za Kiarabu</territory>
			<territory type="AG">Antigua na Barbuda</territory>
			<territory type="AR">Ajentina</territory>
			<territory type="BA">Bosnia na Herzegowina</territory>
			<territory type="BE">Ubelgiji</territory>
			<territory type="BR">Brazili</territory>
			<territory type="BS">Visiwa vya Bahama</territory>
			<territory type="CA">Kanada</territory>
			<territory type="CF">Jamhuri ya Afrika ya Kati</territory>
			<territory type="CG">Kongo</territory>
			<territory type="CH">Uswisi</territory>
			<territory type="CI">Pwani ya Pembe</territory>
			<territory type="CM">Kamerun</territory>
			<territory type="CN">Uchina</territory>
			<territory type="CO">Kolombia</territory>
			<territory type="CV">Rasi Verde</territory>
			<territory type="CZ">Jamhuri ya Czech</territory>
			<territory type="DE">Udachi</territory>
			<territory type="DJ">Jibuti</territory>
			<territory type="DK">Udenmarki</territory>
			<territory type="DM">Dominika</territory>
			<territory type="DO">Jamhuri ya Dominikan</territory>
			<territory type="EC">Ekvado</territory>
			<territory type="EG">Misri</territory>
			<territory type="ES">Uhispania</territory>
			<territory type="ET">Uhabeshi</territory>
			<territory type="FR">Ufaransa</territory>
			<territory type="GB">Uingereza</territory>
			<territory type="GQ">Guinea ya Ikweta</territory>
			<territory type="HR">Kroatia</territory>
			<territory type="HU">Hungaria</territory>
			<territory type="IL">Uyahudi</territory>
			<territory type="IN">Uhindi</territory>
			<territory type="IQ">Iraki</territory>
			<territory type="IR">Uajemi</territory>
			<territory type="IS">Barafu</territory>
			<territory type="IT">Uitaliani</territory>
			<territory type="JM">Jamaika</territory>
			<territory type="JP">Ujapani</territory>
			<territory type="KE">Kenya</territory>
			<territory type="KH">Kampuchea</territory>
			<territory type="KM">Visiwa vya Komoro</territory>
			<territory type="KN">Saint Kitts na Nevis</territory>
			<territory type="KP">Korea ya Kaskazini</territory>
			<territory type="KR">Korea ya Kusini</territory>
			<territory type="LU">Luksemburg</territory>
			<territory type="MA">Moroko</territory>
			<territory type="MC">Monako</territory>
			<territory type="MH">Visiwa vya Marshall</territory>
			<territory type="MX">Meksiko</territory>
			<territory type="MY">Malasya</territory>
			<territory type="MZ">Msumbiji</territory>
			<territory type="NI">Nikaragua</territory>
			<territory type="NL">Uholanzi</territory>
			<territory type="NO">Unorwe</territory>
			<territory type="NP">Nepali</territory>
			<territory type="PG">Papua Guinea Mpya</territory>
			<territory type="PH">Filipino</territory>
			<territory type="PT">Ureno</territory>
			<territory type="PY">Paragwai</territory>
			<territory type="RU">Urusi</territory>
			<territory type="SA">Arabuni Saudi</territory>
			<territory type="SB">Visiwa vya Solomon</territory>
			<territory type="SC">Visiwa vya Shelisheli</territory>
			<territory type="SE">Uswidi</territory>
			<territory type="SO">Somali</territory>
			<territory type="ST">Sao Tome na Principe</territory>
			<territory type="TD">Chadi</territory>
			<territory type="TL">Timor ya Mashariki</territory>
			<territory type="TR">Uturuki</territory>
			<territory type="TT">Trinidad na Tobago</territory>
			<territory type="TZ">Tanzania</territory>
			<territory type="US">Muungano wa Nchi za Amerika</territory>
			<territory type="UY">Urugwai</territory>
			<territory type="VA">Vatikano</territory>
			<territory type="VC">Saint Vincent na Grenadines</territory>
			<territory type="YE">Yemeni</territory>
			<territory type="ZA">Afrika ya Kusini</territory>
		</territories>
	</localeDisplayNames>
	<characters>
		<exemplarCharacters>[a-z]</exemplarCharacters>
	</characters>
	<dates>
		<calendars>
			<calendar type="gregorian">
				<months>
					<monthContext type="format">
						<monthWidth type="abbreviated">
							<month type="1">Jan</month>
							<month type="2">Feb</month>
							<month type="3">Mar</month>
							<month type="4">Apr</month>
							<month type="5">Mei</month>
							<month type="6">Jun</month>
							<month type="7">Jul</month>
							<month type="8">Ago</month>
							<month type="9">Sep</month>
							<month type="10">Okt</month>
							<month type="11">Nov</month>
							<month type="12">Des</month>
						</monthWidth>
						<monthWidth type="wide">
							<month type="1">Januari</month>
							<month type="2">Februari</month>
							<month type="3">Machi</month>
							<month type="4">Aprili</month>
							<month type="5">Mei</month>
							<month type="6">Juni</month>
							<month type="7">Julai</month>
							<month type="8">Agosti</month>
							<month type="9">Septemba</month>
							<month type="10">Oktoba</month>
							<month type="11">Novemba</month>
							<month type="12">Desemba</month>
						</monthWidth>
					</monthContext>
				</months>
				<days>
					<dayContext type="format">
						<dayWidth type="abbreviated">
							<day type="sun">Jpi</day>
							<day type="mon">Jtt</day>
							<day type="tue">Jnn</day>
							<day type="wed">Jtn</day>
							<day type="thu">Alh</day>
							<day type="fri">Iju</day>
							<day type="sat">Jmo</day>
						</dayWidth>
						<dayWidth type="wide">
							<day type="sun">Jumapili</day>
							<day type="mon">Jumatatu</day>
							<day type="tue">Jumanne</day>
							<day type="wed">Jumatano</day>
							<day type="thu">Alhamisi</day>
							<day type="fri">Ijumaa</day>
							<day type="sat">Jumamosi</day>
						</dayWidth>
					</dayContext>
				</days>
				<week>
					<firstDay day="sat"/>
				</week>
				<eras>
					<eraAbbr>
						<era type="0">KK</era>
						<era type="1">BK</era>
					</eraAbbr>
				</eras>
			</calendar>
		</calendars>
		<timeZoneNames>
			<zone type="Africa/Nairobi">
				<long>
					<standard>Saa za Africa Mashariki</standard>
					<daylight>Saa za Africa Mashariki</daylight>
				</long>
				<short>
					<standard>EAT</standard>
					<daylight>EAT</daylight>
				</short>
				<exemplarCity>Nairobi</exemplarCity>
			</zone>
		</timeZoneNames>
	</dates>
	<numbers>
		<currencies>
			<currency type="KES">
				<displayName>KES</displayName>
				<symbol>KSh</symbol>
			</currency>
			<currency type="TZS">
				<displayName>TZS</displayName>
				<symbol>TSh</symbol>
			</currency>
		</currencies>
	</numbers>
</ldml>
<!-- Old Comments. See root.xml for more info.
URL: http://oss.software.ibm.com/cvs/icu/icu/source/data/locales/sw.txt?only_with_tag=final-update-LDML

Date        Name        Description
10/23/2000  grhoten     Initial version (source http://www.yale.edu/swahili/)
Many of these names came from www.geonames.de
CS { "Serbiya da Montenegro" }
        IL { "Uyahudi" } // This could be Israeli instead
        IR { "Uajemi" } // This could be Iran instead
MG { "Madagascar" } // Could also be Buki or Malagasi
            "Saa za Africa Mashariki",  // East African Time
      "Latn",  // ISO 15924 Name
NumberElements{}
AmPmMarkers{}
localPatternChars{}
Currency display names
-->

