<?xml version="1.0" encoding="UTF-8" ?>
<!DOCTYPE ldml SYSTEM "http://www.unicode.org/cldr/dtd/1.2/ldml.dtd">
<ldml >
	<identity>
		<version number="1.2"/>
		<generation date="2004-08-27"/>
		<language type="te"/>
	</identity>
	<localeDisplayNames>
		<languages>
			<language type="te">తెలుగు</language>
		</languages>
		<territories>
			<territory type="IN">భారత దేళ౦</territory>
		</territories>
	</localeDisplayNames>
	<characters>
		<exemplarCharacters>[[:Telu:]‌‍]</exemplarCharacters>
	</characters>
	<dates>
		<calendars>
			<calendar type="gregorian">
				<months>
					<monthContext type="format">
						<monthWidth type="abbreviated">
							<month type="1">జనవరి</month>
							<month type="2">ఫిబ్రవరి</month>
							<month type="3">మార్చి</month>
							<month type="4">ఏప్రిల్</month>
							<month type="5">మే</month>
							<month type="6">జూన్</month>
							<month type="7">జూలై</month>
							<month type="8">ఆగస్టు</month>
							<month type="9">సెప్టెంబర్</month>
							<month type="10">అక్టోబర్</month>
							<month type="11">నవంబర్</month>
							<month type="12">డిసెంబర్</month>
						</monthWidth>
						<monthWidth type="wide">
							<month type="1">జనవరి</month>
							<month type="2">ఫిబ్రవరి</month>
							<month type="3">మార్చి</month>
							<month type="4">ఏప్రిల్</month>
							<month type="5">మే</month>
							<month type="6">జూన్</month>
							<month type="7">జూలై</month>
							<month type="8">ఆగస్టు</month>
							<month type="9">సెప్టెంబర్</month>
							<month type="10">అక్టోబర్</month>
							<month type="11">నవంబర్</month>
							<month type="12">డిసెంబర్</month>
						</monthWidth>
					</monthContext>
				</months>
				<days>
					<dayContext type="format">
						<dayWidth type="abbreviated">
							<day type="sun">ఆది</day>
							<day type="mon">సోమ</day>
							<day type="tue">మంగళ</day>
							<day type="wed">బుధ</day>
							<day type="thu">గురు</day>
							<day type="fri">శుక్ర</day>
							<day type="sat">శని</day>
						</dayWidth>
						<dayWidth type="wide">
							<day type="sun">ఆదివారం</day>
							<day type="mon">సోమవారం</day>
							<day type="tue">మంగళవారం</day>
							<day type="wed">బుధవారం</day>
							<day type="thu">గురువారం</day>
							<day type="fri">శుక్రవారం</day>
							<day type="sat">శనివారం</day>
						</dayWidth>
					</dayContext>
				</days>
				<am>పూర్వాహ్న</am>
				<pm>అపరాహ్న</pm>
			</calendar>
		</calendars>
	</dates>
	<numbers>
		<symbols>
			<nativeZeroDigit>౦</nativeZeroDigit>
		</symbols>
		<currencies>
			<currency type="INR">
				<symbol>రూ.</symbol>
			</currency>
		</currencies>
	</numbers>
	<posix draft="true">
		<messages>
			<yesstr>అ;వ;న;ు</yesstr>
			<nostr>క;ా;ద;ు</nostr>
			<yesexpr>అ;వ;న;ు</yesexpr>
			<noexpr>క;ా;ద;ు</noexpr>
		</messages>
	</posix>
</ldml>
<!-- Old Comments. See root.xml for more info.
URL: http://oss.software.ibm.com/cvs/icu/icu/source/data/locales/te.txt?only_with_tag=final-update-LDML

Telugu Locale. Data by Ram [ram@jtcsv.com]
Currency display names
        "Telu",  // ISO 15924 Name 
Eras{}
localPatternChars{}
-->

