<?xml version="1.0" encoding="UTF-8" ?>
<!DOCTYPE ldml SYSTEM "http://www.unicode.org/cldr/dtd/1.2/ldml.dtd">
<ldml >
	<identity>
		<version number="1.2"/>
		<generation date="2004-08-27"/>
		<language type="th"/>
	</identity>
	<localeDisplayNames>
		<languages>
			<language type="aa">อาฟา</language>
			<language type="ab">แอบกาเซีย</language>
			<language type="af">แอฟริกัน</language>
			<language type="am">อัมฮาริค</language>
			<language type="ar">อาราบิค</language>
			<language type="as">อัสสัมมิส</language>
			<language type="ay">ไอมารา</language>
			<language type="az">อาเซอร์ไบจานี</language>
			<language type="ba">บาสช์กีร์</language>
			<language type="be">บายโลรัสเซีย</language>
			<language type="bg">บัลแกเรีย</language>
			<language type="bh">บิฮารี</language>
			<language type="bi">บิสลามา</language>
			<language type="bn">เบนการี</language>
			<language type="bo">ทิเบต</language>
			<language type="br">บรีทัน</language>
			<language type="ca">แคตาแลน</language>
			<language type="co">คอร์ซิกา</language>
			<language type="cs">เช็ค</language>
			<language type="cy">เวลส์</language>
			<language type="da">เดนมาร์ก</language>
			<language type="de">เยอรมัน</language>
			<language type="dz">ภูฐานี</language>
			<language type="el">กรีก</language>
			<language type="en">อังกฤษ</language>
			<language type="eo">เอสเปอรันโต</language>
			<language type="es">สเปน</language>
			<language type="et">เอสโตเนีย</language>
			<language type="eu">แบสก์</language>
			<language type="fa">เปอร์เซีย</language>
			<language type="fi">ฟิน</language>
			<language type="fj">ฟิจิ</language>
			<language type="fo">ฟาโรส</language>
			<language type="fr">ฝรั่งเศส</language>
			<language type="fy">ฟรีสแลนด์</language>
			<language type="ga">ไอริช</language>
			<language type="gd">สก็อตส์เกลิค</language>
			<language type="gl">กะลีเชีย</language>
			<language type="gn">กัวรานี</language>
			<language type="gu">กูจาราติ</language>
			<language type="ha">โฮซา</language>
			<language type="he">ฮิบรู</language>
			<language type="hi">ฮินดี</language>
			<language type="hr">โครเอเทีย</language>
			<language type="hu">ฮังการี</language>
			<language type="hy">อาร์มีเนีย</language>
			<language type="ia">อินเตอร์ลิงกวา</language>
			<language type="id">อินโดนีเชีย</language>
			<language type="ie">อินเตอร์ลิงค์</language>
			<language type="ik">ไอนูเปียก</language>
			<language type="is">ไอซ์แลนด์ดิค</language>
			<language type="it">อิตาลี</language>
			<language type="iu">ไอนุกติตัท</language>
			<language type="ja">ญี่ปุ่น</language>
			<language type="jv">ชวา</language>
			<language type="ka">จอร์เจียน</language>
			<language type="kk">คาซัค</language>
			<language type="kl">กรีนแลนด์ดิค</language>
			<language type="km">เขมร</language>
			<language type="kn">กานาดา</language>
			<language type="ko">เกาหลี</language>
			<language type="ks">คัชมีรี</language>
			<language type="ku">เคิด</language>
			<language type="ky">เคอร์กิซ</language>
			<language type="la">ละติน</language>
			<language type="ln">ลิงกาลา</language>
			<language type="lo">ลาว</language>
			<language type="lt">ลิธัวเนีย</language>
			<language type="lv">แลตเวีย (เลททิสช์)</language>
			<language type="mg">มาลากาซี</language>
			<language type="mi">เมารี</language>
			<language type="mk">แมซีโดเนีย</language>
			<language type="ml">มาลายาลัม</language>
			<language type="mn">มองโกล</language>
			<language type="mo">โมดาเวีย</language>
			<language type="mr">มาราที</language>
			<language type="ms">มลายู</language>
			<language type="mt">มอลตา</language>
			<language type="my">พม่า</language>
			<language type="na">นอรู</language>
			<language type="ne">เนปาล</language>
			<language type="nl">ฮอลันดา</language>
			<language type="no">นอร์เวย์</language>
			<language type="oc">ออกซิทัน</language>
			<language type="om">โอโรโม (อาฟาน)</language>
			<language type="or">โอริยา</language>
			<language type="pa">ปัญจาป</language>
			<language type="pl">โปแลนด์</language>
			<language type="ps">พาสช์โต (พุสช์โต)</language>
			<language type="pt">โปรตุเกส</language>
			<language type="qu">คิวชัว</language>
			<language type="rm">เรโต-โรแมนซ์</language>
			<language type="rn">คิรันดี</language>
			<language type="ro">โรมัน</language>
			<language type="ru">รัสเซีย</language>
			<language type="rw">คินยาวันดา</language>
			<language type="sa">สันสกฤต</language>
			<language type="sd">ซินดิ</language>
			<language type="sg">สันโค</language>
			<language type="sh">เซอร์โบ-โครเอเทียน</language>
			<language type="si">สิงหล</language>
			<language type="sk">สโลวัค</language>
			<language type="sl">สโลเวเนีย</language>
			<language type="sm">ซามัว</language>
			<language type="sn">โซนา</language>
			<language type="so">โซมาลี</language>
			<language type="sq">แอลเบเนีย</language>
			<language type="sr">เซอร์เบีย</language>
			<language type="ss">ซีสวาติ</language>
			<language type="st">เซโสโท</language>
			<language type="su">ซันดานีส</language>
			<language type="sv">สวีเดน</language>
			<language type="sw">ซวาฮิรี</language>
			<language type="ta">ทมิฬ</language>
			<language type="te">ทิลูกู</language>
			<language type="tg">ทาจิค</language>
			<language type="th">ไทย</language>
			<language type="ti">ทิกรินยา</language>
			<language type="tk">เติร์กเมน</language>
			<language type="tl">ตากาล็อก</language>
			<language type="tn">เซตสวานา</language>
			<language type="to">ทองก้า</language>
			<language type="tr">ตุรกี</language>
			<language type="ts">ซองกา</language>
			<language type="tt">ตาด</language>
			<language type="tw">ทวี</language>
			<language type="ug">อุยกัว</language>
			<language type="uk">ยูเครน</language>
			<language type="ur">อิรดู</language>
			<language type="uz">อุสเบค</language>
			<language type="vi">เวียดนาม</language>
			<language type="vo">โวลาพุก</language>
			<language type="wo">วูลอฟ</language>
			<language type="xh">โซสา</language>
			<language type="yi">ยีดิช</language>
			<language type="yo">โยรูบา</language>
			<language type="za">จวง</language>
			<language type="zh">จีน</language>
			<language type="zu">ซูลู</language>
		</languages>
		<territories>
			<territory type="AD">อันดอร์รา</territory>
			<territory type="AE">สหรัฐอาหรับเอมิเรตส์</territory>
			<territory type="AF">อัฟกานิสถาน</territory>
			<territory type="AG">แอนติกาและบาร์บูดา</territory>
			<territory type="AI">อันกิล่า</territory>
			<territory type="AL">แอลเบเนีย</territory>
			<territory type="AM">อาร์เมเนีย</territory>
			<territory type="AN">เนเฮอร์แลนด์แอนทิลลิส</territory>
			<territory type="AO">แองโกลา</territory>
			<territory type="AQ">แอนตาร์กติกา</territory>
			<territory type="AR">อาร์เจนตินา</territory>
			<territory type="AT">ออสเตรีย</territory>
			<territory type="AU">ออสเตรเลีย</territory>
			<territory type="AW">อารูบา</territory>
			<territory type="AZ">อาเซอร์ไบจาน</territory>
			<territory type="BA">บอสเนียและเฮอร์เซโกวีนา</territory>
			<territory type="BB">บาร์เบโดส</territory>
			<territory type="BD">บังคลาเทศ</territory>
			<territory type="BE">เบลเยียม</territory>
			<territory type="BF">บูร์กินาฟาโซ</territory>
			<territory type="BG">บัลแกเรีย</territory>
			<territory type="BH">บาห์เรน</territory>
			<territory type="BI">บุรุนดี</territory>
			<territory type="BJ">เบนิน</territory>
			<territory type="BM">เบอร์มิวด้า</territory>
			<territory type="BN">บรูไน</territory>
			<territory type="BO">โบลิเวีย</territory>
			<territory type="BR">บราซิล</territory>
			<territory type="BS">บาฮามาส</territory>
			<territory type="BT">ภูฐาน</territory>
			<territory type="BW">บอตสวานา</territory>
			<territory type="BY">เบลารุส</territory>
			<territory type="BZ">เบลีช</territory>
			<territory type="CA">แคนาดา</territory>
			<territory type="CF">สาธารณรัฐแอฟริกากลาง</territory>
			<territory type="CG">คองโก</territory>
			<territory type="CH">สวิตเซอร์แลนด์</territory>
			<territory type="CI">โกตดิวัวร์</territory>
			<territory type="CL">ชิลี</territory>
			<territory type="CM">แคเมอรูน</territory>
			<territory type="CN">จีน</territory>
			<territory type="CO">โคลัมเบีย</territory>
			<territory type="CR">คอสตาริกา</territory>
			<territory type="CU">คิวบา</territory>
			<territory type="CV">เคปเวิร์ด</territory>
			<territory type="CY">ไซปรัส</territory>
			<territory type="CZ">สาธารณรัฐเช็ก</territory>
			<territory type="DE">เยอรมนี</territory>
			<territory type="DJ">จิบูตี</territory>
			<territory type="DK">เดนมาร์ก</territory>
			<territory type="DM">โดมินิกา</territory>
			<territory type="DO">สาธารณรัฐโดมินิกัน</territory>
			<territory type="DZ">แอลจีเรีย</territory>
			<territory type="EC">เอกวาดอร์</territory>
			<territory type="EE">เอสโตเนีย</territory>
			<territory type="EG">อียิปต์</territory>
			<territory type="EH">ซาฮาราตะวันตก</territory>
			<territory type="ER">เอริเทรีย</territory>
			<territory type="ES">สเปน</territory>
			<territory type="ET">เอธิโอเปีย</territory>
			<territory type="FI">ฟินแลนด์</territory>
			<territory type="FJ">ฟิจิ</territory>
			<territory type="FK">หมู่เกาะฟอล์คแลนด์</territory>
			<territory type="FM">ไมโครนีเซีย</territory>
			<territory type="FR">ฝรั่งเศส</territory>
			<territory type="GA">กาบอง</territory>
			<territory type="GD">เกรนาดา</territory>
			<territory type="GE">จอร์เจีย</territory>
			<territory type="GF">เฟรนช์กีอานา</territory>
			<territory type="GH">กาน่า</territory>
			<territory type="GL">กรีนแลนด์</territory>
			<territory type="GM">แกมเบีย</territory>
			<territory type="GN">กินี</territory>
			<territory type="GP">กัวเดอลูป</territory>
			<territory type="GQ">อิเควทอเรียลกินี</territory>
			<territory type="GR">กรีซ</territory>
			<territory type="GT">กัวเตมาลา</territory>
			<territory type="GW">กินี-บิสเซา</territory>
			<territory type="GY">กายานา</territory>
			<territory type="HK">ฮ่องกง เขตปกครองพิเศษประเทศจีน</territory>
			<territory type="HN">ฮอนดูรัส</territory>
			<territory type="HR">โครเอเชีย</territory>
			<territory type="HT">เฮติ</territory>
			<territory type="HU">ฮังการี</territory>
			<territory type="ID">อินโดนีเซีย</territory>
			<territory type="IE">ไอร์แลนด์</territory>
			<territory type="IL">อิสราเอล</territory>
			<territory type="IN">อินเดีย</territory>
			<territory type="IQ">อิรัก</territory>
			<territory type="IR">อิหร่าน</territory>
			<territory type="IS">ไอซ์แลนด์</territory>
			<territory type="IT">อิตาลี</territory>
			<territory type="JM">จาเมกา</territory>
			<territory type="JO">จอร์แดน</territory>
			<territory type="JP">ญี่ปุ่น</territory>
			<territory type="KE">เคนยา</territory>
			<territory type="KG">คีร์กิซสถาน</territory>
			<territory type="KH">กัมพูชา</territory>
			<territory type="KI">คิริบาส</territory>
			<territory type="KM">คอโมโรส</territory>
			<territory type="KP">เกาหลีเหนือ</territory>
			<territory type="KR">เกาหลีใต้</territory>
			<territory type="KW">คูเวต</territory>
			<territory type="KY">หมู่เกาะเคย์แมน</territory>
			<territory type="KZ">คาซัคสถาน</territory>
			<territory type="LA">ลาว</territory>
			<territory type="LB">เลบานอน</territory>
			<territory type="LI">ลิกเตนสไตน์</territory>
			<territory type="LK">ศรีลังกา</territory>
			<territory type="LR">ไลบีเรีย</territory>
			<territory type="LS">เลโซโท</territory>
			<territory type="LT">ลิทัวเนีย</territory>
			<territory type="LU">ลักเซมเบิร์ก</territory>
			<territory type="LV">ลัตเวีย</territory>
			<territory type="LY">ลิเบีย</territory>
			<territory type="MA">โมร็อกโก</territory>
			<territory type="MC">โมนาโก</territory>
			<territory type="MD">มอลโดวา</territory>
			<territory type="MG">มาดากัสการ์</territory>
			<territory type="MK">มาซิโดเนีย</territory>
			<territory type="ML">มาลี</territory>
			<territory type="MM">พม่า</territory>
			<territory type="MN">มองโกเลีย</territory>
			<territory type="MO">มาเก๊า เขตปกครองพิเศษประเทศจีน</territory>
			<territory type="MQ">มาร์ตินีก</territory>
			<territory type="MR">มอริเตเนีย</territory>
			<territory type="MS">มอนต์เซร์แร็ต</territory>
			<territory type="MT">มอลตา</territory>
			<territory type="MU">มอริเชียส</territory>
			<territory type="MW">มาลาวี</territory>
			<territory type="MX">เม็กซิโก</territory>
			<territory type="MY">มาเลเซีย</territory>
			<territory type="MZ">โมแซมบิค</territory>
			<territory type="NA">นามิเบีย</territory>
			<territory type="NC">นิวแคลีโดเนีย</territory>
			<territory type="NE">ไนเจอร์</territory>
			<territory type="NG">ไนจีเรีย</territory>
			<territory type="NI">นิคารากัว</territory>
			<territory type="NL">เนเธอร์แลนด์</territory>
			<territory type="NO">นอร์เวย์</territory>
			<territory type="NP">เนปาล</territory>
			<territory type="NU">นียู</territory>
			<territory type="NZ">นิวซีแลนด์</territory>
			<territory type="OM">โอมาน</territory>
			<territory type="PA">ปานามา</territory>
			<territory type="PE">เปรู</territory>
			<territory type="PF">เฟรนช์โพลีนีเซีย</territory>
			<territory type="PG">ปาปัวนิวกินี</territory>
			<territory type="PH">ฟิลิปปินส์</territory>
			<territory type="PK">ปากีสถาน</territory>
			<territory type="PL">โปแลนด์</territory>
			<territory type="PR">เปอร์โตริโก</territory>
			<territory type="PT">โปรตุเกส</territory>
			<territory type="PY">ปารากวัย</territory>
			<territory type="QA">กาตาร์</territory>
			<territory type="RO">โรมาเนีย</territory>
			<territory type="RU">รัสเซีย</territory>
			<territory type="RW">รวันดา</territory>
			<territory type="SB">หมู่เกาะโซโลมอน</territory>
			<territory type="SC">เซเชลส์</territory>
			<territory type="SD">ซูดาน</territory>
			<territory type="SE">สวีเดน</territory>
			<territory type="SG">สิงคโปร์</territory>
			<territory type="SI">สโลวีเนีย</territory>
			<territory type="SK">สโลวาเกีย</territory>
			<territory type="SL">เซียร์ราลีโอน</territory>
			<territory type="SM">ซานมารีโน</territory>
			<territory type="SN">เซเนกัล</territory>
			<territory type="SO">โซมาเลีย</territory>
			<territory type="SP">เซอร์เบีย</territory>
			<territory type="SR">สุรินัม</territory>
			<territory type="SV">เอลซัลวาดอร์</territory>
			<territory type="SY">ซีเรีย</territory>
			<territory type="SZ">สวาซิแลนด์</territory>
			<territory type="TD">ชาด</territory>
			<territory type="TF">อาณาเขตทางใต้ของฝรั่งเศส</territory>
			<territory type="TG">โตโก</territory>
			<territory type="TH">ประเทศไทย</territory>
			<territory type="TJ">ทาจิกิสถาน</territory>
			<territory type="TK">โทกิโล</territory>
			<territory type="TL">ติมอร์ตะวันออก</territory>
			<territory type="TM">เติร์กเมนิสถาน</territory>
			<territory type="TN">ตูนิเซีย</territory>
			<territory type="TO">ตองกา</territory>
			<territory type="TR">ตุรกี</territory>
			<territory type="TT">ตรินิแดดและโตเบโก</territory>
			<territory type="TW">ไต้หวัน</territory>
			<territory type="TZ">ทานซาเนีย</territory>
			<territory type="UA">ยูเครน</territory>
			<territory type="UG">อูกานดา</territory>
			<territory type="US">สหรัฐอเมริกา</territory>
			<territory type="UY">อุรุกวัย</territory>
			<territory type="UZ">อุซเบกิสถาน</territory>
			<territory type="VC">เซนต์วินเซนต์และเกรนาดีนส์</territory>
			<territory type="VE">เวเนซุเอลา</territory>
			<territory type="VG">บริทิชเวอร์จินไอส์แลนด์</territory>
			<territory type="VI">ยูเอสเวอร์จินไอส์แลนด์</territory>
			<territory type="VN">เวียดนาม</territory>
			<territory type="VU">วานูอาตู</territory>
			<territory type="WS">ซามัว</territory>
			<territory type="YE">เยเมน</territory>
			<territory type="YT">มายอต</territory>
			<territory type="YU">ยูโกสลาเวีย</territory>
			<territory type="ZA">แอฟริกาใต้</territory>
			<territory type="ZM">แซมเบีย</territory>
			<territory type="ZW">ซิมบาบเว</territory>
		</territories>
	</localeDisplayNames>
	<characters>
		<exemplarCharacters>[ก-ฺเ-๎]</exemplarCharacters>
	</characters>
	<dates>
		<localizedPatternChars>GanjkHmsSEDFwWxhKzAeugXZ</localizedPatternChars>
		<calendars>
			<calendar type="buddhist">
				<eras>
					<eraAbbr>
						<era type="0">พ.ศ.</era>
					</eraAbbr>
				</eras>
				<dateFormats>
					<dateFormatLength type="full">
						<dateFormat>
							<pattern>EEEE'ที่ 'd MMMM G yyyy</pattern>
						</dateFormat>
					</dateFormatLength>
					<dateFormatLength type="long">
						<dateFormat>
							<pattern>d MMMM yyyy</pattern>
						</dateFormat>
					</dateFormatLength>
					<dateFormatLength type="medium">
						<dateFormat>
							<pattern>d MMM yyyy</pattern>
						</dateFormat>
					</dateFormatLength>
					<dateFormatLength type="short">
						<dateFormat>
							<pattern>d/M/yyyy</pattern>
						</dateFormat>
					</dateFormatLength>
				</dateFormats>
				<timeFormats>
					<timeFormatLength type="full">
						<timeFormat>
							<pattern>H' นาฬิกา 'm' นาที 'ss' วินาที'</pattern>
						</timeFormat>
					</timeFormatLength>
					<timeFormatLength type="long">
						<timeFormat>
							<pattern>H' นาฬิกา 'm' นาที'</pattern>
						</timeFormat>
					</timeFormatLength>
					<timeFormatLength type="medium">
						<timeFormat>
							<pattern>H:mm:ss</pattern>
						</timeFormat>
					</timeFormatLength>
					<timeFormatLength type="short">
						<timeFormat>
							<pattern>H:mm</pattern>
              <pattern alt="proposed" draft="true">h:mm a</pattern>
						</timeFormat>
					</timeFormatLength>
				</timeFormats>
				<dateTimeFormats>
					<dateTimeFormatLength>
						<dateTimeFormat>
							<pattern>{1}, {0}</pattern>
						</dateTimeFormat>
					</dateTimeFormatLength>
				</dateTimeFormats>
			</calendar>
			<calendar type="gregorian">
				<months>
					<monthContext type="format">
						<monthWidth type="abbreviated">
							<month type="1">ม.ค.</month>
							<month type="2">ก.พ.</month>
							<month type="3">มี.ค.</month>
							<month type="4">เม.ย.</month>
							<month type="5">พ.ค.</month>
							<month type="6">มิ.ย.</month>
							<month type="7">ก.ค.</month>
							<month type="8">ส.ค.</month>
							<month type="9">ก.ย.</month>
							<month type="10">ต.ค.</month>
							<month type="11">พ.ย.</month>
							<month type="12">ธ.ค.</month>
						</monthWidth>
						<monthWidth type="wide">
							<month type="1">มกราคม</month>
							<month type="2">กุมภาพันธ์</month>
							<month type="3">มีนาคม</month>
							<month type="4">เมษายน</month>
							<month type="5">พฤษภาคม</month>
							<month type="6">มิถุนายน</month>
							<month type="7">กรกฎาคม</month>
							<month type="8">สิงหาคม</month>
							<month type="9">กันยายน</month>
							<month type="10">ตุลาคม</month>
							<month type="11">พฤศจิกายน</month>
							<month type="12">ธันวาคม</month>
						</monthWidth>
					</monthContext>
				</months>
				<days>
					<dayContext type="format">
						<dayWidth type="abbreviated">
							<day type="sun">อา.</day>
							<day type="mon">จ.</day>
							<day type="tue">อ.</day>
							<day type="wed">พ.</day>
							<day type="thu">พฤ.</day>
							<day type="fri">ศ.</day>
							<day type="sat">ส.</day>
						</dayWidth>
						<dayWidth type="wide">
							<day type="sun">วันอาทิตย์</day>
							<day type="mon">วันจันทร์</day>
							<day type="tue">วันอังคาร</day>
							<day type="wed">วันพุธ</day>
							<day type="thu">วันพฤหัสบดี</day>
							<day type="fri">วันศุกร์</day>
							<day type="sat">วันเสาร์</day>
						</dayWidth>
					</dayContext>
				</days>
				<am>ก่อนเที่ยง</am>
				<pm>หลังเที่ยง</pm>
				<eras>
					<eraAbbr>
						<era type="0">ปีก่อนคริสต์กาลที่</era>
						<era type="1">ค.ศ.</era>
					</eraAbbr>
				</eras>
				<dateFormats>
					<dateFormatLength type="full">
						<dateFormat>
							<pattern>EEEE'ที่ 'd MMMM G yyyy</pattern>
						</dateFormat>
					</dateFormatLength>
					<dateFormatLength type="long">
						<dateFormat>
							<pattern>d MMMM yyyy</pattern>
						</dateFormat>
					</dateFormatLength>
					<dateFormatLength type="medium">
						<dateFormat>
							<pattern>d MMM yyyy</pattern>
						</dateFormat>
					</dateFormatLength>
					<dateFormatLength type="short">
						<dateFormat>
							<pattern>d/M/yyyy</pattern>
						</dateFormat>
					</dateFormatLength>
				</dateFormats>
				<timeFormats>
					<timeFormatLength type="full">
						<timeFormat>
							<pattern>H' นาฬิกา 'm' นาที 'ss' วินาที'</pattern>
						</timeFormat>
					</timeFormatLength>
					<timeFormatLength type="long">
						<timeFormat>
							<pattern>H' นาฬิกา 'm' นาที'</pattern>
						</timeFormat>
					</timeFormatLength>
					<timeFormatLength type="medium">
						<timeFormat>
							<pattern>H:mm:ss</pattern>
						</timeFormat>
					</timeFormatLength>
					<timeFormatLength type="short">
						<timeFormat>
							<pattern>H:mm</pattern>
						</timeFormat>
					</timeFormatLength>
				</timeFormats>
				<dateTimeFormats>
					<dateTimeFormatLength>
						<dateTimeFormat>
							<pattern>{1}, {0}</pattern>
						</dateTimeFormat>
					</dateTimeFormatLength>
				</dateTimeFormats>
			</calendar>
		</calendars>
	</dates>
	<numbers>
		<currencies>
			<currency type="THB">
				<displayName>บาท</displayName>
				<symbol>฿</symbol>
			</currency>
		</currencies>
	</numbers>
	<posix>
		<messages>
			<yesstr>ใช่</yesstr>
			<nostr>ไม่ใช่</nostr>
			<yesexpr>ใช่</yesexpr>
			<noexpr>ไม่</noexpr>
		</messages>
	</posix>
</ldml>
<!-- Old Comments. See root.xml for more info.
URL: http://oss.software.ibm.com/cvs/icu/icu/source/data/locales/th.txt?only_with_tag=final-update-LDML

jw { "\u0e0a\u0e27\u0e32" } // Use jv instead
-->

