<?xml version="1.0" encoding="UTF-8" ?>
<!DOCTYPE ldml SYSTEM "http://www.unicode.org/cldr/dtd/1.2/ldml.dtd">
<ldml >
	<identity>
		<version number="1.2"/>
		<generation date="2004-08-27"/>
		<language type="ti"/>
	</identity>
	<localeDisplayNames>
		<languages>
			<alias source="am"/>
		</languages>
		<territories>
			<alias source="am"/>
		</territories>
	</localeDisplayNames>
	<characters>
		<exemplarCharacters>[:Ethi:]</exemplarCharacters>
	</characters>
	<dates>
		<calendars>
			<calendar type="gregorian">
				<months>
					<monthContext type="format">
						<monthWidth type="abbreviated">
							<month type="1">ጃንዩ</month>
							<month type="2">ፌብሩ</month>
							<month type="3">ማርች</month>
							<month type="4">ኤፕረ</month>
							<month type="5">ሜይ</month>
							<month type="6">ጁን</month>
							<month type="7">ጁላይ</month>
							<month type="8">ኦገስ</month>
							<month type="9">ሴፕቴ</month>
							<month type="10">ኦክተ</month>
							<month type="11">ኖቬም</month>
							<month type="12">ዲሴም</month>
						</monthWidth>
						<monthWidth type="wide">
							<month type="1">ጃንዩወሪ</month>
							<month type="2">ፌብሩወሪ</month>
							<month type="3">ማርች</month>
							<month type="4">ኤፕረል</month>
							<month type="5">ሜይ</month>
							<month type="6">ጁን</month>
							<month type="7">ጁላይ</month>
							<month type="8">ኦገስት</month>
							<month type="9">ሴፕቴምበር</month>
							<month type="10">ኦክተውበር</month>
							<month type="11">ኖቬምበር</month>
							<month type="12">ዲሴምበር</month>
						</monthWidth>
					</monthContext>
				</months>
				<days>
					<dayContext type="format">
						<dayWidth type="abbreviated">
							<day type="sun">ሰንበ</day>
							<day type="mon">ሰኑይ</day>
							<day type="tue">ሠሉስ</day>
							<day type="wed">ረቡዕ</day>
							<day type="thu">ኃሙስ</day>
							<day type="fri">ዓርቢ</day>
							<day type="sat">ቀዳም</day>
						</dayWidth>
						<dayWidth type="wide">
							<day type="sun">ሰንበት</day>
							<day type="mon">ሰኑይ</day>
							<day type="tue">ሠሉስ</day>
							<day type="wed">ረቡዕ</day>
							<day type="thu">ኃሙስ</day>
							<day type="fri">ዓርቢ</day>
							<day type="sat">ቀዳም</day>
						</dayWidth>
					</dayContext>
				</days>
				<week>
					<firstDay day="sat"/>
				</week>
				<am>ንጉሆ ሰዓተ</am>
				<pm>ድሕር ሰዓት</pm>
				<eras>
					<eraAbbr>
						<era type="0">ዓ/ዓ</era>
						<era type="1">ዓ/ም</era>
					</eraAbbr>
				</eras>
			</calendar>
		</calendars>
	</dates>
</ldml>
<!-- Old Comments. See root.xml for more info.
URL: http://oss.software.ibm.com/cvs/icu/icu/source/data/locales/ti.txt?only_with_tag=final-update-LDML

* Tigrigna language locale.
* Contributed by Daniel Yacob <yacob@geez.org>, Ge'ez Frontier Foundation
-->

