<?xml version="1.0" encoding="UTF-8" ?>
<!DOCTYPE ldml SYSTEM "http://www.unicode.org/cldr/dtd/1.2/ldml.dtd">
<ldml >
	<identity>
		<version number="1.2"/>
		<generation date="2004-08-27"/>
		<language type="tr"/>
	</identity>
	<localeDisplayNames>
		<languages>
			<language type="aa">Afar</language>
			<language type="ab">Abazca</language>
			<language type="af">Afrikaan Dili</language>
			<language type="am">Amharik</language>
			<language type="ar">Arapça</language>
			<language type="ay">Aymara</language>
			<language type="az">Azerice</language>
			<language type="ba">Başkırt Dili</language>
			<language type="be">Beyaz Rusça</language>
			<language type="bg">Bulgarca</language>
			<language type="bh">Bihari</language>
			<language type="bi">Bislama</language>
			<language type="bn">Bengal Dili</language>
			<language type="bo">Tibetçe</language>
			<language type="br">Breton Dili</language>
			<language type="ca">Katalan Dili</language>
			<language type="co">Korsika Dili</language>
			<language type="cs">Çekçe</language>
			<language type="cy">Gal Dili</language>
			<language type="da">Danca</language>
			<language type="de">Almanca</language>
			<language type="dz">Bhutan Dili</language>
			<language type="el">Yunanca</language>
			<language type="en">İngilizce</language>
			<language type="eo">Esperanto</language>
			<language type="es">İspanyolca</language>
			<language type="et">Estonya Dili</language>
			<language type="eu">Bask Dili</language>
			<language type="fa">Farsça</language>
			<language type="fi">Fince</language>
			<language type="fj">Fiji Dili</language>
			<language type="fo">Faroe Dili</language>
			<language type="fr">Fransızca</language>
			<language type="fy">Frizye Dili</language>
			<language type="ga">İrlanda Dili</language>
			<language type="gd">İskoç Gal Dili</language>
			<language type="gl">Galiçya Dili</language>
			<language type="gn">Guarani</language>
			<language type="gu">Gujarati</language>
			<language type="ha">Hausa</language>
			<language type="he">İbranice</language>
			<language type="hi">Hint Dili</language>
			<language type="hr">Hırvatça</language>
			<language type="hu">Macarca</language>
			<language type="hy">Ermenice</language>
			<language type="ia">Interlingua</language>
			<language type="id">Endonezya Dili</language>
			<language type="ie">Interlingue</language>
			<language type="ik">Inupiak</language>
			<language type="is">İzlandaca</language>
			<language type="it">İtalyanca</language>
			<language type="iu">Inuktitut</language>
			<language type="ja">Japonca</language>
			<language type="jv">Java Dili</language>
			<language type="ka">Gürcüce</language>
			<language type="kk">Kazak Dili</language>
			<language type="kl">Grönland Dili</language>
			<language type="km">Kamboçya Dili</language>
			<language type="kn">Kannada</language>
			<language type="ko">Korece</language>
			<language type="ks">Keşmirce</language>
			<language type="ku">Kürtçe</language>
			<language type="ky">Kırgızca</language>
			<language type="la">Latince</language>
			<language type="ln">Lingala</language>
			<language type="lo">Laos Dili</language>
			<language type="lt">Litvanya Dili</language>
			<language type="lv">Letonya Dili</language>
			<language type="mg">Malaga Dili</language>
			<language type="mi">Maori</language>
			<language type="mk">Makedonca</language>
			<language type="ml">Malayalam</language>
			<language type="mn">Moğol Dili</language>
			<language type="mo">Moldavya Dili</language>
			<language type="mr">Marathi</language>
			<language type="ms">Malay</language>
			<language type="mt">Malta Dili</language>
			<language type="my">Birmanya Dili</language>
			<language type="na">Nauru</language>
			<language type="ne">Nepal Dili</language>
			<language type="nl">Hollanda Dili</language>
			<language type="no">Norveççe</language>
			<language type="oc">Occitan</language>
			<language type="om">Oromo (Afan)</language>
			<language type="or">Oriya</language>
			<language type="pa">Pencap Dili</language>
			<language type="pl">Polonya Dili</language>
			<language type="ps">Peştun Dili</language>
			<language type="pt">Portekizce</language>
			<language type="qu">Quechua</language>
			<language type="rm">Rhaeto-Roman Dili</language>
			<language type="rn">Kirundi</language>
			<language type="ro">Romence</language>
			<language type="ru">Rusça</language>
			<language type="rw">Kinyarwanda</language>
			<language type="sa">Sanskritçe</language>
			<language type="sd">Sindhi</language>
			<language type="sg">Sangho</language>
			<language type="sh">Sırp-Hırvat Dili</language>
			<language type="si">Sinhal Dili</language>
			<language type="sk">Slovakça</language>
			<language type="sl">Slovence</language>
			<language type="sm">Samoa Dili</language>
			<language type="sn">Shona</language>
			<language type="so">Somali Dili</language>
			<language type="sq">Arnavutça</language>
			<language type="sr">Sırpça</language>
			<language type="ss">Siswati</language>
			<language type="st">Sesotho</language>
			<language type="su">Sudan Dili</language>
			<language type="sv">İsveççe</language>
			<language type="sw">Swahili</language>
			<language type="ta">Tamil</language>
			<language type="te">Telugu</language>
			<language type="tg">Tacik Dili</language>
			<language type="th">Tay Dili</language>
			<language type="ti">Tigrinya</language>
			<language type="tk">Türkmence</language>
			<language type="tl">Tagalog</language>
			<language type="tn">Setswana</language>
			<language type="to">Tonga</language>
			<language type="tr">Türkçe</language>
			<language type="ts">Tsonga</language>
			<language type="tt">Tatarca</language>
			<language type="tw">Twi</language>
			<language type="ug">Uygurca</language>
			<language type="uk">Ukraynaca</language>
			<language type="ur">Urduca</language>
			<language type="uz">Özbekçe</language>
			<language type="vi">Vietnam Dili</language>
			<language type="vo">Volapuk</language>
			<language type="wo">Wolof</language>
			<language type="xh">Xhosa</language>
			<language type="yi">Yiddiş</language>
			<language type="yo">Yoruba</language>
			<language type="za">Zhuang</language>
			<language type="zh">Çince</language>
			<language type="zu">Zulu</language>
		</languages>
		<scripts>
			<script type="Arab">Arapça</script>
			<script type="Armn">Ermenice</script>
			<script type="Cher">Çeroki</script>
			<script type="Cprt">Kıbrıs</script>
			<script type="Cyrl">Kiril</script>
			<script type="Ethi">Etiyopya</script>
			<script type="Geor">Gürcüce</script>
			<script type="Goth">Gotik</script>
			<script type="Grek">Yunan</script>
			<script type="Hani">Hun</script>
			<script type="Hans">Basit Han</script>
			<script type="Hant">Geleneksel Han</script>
			<script type="Hebr">İbranice</script>
			<script type="Mong">Moğolca</script>
			<script type="Thai">Tayca</script>
			<script type="Tibt">Tibetçe</script>
			<script type="Zyyy">Ortak</script>
		</scripts>
		<territories>
			<territory type="AD">Andora</territory>
			<territory type="AE">Birleşik Arap Emirlikleri</territory>
			<territory type="AF">Afganistan</territory>
			<territory type="AG">Antigua ve Barbuda</territory>
			<territory type="AI">Anguilla</territory>
			<territory type="AL">Arnavutluk</territory>
			<territory type="AM">Ermenistan</territory>
			<territory type="AN">Hollanda Antilleri</territory>
			<territory type="AO">Angola</territory>
			<territory type="AQ">Antarktika</territory>
			<territory type="AR">Arjantin</territory>
			<territory type="AS">Amerikan Samoası</territory>
			<territory type="AT">Avusturya</territory>
			<territory type="AU">Avustralya</territory>
			<territory type="AW">Aruba</territory>
			<territory type="AZ">Azerbaycan</territory>
			<territory type="BA">Bosna Hersek</territory>
			<territory type="BB">Barbados</territory>
			<territory type="BD">Bangladeş</territory>
			<territory type="BE">Belçika</territory>
			<territory type="BF">Burkina Faso</territory>
			<territory type="BG">Bulgaristan</territory>
			<territory type="BH">Bahreyn</territory>
			<territory type="BI">Burundi</territory>
			<territory type="BJ">Benin</territory>
			<territory type="BM">Bermuda</territory>
			<territory type="BN">Brunei</territory>
			<territory type="BO">Bolivya</territory>
			<territory type="BR">Brezilya</territory>
			<territory type="BS">Bahamalar</territory>
			<territory type="BT">Bhutan</territory>
			<territory type="BV">Bouvet Adası</territory>
			<territory type="BW">Botsvana</territory>
			<territory type="BY">Beyaz Rusya</territory>
			<territory type="BZ">Belize</territory>
			<territory type="CA">Kanada</territory>
			<territory type="CC">Cocos (Keeling) Adaları</territory>
			<territory type="CD">Kongo Demokratik Cumhuriyeti</territory>
			<territory type="CF">Orta Afrika Cumhuriyeti</territory>
			<territory type="CG">Kongo</territory>
			<territory type="CH">İsviçre</territory>
			<territory type="CI">Fildişi Sahilleri</territory>
			<territory type="CK">Cook Adaları</territory>
			<territory type="CL">Şili</territory>
			<territory type="CM">Kamerun</territory>
			<territory type="CN">Çin</territory>
			<territory type="CO">Kolombiya</territory>
			<territory type="CR">Kosta Rika</territory>
			<territory type="CU">Küba</territory>
			<territory type="CV">Cape Verde</territory>
			<territory type="CX">Christmas Adası</territory>
			<territory type="CY">Kıbrıs</territory>
			<territory type="CZ">Çek Cumhuriyeti</territory>
			<territory type="DE">Almanya</territory>
			<territory type="DJ">Cibuti</territory>
			<territory type="DK">Danimarka</territory>
			<territory type="DM">Dominik</territory>
			<territory type="DO">Dominik Cumhuriyeti</territory>
			<territory type="DZ">Cezayir</territory>
			<territory type="EC">Ekvator</territory>
			<territory type="EE">Estonya</territory>
			<territory type="EG">Mısır</territory>
			<territory type="EH">Batı Sahara</territory>
			<territory type="ER">Eritre</territory>
			<territory type="ES">İspanya</territory>
			<territory type="ET">Etiyopya</territory>
			<territory type="FI">Finlandiya</territory>
			<territory type="FJ">Fiji</territory>
			<territory type="FK">Falkland Adaları (Malvinalar)</territory>
			<territory type="FM">Mikronezya Federal Eyaletleri</territory>
			<territory type="FO">Faroe Adaları</territory>
			<territory type="FR">Fransa</territory>
			<territory type="GA">Gabon</territory>
			<territory type="GB">Birleşik Krallık</territory>
			<territory type="GD">Granada</territory>
			<territory type="GE">Gürcistan</territory>
			<territory type="GF">Fransız Guyanası</territory>
			<territory type="GH">Gana</territory>
			<territory type="GI">Cebelitarık</territory>
			<territory type="GL">Grönland</territory>
			<territory type="GM">Gambia</territory>
			<territory type="GN">Gine</territory>
			<territory type="GP">Guadeloupe</territory>
			<territory type="GQ">Ekvator Ginesi</territory>
			<territory type="GR">Yunanistan</territory>
			<territory type="GS">Güney Georgia ve Güney Sandwich Adaları</territory>
			<territory type="GT">Guatemala</territory>
			<territory type="GU">Guam</territory>
			<territory type="GW">Gine-Bissau</territory>
			<territory type="GY">Guyana</territory>
			<territory type="HK">Hong Kong SAR - Çin</territory>
			<territory type="HM">Heard Adası ve McDonald Adaları</territory>
			<territory type="HN">Honduras</territory>
			<territory type="HR">Hırvatistan</territory>
			<territory type="HT">Haiti</territory>
			<territory type="HU">Macaristan</territory>
			<territory type="ID">Endonezya</territory>
			<territory type="IE">İrlanda</territory>
			<territory type="IL">İsrail</territory>
			<territory type="IN">Hindistan</territory>
			<territory type="IO">Hint Okyanusu İngiliz Bölgesi</territory>
			<territory type="IQ">Irak</territory>
			<territory type="IR">İran</territory>
			<territory type="IS">İzlanda</territory>
			<territory type="IT">İtalya</territory>
			<territory type="JM">Jamaika</territory>
			<territory type="JO">Ürdün</territory>
			<territory type="JP">Japonya</territory>
			<territory type="KE">Kenya</territory>
			<territory type="KG">Kırgızistan</territory>
			<territory type="KH">Kamboçya</territory>
			<territory type="KI">Kiribati</territory>
			<territory type="KM">Komorlar</territory>
			<territory type="KN">Saint Kittler ve Neviler</territory>
			<territory type="KP">Kuzey Kore</territory>
			<territory type="KR">Güney Kore</territory>
			<territory type="KW">Kuveyt</territory>
			<territory type="KY">Kayman Adaları</territory>
			<territory type="KZ">Kazakistan</territory>
			<territory type="LA">Laos</territory>
			<territory type="LB">Lübnan</territory>
			<territory type="LC">Saint Lucia</territory>
			<territory type="LI">Liechtenstein</territory>
			<territory type="LK">Sri Lanka</territory>
			<territory type="LR">Liberya</territory>
			<territory type="LS">Lesotho</territory>
			<territory type="LT">Litvanya</territory>
			<territory type="LU">Lüksemburg</territory>
			<territory type="LV">Letonya</territory>
			<territory type="LY">Libya</territory>
			<territory type="MA">Fas</territory>
			<territory type="MC">Monako</territory>
			<territory type="MD">Moldovya Cumhuriyeti</territory>
			<territory type="MG">Madagaskar</territory>
			<territory type="MH">Marshall Adaları</territory>
			<territory type="MK">Makedonya Cumhuriyeti</territory>
			<territory type="ML">Mali</territory>
			<territory type="MM">Myanmar</territory>
			<territory type="MN">Moğolistan</territory>
			<territory type="MO">Makao S.A.R. Çin</territory>
			<territory type="MP">Kuzey Mariana Adaları</territory>
			<territory type="MQ">Martinik</territory>
			<territory type="MR">Moritanya</territory>
			<territory type="MS">Montserrat</territory>
			<territory type="MT">Malta</territory>
			<territory type="MU">Mauritius</territory>
			<territory type="MV">Maldivler</territory>
			<territory type="MW">Malavi</territory>
			<territory type="MX">Meksika</territory>
			<territory type="MY">Malezya</territory>
			<territory type="MZ">Mozambik</territory>
			<territory type="NA">Namibya</territory>
			<territory type="NC">Yeni Kaledonya</territory>
			<territory type="NE">Nijer</territory>
			<territory type="NF">Norfolk Adası</territory>
			<territory type="NG">Nijerya</territory>
			<territory type="NI">Nikaragua</territory>
			<territory type="NL">Hollanda</territory>
			<territory type="NO">Norveç</territory>
			<territory type="NP">Nepal</territory>
			<territory type="NR">Nauru Adası</territory>
			<territory type="NU">Niue Adaları</territory>
			<territory type="NZ">Yeni Zelanda</territory>
			<territory type="OM">Umman</territory>
			<territory type="PA">Panama</territory>
			<territory type="PE">Peru</territory>
			<territory type="PF">Fransız Polinezyası</territory>
			<territory type="PG">Papua Yeni Gine</territory>
			<territory type="PH">Filipinler</territory>
			<territory type="PK">Pakistan</territory>
			<territory type="PL">Polonya</territory>
			<territory type="PM">Saint Pierre ve Miquelon</territory>
			<territory type="PN">Pitcairn</territory>
			<territory type="PR">Porto Riko</territory>
			<territory type="PS">Filistin Bölgesi</territory>
			<territory type="PT">Portekiz</territory>
			<territory type="PW">Palau</territory>
			<territory type="PY">Paraguay</territory>
			<territory type="QA">Katar</territory>
			<territory type="RE">Reunion</territory>
			<territory type="RO">Romanya</territory>
			<territory type="RU">Rusya Federasyonu</territory>
			<territory type="RW">Ruanda</territory>
			<territory type="SA">Suudi Arabistan</territory>
			<territory type="SB">Solomon Adaları</territory>
			<territory type="SC">Seyşeller</territory>
			<territory type="SD">Sudan</territory>
			<territory type="SE">İsveç</territory>
			<territory type="SG">Singapur</territory>
			<territory type="SH">Saint Helena</territory>
			<territory type="SI">Slovenya</territory>
			<territory type="SJ">Svalbard ve Jan Mayen</territory>
			<territory type="SK">Slovakya</territory>
			<territory type="SL">Sierra Leone</territory>
			<territory type="SM">San Marino</territory>
			<territory type="SN">Senegal</territory>
			<territory type="SO">Somali</territory>
			<territory type="SP">Sırbistan</territory>
			<territory type="SR">Surinam</territory>
			<territory type="ST">Sao Tome ve Principe</territory>
			<territory type="SV">El Salvador</territory>
			<territory type="SY">Suriye</territory>
			<territory type="SZ">Svaziland</territory>
			<territory type="TC">Turks ve Caicos Adaları</territory>
			<territory type="TD">Çad</territory>
			<territory type="TF">Fransız Güney Bölgeleri</territory>
			<territory type="TG">Togo</territory>
			<territory type="TH">Tayland</territory>
			<territory type="TJ">Tacikistan</territory>
			<territory type="TK">Tokelau</territory>
			<territory type="TL">Doğu Timor</territory>
			<territory type="TM">Türkmenistan</territory>
			<territory type="TN">Tunus</territory>
			<territory type="TO">Tonga</territory>
			<territory type="TR">Türkiye</territory>
			<territory type="TT">Trinidad ve Tobago</territory>
			<territory type="TV">Tuvalu</territory>
			<territory type="TW">Tayvan</territory>
			<territory type="TZ">Tanzanya</territory>
			<territory type="UA">Ukrayna</territory>
			<territory type="UG">Uganda</territory>
			<territory type="UM">Amerika Birleşik Devletleri Küçük Dış Adaları</territory>
			<territory type="US">Amerika Birleşik Devletleri</territory>
			<territory type="UY">Uruguay</territory>
			<territory type="UZ">Özbekistan</territory>
			<territory type="VA">Kutsal Devlet (Vatikan Şehir Devleti)</territory>
			<territory type="VC">Saint Vincent ve Grenadinler</territory>
			<territory type="VE">Venezuela</territory>
			<territory type="VG">İngiliz Virgin Adaları</territory>
			<territory type="VI">ABD Virgin Adaları</territory>
			<territory type="VN">Vietnam</territory>
			<territory type="VU">Vanuatu</territory>
			<territory type="WF">Wallis ve Futuna</territory>
			<territory type="WS">Samoa</territory>
			<territory type="YE">Yemen</territory>
			<territory type="YT">Mayotte</territory>
			<territory type="YU">Yugoslavya</territory>
			<territory type="ZA">Güney Afrika</territory>
			<territory type="ZM">Zambiya</territory>
			<territory type="ZW">Zimbabwe</territory>
		</territories>
		<keys>
			<key type="collation">Sıralama</key>
			<key type="calendar">Takvim</key>
			<key type="currency">Para Birimi</key>
		</keys>
		<types>
			<type type="japanese" key="calendar">Japon Takvimi</type>
			<type type="buddhist" key="calendar">Budist Takvimi</type>
			<type type="islamic" key="calendar">Hicri Takvim</type>
			<type type="islamic-civil" key="calendar">Arap Takvimi</type>
			<type type="hebrew" key="calendar">Yahudi Takvimi</type>
			<type type="chinese" key="calendar">Çin Takvimi</type>
			<type type="gregorian" key="calendar">Miladi Takvim</type>
			<type type="phonebook" key="collation">Telefon Defteri Sıralaması</type>
			<type type="pinyin" key="collation">Pinyin Sıralaması</type>
			<type type="traditional" key="collation">Geleneksel</type>
			<type type="stroke" key="collation">Stroke Sıralaması</type>
			<type type="direct" key="collation">Düz Sıralama</type>
		</types>
	</localeDisplayNames>
	<characters>
		<exemplarCharacters>[a-zâûöüıçşğ]</exemplarCharacters>
	</characters>
	<dates>
		<localizedPatternChars>GanjkHmsSEDFwWxhKzAeugXZ</localizedPatternChars>
		<calendars>
			<calendar type="gregorian">
				<months>
					<monthContext type="format">
						<monthWidth type="abbreviated">
							<month type="1">Oca</month>
							<month type="2">Şub</month>
							<month type="3">Mar</month>
							<month type="4">Nis</month>
							<month type="5">May</month>
							<month type="6">Haz</month>
							<month type="7">Tem</month>
							<month type="8">Ağu</month>
							<month type="9">Eyl</month>
							<month type="10">Eki</month>
							<month type="11">Kas</month>
							<month type="12">Ara</month>
						</monthWidth>
						<monthWidth type="narrow">
							<month type="1">O</month>
							<month type="2">Ş</month>
							<month type="3">M</month>
							<month type="4">N</month>
							<month type="5">M</month>
							<month type="6">H</month>
							<month type="7">T</month>
							<month type="8">A</month>
							<month type="9">E</month>
							<month type="10">E</month>
							<month type="11">K</month>
							<month type="12">A</month>
						</monthWidth>
						<monthWidth type="wide">
							<month type="1">Ocak</month>
							<month type="2">Şubat</month>
							<month type="3">Mart</month>
							<month type="4">Nisan</month>
							<month type="5">Mayıs</month>
							<month type="6">Haziran</month>
							<month type="7">Temmuz</month>
							<month type="8">Ağustos</month>
							<month type="9">Eylül</month>
							<month type="10">Ekim</month>
							<month type="11">Kasım</month>
							<month type="12">Aralık</month>
						</monthWidth>
					</monthContext>
				</months>
				<days>
					<dayContext type="format">
						<dayWidth type="abbreviated">
							<day type="sun">Paz</day>
							<day type="mon">Pzt</day>
							<day type="tue">Sal</day>
							<day type="wed">Çar</day>
							<day type="thu">Per</day>
							<day type="fri">Cum</day>
							<day type="sat">Cmt</day>
						</dayWidth>
						<dayWidth type="narrow">
							<day type="sun">P</day>
							<day type="mon">P</day>
							<day type="tue">S</day>
							<day type="wed">Ç</day>
							<day type="thu">P</day>
							<day type="fri">C</day>
							<day type="sat">C</day>
						</dayWidth>
						<dayWidth type="wide">
							<day type="sun">Pazar</day>
							<day type="mon">Pazartesi</day>
							<day type="tue">Salı</day>
							<day type="wed">Çarşamba</day>
							<day type="thu">Perşembe</day>
							<day type="fri">Cuma</day>
							<day type="sat">Cumartesi</day>
						</dayWidth>
					</dayContext>
				</days>
				<week>
					<firstDay day="mon"/>
				</week>
				<eras>
					<eraAbbr>
						<era type="0">MÖ</era>
						<era type="1">MS</era>
					</eraAbbr>
				</eras>
				<dateFormats>
					<dateFormatLength type="full">
						<dateFormat>
							<pattern>dd MMMM yyyy EEEE</pattern>
						</dateFormat>
					</dateFormatLength>
					<dateFormatLength type="long">
						<dateFormat>
							<pattern>dd MMMM yyyy EEEE</pattern>
						</dateFormat>
					</dateFormatLength>
					<dateFormatLength type="medium">
						<dateFormat>
							<pattern>dd.MMM.yyyy</pattern>
						</dateFormat>
					</dateFormatLength>
					<dateFormatLength type="short">
						<dateFormat>
							<pattern>dd.MM.yyyy</pattern>
						</dateFormat>
					</dateFormatLength>
				</dateFormats>
			</calendar>
		</calendars>
	</dates>
	<numbers>
		<symbols>
			<decimal>,</decimal>
			<group>.</group>
		</symbols>
		<currencies>
			<currency type="ADD">
				<displayName>Andora Dinarı</displayName>
				<symbol>ADD</symbol>
			</currency>
			<currency type="ADP">
				<displayName>Andora Pezetası</displayName>
				<symbol>ADP</symbol>
			</currency>
			<currency type="AED">
				<displayName>Birleşik Arap Emirlikleri Dirhemi</displayName>
				<symbol>AED</symbol>
			</currency>
			<currency type="AFA">
				<displayName>Afganistan Afganisi (1927-2002)</displayName>
				<symbol>AFA</symbol>
			</currency>
			<currency type="AFN">
				<displayName>Afganistan Afganisi</displayName>
				<symbol>Af</symbol>
			</currency>
			<currency type="AIF">
				<displayName>Afarlar ve İssalar Frangı</displayName>
				<symbol>AIF</symbol>
			</currency>
			<currency type="ALK">
				<displayName>Arnavutluk Leki (1946-1961)</displayName>
				<symbol>ALK</symbol>
			</currency>
			<currency type="ALL">
				<displayName>Arnavutluk Leki</displayName>
				<symbol>lek</symbol>
			</currency>
			<currency type="ALV">
				<displayName>Arnavutluk Leki Valute</displayName>
				<symbol>ALV</symbol>
			</currency>
			<currency type="ALX">
				<displayName>Arnavut Doları FEC</displayName>
				<symbol>ALX</symbol>
			</currency>
			<currency type="AMD">
				<displayName>Ermenistan Dramı</displayName>
				<symbol>dram</symbol>
			</currency>
			<currency type="ANG">
				<displayName>Hollanda Antilleri Guldeni</displayName>
				<symbol>NA f.</symbol>
			</currency>
			<currency type="AOA">
				<displayName>Angola Kvanzası</displayName>
				<symbol>AOA</symbol>
			</currency>
			<currency type="AOK">
				<displayName>Angola Kvanzası (1977-1990)</displayName>
				<symbol>AOK</symbol>
			</currency>
			<currency type="AON">
				<displayName>Yeni Angola Kvanzası (1990-2000)</displayName>
				<symbol>AON</symbol>
			</currency>
			<currency type="AOR">
				<displayName>Angola Kvanzası Reajustado (1995-1999)</displayName>
				<symbol>AOR</symbol>
			</currency>
			<currency type="AOS">
				<displayName>Angola Esküdosu</displayName>
				<symbol>AOS</symbol>
			</currency>
			<currency type="ARA">
				<displayName>Arjantin Australi</displayName>
				<symbol>ARA</symbol>
			</currency>
			<currency type="ARM">
				<displayName>Arjantin Pezosu Moneda Nacional</displayName>
				<symbol>ARM</symbol>
			</currency>
			<currency type="ARP">
				<displayName>Arjantin Pezosu (1983-1985)</displayName>
				<symbol>ARP</symbol>
			</currency>
			<currency type="ARS">
				<displayName>Arjantin Pezosu</displayName>
				<symbol>Arg$</symbol>
			</currency>
			<currency type="ATS">
				<displayName>Avusturya Şilini</displayName>
				<symbol>ATS</symbol>
			</currency>
			<currency type="AUD">
				<displayName>Avustralya Doları</displayName>
				<symbol>$A</symbol>
			</currency>
			<currency type="AUP">
				<displayName>Avustralya Lirası</displayName>
				<symbol>AUP</symbol>
			</currency>
			<currency type="AWG">
				<displayName>Aruba Florini</displayName>
				<symbol>AWG</symbol>
			</currency>
			<currency type="AZM">
				<displayName>Azerbaycan Manatı</displayName>
				<symbol>AZM</symbol>
			</currency>
			<currency type="BAD">
				<displayName>Bosna Hersek Dinarı</displayName>
				<symbol>BAD</symbol>
			</currency>
			<currency type="BAM">
				<displayName>Konvertibl Bosna Hersek Markı</displayName>
				<symbol>KM</symbol>
			</currency>
			<currency type="BAN">
				<displayName>Yeni Bosna Hersek Dinarı</displayName>
				<symbol>BAN</symbol>
			</currency>
			<currency type="BBD">
				<displayName>Barbados Doları</displayName>
				<symbol>BDS$</symbol>
			</currency>
			<currency type="BDT">
				<displayName>Bangladeş Takası</displayName>
				<symbol>Tk</symbol>
			</currency>
			<currency type="BEC">
				<displayName>Belçika Frangı (konvertibl)</displayName>
				<symbol>BEC</symbol>
			</currency>
			<currency type="BEF">
				<displayName>Belçika Frangı</displayName>
				<symbol>BF</symbol>
			</currency>
			<currency type="BEL">
				<displayName>Belçika Frangı (finansal)</displayName>
				<symbol>BEL</symbol>
			</currency>
			<currency type="BGL">
				<displayName>Bulgar Levası (Hard)</displayName>
				<symbol>lev</symbol>
			</currency>
			<currency type="BGM">
				<displayName>Sosyalist Bulgar Levası</displayName>
				<symbol>BGM</symbol>
			</currency>
			<currency type="BGN">
				<displayName>Yeni Bulgar Levası</displayName>
				<symbol>BGN</symbol>
			</currency>
			<currency type="BGO">
				<displayName>Bulgar Levası (1879-1952)</displayName>
				<symbol>BGO</symbol>
			</currency>
			<currency type="BGX">
				<displayName>Bulgar Levası FEC</displayName>
				<symbol>BGX</symbol>
			</currency>
			<currency type="BHD">
				<displayName>Bahreyn Dinarı</displayName>
				<symbol>BD</symbol>
			</currency>
			<currency type="BIF">
				<displayName>Burundi Frangı</displayName>
				<symbol>Fbu</symbol>
			</currency>
			<currency type="BMD">
				<displayName>Bermuda Doları</displayName>
				<symbol>Ber$</symbol>
			</currency>
			<currency type="BMP">
				<displayName>Bermuda Lirası</displayName>
				<symbol>BMP</symbol>
			</currency>
			<currency type="BND">
				<displayName>Brunei Doları</displayName>
				<symbol>BND</symbol>
			</currency>
			<currency type="BOB">
				<displayName>Bolivya Bolivyanosu</displayName>
				<symbol>Bs</symbol>
			</currency>
			<currency type="BOL">
				<displayName>Bolivya Bolivyanosu (1863-1962)</displayName>
				<symbol>BOL</symbol>
			</currency>
			<currency type="BOP">
				<displayName>Bolivya Pezosu</displayName>
				<symbol>BOP</symbol>
			</currency>
			<currency type="BOV">
				<displayName>Bolivya Mvdol</displayName>
				<symbol>BOV</symbol>
			</currency>
			<currency type="BRB">
				<displayName>Yeni Brezilya Kruzeirosu (1967-1986)</displayName>
				<symbol>BRB</symbol>
			</currency>
			<currency type="BRC">
				<displayName>Brezilya Kruzadosu</displayName>
				<symbol>BRC</symbol>
			</currency>
			<currency type="BRE">
				<displayName>Brezilya Kruzeirosu (1990-1993)</displayName>
				<symbol>BRE</symbol>
			</currency>
			<currency type="BRL">
				<displayName>Brezilya Reali</displayName>
				<symbol>R$</symbol>
			</currency>
			<currency type="BRN">
				<displayName>Yeni Brezilya Kruzadosu</displayName>
				<symbol>BRN</symbol>
			</currency>
			<currency type="BRR">
				<displayName>Brezilya Kruzeirosu</displayName>
				<symbol>BRR</symbol>
			</currency>
			<currency type="BRZ">
				<displayName>Brezilya Kruzeirosu (1942-1967)</displayName>
				<symbol>BRZ</symbol>
			</currency>
			<currency type="BSD">
				<displayName>Bahama Doları</displayName>
				<symbol>BSD</symbol>
			</currency>
			<currency type="BSP">
				<displayName>Bahama Lirası</displayName>
				<symbol>BSP</symbol>
			</currency>
			<currency type="BTN">
				<displayName>Bhutan Ngultrumu</displayName>
				<symbol>Nu</symbol>
			</currency>
			<currency type="BTR">
				<displayName>Bhutan Rupisi</displayName>
				<symbol>BTR</symbol>
			</currency>
			<currency type="BUK">
				<displayName>Burma Kyatı</displayName>
				<symbol>BUK</symbol>
			</currency>
			<currency type="BUR">
				<displayName>Burma Rupisi</displayName>
				<symbol>BUR</symbol>
			</currency>
			<currency type="BWP">
				<displayName>Botsvana Pulası</displayName>
				<symbol>BWP</symbol>
			</currency>
			<currency type="BYB">
				<displayName>Yeni Beyaz Rusya Rublesi (1994-1999)</displayName>
				<symbol>BYB</symbol>
			</currency>
			<currency type="BYL">
				<displayName>Beyaz Rusya Rublesi (1992-1994)</displayName>
				<symbol>BYL</symbol>
			</currency>
			<currency type="BYR">
				<displayName>Beyaz Rusya Rublesi</displayName>
				<symbol>Rbl</symbol>
			</currency>
			<currency type="BZD">
				<displayName>Belize Doları</displayName>
				<symbol>BZ$</symbol>
			</currency>
			<currency type="BZH">
				<displayName>İngiliz Hondurası Doları</displayName>
				<symbol>BZH</symbol>
			</currency>
			<currency type="CAD">
				<displayName>Kanada Doları</displayName>
				<symbol>Can$</symbol>
			</currency>
			<currency type="CDF">
				<displayName>Kongo Frangı</displayName>
				<symbol>CDF</symbol>
			</currency>
			<currency type="CDG">
				<displayName>Kongo Cumhuriyeti Frangı</displayName>
				<symbol>CDG</symbol>
			</currency>
			<currency type="CDL">
				<displayName>Kongo Zairesi</displayName>
				<symbol>CDL</symbol>
			</currency>
			<currency type="CFF">
				<displayName>Orta Afrika Cumhuriyeti Frangı</displayName>
				<symbol>CFF</symbol>
			</currency>
			<currency type="CHF">
				<displayName>İsviçre Frangı</displayName>
				<symbol>SwF</symbol>
			</currency>
			<currency type="CKD">
				<displayName>Cook Adaları Doları</displayName>
				<symbol>CKD</symbol>
			</currency>
			<currency type="CLC">
				<displayName>Şili Condor</displayName>
				<symbol>CLC</symbol>
			</currency>
			<currency type="CLE">
				<displayName>Şili Esküdosu</displayName>
				<symbol>CLE</symbol>
			</currency>
			<currency type="CLF">
				<displayName>Şili Unidades de Fomento</displayName>
				<symbol>CLF</symbol>
			</currency>
			<currency type="CLP">
				<displayName>Şili Pezosu</displayName>
				<symbol>Ch$</symbol>
			</currency>
			<currency type="CMF">
				<displayName>Kamerun CFA Frangı</displayName>
				<symbol>CMF</symbol>
			</currency>
			<currency type="CNP">
				<displayName>Çin Jen Min Piao Yuanı</displayName>
				<symbol>CNP</symbol>
			</currency>
			<currency type="CNX">
				<displayName>Çin ABD Doları FEC</displayName>
				<symbol>CNX</symbol>
			</currency>
			<currency type="CNY">
				<displayName>Çin Yuanı Renminbi</displayName>
				<symbol>Y</symbol>
			</currency>
			<currency type="COB">
				<displayName>Kolombiya Kağıt Pezosu</displayName>
				<symbol>COB</symbol>
			</currency>
			<currency type="COF">
				<displayName>Kongo CFA Frangı</displayName>
				<symbol>COF</symbol>
			</currency>
			<currency type="COP">
				<displayName>Kolombiya Pezosu</displayName>
				<symbol>Col$</symbol>
			</currency>
			<currency type="CRC">
				<displayName>Kosta Rika Kolonu</displayName>
				<symbol>C</symbol>
			</currency>
			<currency type="CSC">
				<displayName>Çekoslavak Korunası</displayName>
				<symbol>CSC</symbol>
			</currency>
			<currency type="CSK">
				<displayName>Çekoslavak Korunası (Hard)</displayName>
				<symbol>CSK</symbol>
			</currency>
			<currency type="CUP">
				<displayName>Küba Pezosu</displayName>
				<symbol>CUP</symbol>
			</currency>
			<currency type="CUX">
				<displayName>Küba FEC</displayName>
				<symbol>CUX</symbol>
			</currency>
			<currency type="CVE">
				<displayName>Cape Verde Esküdosu</displayName>
				<symbol>CVEsc</symbol>
			</currency>
			<currency type="CWG">
				<displayName>Kurasao Florini</displayName>
				<symbol>CWG</symbol>
			</currency>
			<currency type="CYP">
				<displayName>Güney Kıbrıs Lirası</displayName>
				<symbol>£C</symbol>
			</currency>
			<currency type="CZK">
				<displayName>Çek Cumhuriyeti Korunası</displayName>
				<symbol>CZK</symbol>
			</currency>
			<currency type="DDM">
				<displayName>Doğu Alman Markı</displayName>
				<symbol>DDM</symbol>
			</currency>
			<currency type="DEM">
				<displayName>Alman Markı</displayName>
				<symbol>DEM</symbol>
			</currency>
			<currency type="DES">
				<displayName>Alman Sperrmark</displayName>
				<symbol>DES</symbol>
			</currency>
			<currency type="DJF">
				<displayName>Cibuti Frangı</displayName>
				<symbol>DF</symbol>
			</currency>
			<currency type="DKK">
				<displayName>Danimarka Kronu</displayName>
				<symbol>DKr</symbol>
			</currency>
			<currency type="DOP">
				<displayName>Dominik Pezosu</displayName>
				<symbol>RD$</symbol>
			</currency>
			<currency type="DZD">
				<displayName>Cezayir Dinarı</displayName>
				<symbol>DA</symbol>
			</currency>
			<currency type="DZF">
				<displayName>Yeni Cezayir Frangı</displayName>
				<symbol>DZF</symbol>
			</currency>
			<currency type="DZG">
				<displayName>Cezayir Frangı (Germinal)</displayName>
				<symbol>DZG</symbol>
			</currency>
			<currency type="ECS">
				<displayName>Ekvator Sukresi</displayName>
				<symbol>ECS</symbol>
			</currency>
			<currency type="ECV">
				<displayName>Ekvator Unidad de Valor Constante (UVC)</displayName>
				<symbol>ECV</symbol>
			</currency>
			<currency type="EEK">
				<displayName>Estonya Krunu</displayName>
				<symbol>EEK</symbol>
			</currency>
			<currency type="EGP">
				<displayName>Mısır Lirası</displayName>
				<symbol>EGP</symbol>
			</currency>
			<currency type="ERN">
				<displayName>Eritre Nakfası</displayName>
				<symbol>ERN</symbol>
			</currency>
			<currency type="ESP">
				<displayName>İspanyol Pezetası</displayName>
				<symbol>ESP</symbol>
			</currency>
			<currency type="ETB">
				<displayName>Etiyopya Birri</displayName>
				<symbol>Br</symbol>
			</currency>
			<currency type="ETD">
				<displayName>Etiyopya Doları</displayName>
				<symbol>ETD</symbol>
			</currency>
			<currency type="EUR">
				<displayName>Euro</displayName>
			</currency>
			<currency type="FIM">
				<displayName>Fin Markkası</displayName>
				<symbol>FIM</symbol>
			</currency>
			<currency type="FIN">
				<displayName>Fin Markkası (1860-1962)</displayName>
				<symbol>FIN</symbol>
			</currency>
			<currency type="FJD">
				<displayName>Fiji Doları</displayName>
				<symbol>F$</symbol>
			</currency>
			<currency type="FJP">
				<displayName>Fiji Lirası</displayName>
				<symbol>FJP</symbol>
			</currency>
			<currency type="FKP">
				<displayName>Falkland Adaları Lirası</displayName>
				<symbol>FKP</symbol>
			</currency>
			<currency type="FOK">
				<displayName>Faroe Adaları Kronu</displayName>
				<symbol>FOK</symbol>
			</currency>
			<currency type="FRF">
				<displayName>Fransız Frangı</displayName>
				<symbol>FRF</symbol>
			</currency>
			<currency type="FRG">
				<displayName>Fransız Frangı (Germinal/Franc Poincare)</displayName>
				<symbol>FRG</symbol>
			</currency>
			<currency type="GAF">
				<displayName>Gabon CFA Frangı</displayName>
				<symbol>GAF</symbol>
			</currency>
			<currency type="GBP">
				<displayName>İngiliz Sterlini</displayName>
			</currency>
			<currency type="GEK">
				<displayName>Gürcistan Kupon Larisi</displayName>
				<symbol>GEK</symbol>
			</currency>
			<currency type="GEL">
				<displayName>Gürcistan Larisi</displayName>
				<symbol>lari</symbol>
			</currency>
			<currency type="GHC">
				<displayName>Gana Sedisi</displayName>
				<symbol>GHC</symbol>
			</currency>
			<currency type="GHO">
				<displayName>Eski Gana Sedisi</displayName>
				<symbol>GHO</symbol>
			</currency>
			<currency type="GHP">
				<displayName>Gana Lirası</displayName>
				<symbol>GHP</symbol>
			</currency>
			<currency type="GHR">
				<displayName>Yeni Gana Sedisi</displayName>
				<symbol>GHR</symbol>
			</currency>
			<currency type="GIP">
				<displayName>Cebelitarık Lirası</displayName>
				<symbol>GIP</symbol>
			</currency>
			<currency type="GLK">
				<displayName>Grönland Kronu</displayName>
				<symbol>GLK</symbol>
			</currency>
			<currency type="GMD">
				<displayName>Gambiya Dalasisi</displayName>
				<symbol>GMD</symbol>
			</currency>
			<currency type="GMP">
				<displayName>Gambiya Lirası</displayName>
				<symbol>GMP</symbol>
			</currency>
			<currency type="GNF">
				<displayName>Gine Frangı</displayName>
				<symbol>GF</symbol>
			</currency>
			<currency type="GNI">
				<displayName>Gine Frangı (1960-1972)</displayName>
				<symbol>GNI</symbol>
			</currency>
			<currency type="GNS">
				<displayName>Gine Syli</displayName>
				<symbol>GNS</symbol>
			</currency>
			<currency type="GPF">
				<displayName>Guadeloupe Frangı</displayName>
				<symbol>GPF</symbol>
			</currency>
			<currency type="GQE">
				<displayName>Ekvator Ginesi Ekuelesi</displayName>
				<symbol>GQE</symbol>
			</currency>
			<currency type="GQF">
				<displayName>Ekvator Ginesi Frangı</displayName>
				<symbol>GQF</symbol>
			</currency>
			<currency type="GQP">
				<displayName>Ekvator Ginesi Pezetası</displayName>
				<symbol>GQP</symbol>
			</currency>
			<currency type="GRD">
				<displayName>Yunan Drahmisi</displayName>
				<symbol>GRD</symbol>
			</currency>
			<currency type="GRN">
				<displayName>Yeni Yunan Drahmisi</displayName>
				<symbol>GRN</symbol>
			</currency>
			<currency type="GTQ">
				<displayName>Guatemala Ketzali</displayName>
				<symbol>Q</symbol>
			</currency>
			<currency type="GUF">
				<displayName>Fransız Guyanası Frangı</displayName>
				<symbol>GUF</symbol>
			</currency>
			<currency type="GWE">
				<displayName>Portekiz Ginesi Esküdosu</displayName>
				<symbol>GWE</symbol>
			</currency>
			<currency type="GWM">
				<displayName>Portekiz Ginesi Mil Reis</displayName>
				<symbol>GWM</symbol>
			</currency>
			<currency type="GWP">
				<displayName>Gine-Bissau Pezosu</displayName>
				<symbol>GWP</symbol>
			</currency>
			<currency type="GYD">
				<displayName>Guyana Doları</displayName>
				<symbol>G$</symbol>
			</currency>
			<currency type="HKD">
				<displayName>Hong Kong Doları</displayName>
				<symbol>HK$</symbol>
			</currency>
			<currency type="HNL">
				<displayName>Honduras Lempirası</displayName>
				<symbol>L</symbol>
			</currency>
			<currency type="HRD">
				<displayName>Hırvat Dinarı</displayName>
				<symbol>HRD</symbol>
			</currency>
			<currency type="HRK">
				<displayName>Hırvat Kunası</displayName>
				<symbol>HRK</symbol>
			</currency>
			<currency type="HTG">
				<displayName>Haiti Gurdu</displayName>
				<symbol>HTG</symbol>
			</currency>
			<currency type="HUF">
				<displayName>Macar Forinti</displayName>
				<symbol>Ft</symbol>
			</currency>
			<currency type="IBP">
				<displayName>Kuzey İrlanda Lirası</displayName>
				<symbol>IBP</symbol>
			</currency>
			<currency type="IDG">
				<displayName>Endonezya Nica Florini</displayName>
				<symbol>IDG</symbol>
			</currency>
			<currency type="IDJ">
				<displayName>Endonezya Java Rupiahı</displayName>
				<symbol>IDJ</symbol>
			</currency>
			<currency type="IDN">
				<displayName>Yeni Endonezya Rupiahı</displayName>
				<symbol>IDN</symbol>
			</currency>
			<currency type="IDR">
				<displayName>Endonezya Rupiahı</displayName>
				<symbol>Rp</symbol>
			</currency>
			<currency type="IEP">
				<displayName>İrlanda Lirası</displayName>
				<symbol>IR£</symbol>
			</currency>
			<currency type="ILL">
				<displayName>İsrail Şekeli</displayName>
				<symbol>ILL</symbol>
			</currency>
			<currency type="ILP">
				<displayName>İsrail Lirası</displayName>
				<symbol>ILP</symbol>
			</currency>
			<currency type="ILS">
				<displayName>Yeni İsrail Şekeli</displayName>
				<symbol>ILS</symbol>
			</currency>
			<currency type="IMP">
				<displayName>Man Adası Sterlini</displayName>
				<symbol>IMP</symbol>
			</currency>
			<currency type="INR">
				<displayName>Hindistan Rupisi</displayName>
				<symbol>INR</symbol>
			</currency>
			<currency type="IQD">
				<displayName>Irak Dinarı</displayName>
				<symbol>ID</symbol>
			</currency>
			<currency type="IRR">
				<displayName>İran Riyali</displayName>
				<symbol>RI</symbol>
			</currency>
			<currency type="ISK">
				<displayName>İzlanda Kronu</displayName>
				<symbol>ISK</symbol>
			</currency>
			<currency type="ITL">
				<displayName>İtalyan Lireti</displayName>
			</currency>
			<currency type="JEP">
				<displayName>Jersey Sterlini</displayName>
				<symbol>JEP</symbol>
			</currency>
			<currency type="JMD">
				<displayName>Jamaika Doları</displayName>
				<symbol>J$</symbol>
			</currency>
			<currency type="JMP">
				<displayName>Jamaika Lirası</displayName>
				<symbol>JMP</symbol>
			</currency>
			<currency type="JOD">
				<displayName>Ürdün Dinarı</displayName>
				<symbol>JD</symbol>
			</currency>
			<currency type="JPY">
				<displayName>Japon Yeni</displayName>
			</currency>
			<currency type="KES">
				<displayName>Kenya Şilini</displayName>
				<symbol>K Sh</symbol>
			</currency>
			<currency type="KGS">
				<displayName>Kırgız Somu</displayName>
				<symbol>som</symbol>
			</currency>
			<currency type="KHO">
				<displayName>Eski Kamboçya Rieli</displayName>
				<symbol>KHO</symbol>
			</currency>
			<currency type="KHR">
				<displayName>Kamboçya Rieli</displayName>
				<symbol>CR</symbol>
			</currency>
			<currency type="KID">
				<displayName>Kiribati Doları</displayName>
				<symbol>KID</symbol>
			</currency>
			<currency type="KMF">
				<displayName>Komorlar Frangı</displayName>
				<symbol>CF</symbol>
			</currency>
			<currency type="KPP">
				<displayName>Kuzey Kore Halk Cumhuriyeti Wonu</displayName>
				<symbol>KPP</symbol>
			</currency>
			<currency type="KPW">
				<displayName>Kuzey Kore Wonu</displayName>
				<symbol>KPW</symbol>
			</currency>
			<currency type="KRH">
				<displayName>Güney Kore Hwanı</displayName>
				<symbol>KRH</symbol>
			</currency>
			<currency type="KRO">
				<displayName>Eski Güney Kore Wonu</displayName>
				<symbol>KRO</symbol>
			</currency>
			<currency type="KRW">
				<displayName>Güney Kore Wonu</displayName>
				<symbol>KRW</symbol>
			</currency>
			<currency type="KWD">
				<displayName>Kuveyt Dinarı</displayName>
				<symbol>KD</symbol>
			</currency>
			<currency type="KYD">
				<displayName>Kayman Adaları Doları</displayName>
				<symbol>KYD</symbol>
			</currency>
			<currency type="KZR">
				<displayName>Kazakistan Rublesi</displayName>
				<symbol>KZR</symbol>
			</currency>
			<currency type="KZT">
				<displayName>Kazakistan Tengesi</displayName>
				<symbol>T</symbol>
			</currency>
			<currency type="LAK">
				<displayName>Laos Kipi</displayName>
				<symbol>LAK</symbol>
			</currency>
			<currency type="LBP">
				<displayName>Lübnan Lirası</displayName>
				<symbol>LL</symbol>
			</currency>
			<currency type="LIF">
				<displayName>Liechtenstein Frangı</displayName>
				<symbol>LIF</symbol>
			</currency>
			<currency type="LKR">
				<displayName>Sri Lanka Rupisi</displayName>
				<symbol>SL Re</symbol>
			</currency>
			<currency type="LNR">
				<displayName>Seylan Rupisi</displayName>
				<symbol>LNR</symbol>
			</currency>
			<currency type="LRD">
				<displayName>Liberya Doları</displayName>
				<symbol>LRD</symbol>
			</currency>
			<currency type="LSL">
				<displayName>Lesotho Lotisi</displayName>
				<symbol>M</symbol>
			</currency>
			<currency type="LTL">
				<displayName>Litvanya Litası</displayName>
				<symbol>LTL</symbol>
			</currency>
			<currency type="LTT">
				<displayName>Litvanya Talonu</displayName>
				<symbol>LTT</symbol>
			</currency>
			<currency type="LUF">
				<displayName>Lüksemburg Frangı</displayName>
				<symbol>LUF</symbol>
			</currency>
			<currency type="LVL">
				<displayName>Letonya Latı</displayName>
				<symbol>LVL</symbol>
			</currency>
			<currency type="LVR">
				<displayName>Letonya Rublesi</displayName>
				<symbol>LVR</symbol>
			</currency>
			<currency type="LYB">
				<displayName>Libya İngiliz Askeri Yönetimi Lirası</displayName>
				<symbol>LYB</symbol>
			</currency>
			<currency type="LYD">
				<displayName>Libya Dinarı</displayName>
				<symbol>LD</symbol>
			</currency>
			<currency type="LYP">
				<displayName>Libya Lirası</displayName>
				<symbol>LYP</symbol>
			</currency>
			<currency type="MAD">
				<displayName>Fas Dirhemi</displayName>
				<symbol>MAD</symbol>
			</currency>
			<currency type="MAF">
				<displayName>Fas Frangı</displayName>
				<symbol>MAF</symbol>
			</currency>
			<currency type="MCF">
				<displayName>Yeni Fas Frangı</displayName>
				<symbol>MCF</symbol>
			</currency>
			<currency type="MCG">
				<displayName>Fas Frangı (Germinal)</displayName>
				<symbol>MCG</symbol>
			</currency>
			<currency type="MDC">
				<displayName>Moldova Leyi (Cupon)</displayName>
				<symbol>MDC</symbol>
			</currency>
			<currency type="MDL">
				<displayName>Moldova Leyi</displayName>
				<symbol>MDL</symbol>
			</currency>
			<currency type="MDR">
				<displayName>Moldova Rublesi (Cupon)</displayName>
				<symbol>MDR</symbol>
			</currency>
			<currency type="MGA">
				<displayName>Madagaskar Ariary</displayName>
				<symbol>MGA</symbol>
			</currency>
			<currency type="MGF">
				<displayName>Madagaskar Frangı</displayName>
				<symbol>MGF</symbol>
			</currency>
			<currency type="MHD">
				<displayName>Marshall Adaları Doları</displayName>
				<symbol>MHD</symbol>
			</currency>
			<currency type="MKD">
				<displayName>Makedonya Dinarı</displayName>
				<symbol>MDen</symbol>
			</currency>
			<currency type="MKN">
				<displayName>Makedonya Dinarı (1992-1993)</displayName>
				<symbol>MKN</symbol>
			</currency>
			<currency type="MLF">
				<displayName>Mali Frangı</displayName>
				<symbol>MLF</symbol>
			</currency>
			<currency type="MMK">
				<displayName>Myanmar Kyatı</displayName>
				<symbol>MMK</symbol>
			</currency>
			<currency type="MMX">
				<displayName>Myanmar Doları FEC</displayName>
				<symbol>MMX</symbol>
			</currency>
			<currency type="MNT">
				<displayName>Moğol Tugriki</displayName>
				<symbol>Tug</symbol>
			</currency>
			<currency type="MOP">
				<displayName>Makao Patacası</displayName>
				<symbol>MOP</symbol>
			</currency>
			<currency type="MQF">
				<displayName>Martinik Frangı</displayName>
				<symbol>MQF</symbol>
			</currency>
			<currency type="MRO">
				<displayName>Moritanya Ouguiyası</displayName>
				<symbol>UM</symbol>
			</currency>
			<currency type="MTL">
				<displayName>Malta Lirası</displayName>
				<symbol>Lm</symbol>
			</currency>
			<currency type="MTP">
				<displayName>Malta Lirası</displayName>
				<symbol>MTP</symbol>
			</currency>
			<currency type="MUR">
				<displayName>Mauritius Rupisi</displayName>
				<symbol>MUR</symbol>
			</currency>
			<currency type="MVP">
				<displayName>Maldiv Adaları Rupisi</displayName>
				<symbol>MVP</symbol>
			</currency>
			<currency type="MVR">
				<displayName>Maldiv Adaları Rufiyaa</displayName>
				<symbol>MVR</symbol>
			</currency>
			<currency type="MWK">
				<displayName>Malavi Kvaçası</displayName>
				<symbol>MK</symbol>
			</currency>
			<currency type="MWP">
				<displayName>Malavi Lirası</displayName>
				<symbol>MWP</symbol>
			</currency>
			<currency type="MXN">
				<displayName>Meksika Pezosu</displayName>
				<symbol>MEX$</symbol>
			</currency>
			<currency type="MXP">
				<displayName>Gümüş Meksika Pezosu (1861-1992)</displayName>
				<symbol>MXP</symbol>
			</currency>
			<currency type="MXV">
				<displayName>Meksika Unidad de Inversion (UDI)</displayName>
				<symbol>MXV</symbol>
			</currency>
			<currency type="MYR">
				<displayName>Malezya Ringiti</displayName>
				<symbol>RM</symbol>
			</currency>
			<currency type="MZE">
				<displayName>Mozambik Esküdosu</displayName>
				<symbol>MZE</symbol>
			</currency>
			<currency type="MZM">
				<displayName>Mozambik Meticalı</displayName>
				<symbol>Mt</symbol>
			</currency>
			<currency type="NAD">
				<displayName>Namibya Doları</displayName>
				<symbol>N$</symbol>
			</currency>
			<currency type="NCF">
				<displayName>Yeni Kaledonya Frangı (Germinal)</displayName>
				<symbol>NCF</symbol>
			</currency>
			<currency type="NGN">
				<displayName>Nijerya Nairası</displayName>
				<symbol>NGN</symbol>
			</currency>
			<currency type="NGP">
				<displayName>Nijerya Lirası</displayName>
				<symbol>NGP</symbol>
			</currency>
			<currency type="NHF">
				<displayName>Yeni Hebridler CFP Frangı</displayName>
				<symbol>NHF</symbol>
			</currency>
			<currency type="NIC">
				<displayName>Nikaragua Kordobası</displayName>
				<symbol>NIC</symbol>
			</currency>
			<currency type="NIG">
				<displayName>Altın Nikaragua Kordobası</displayName>
				<symbol>NIG</symbol>
			</currency>
			<currency type="NIO">
				<displayName>Nikaragua Kordobası (Oro)</displayName>
				<symbol>NIO</symbol>
			</currency>
			<currency type="NLG">
				<displayName>Hollanda Florini</displayName>
				<symbol>NLG</symbol>
			</currency>
			<currency type="NOK">
				<displayName>Norveç Kronu</displayName>
				<symbol>NKr</symbol>
			</currency>
			<currency type="NPR">
				<displayName>Nepal Rupisi</displayName>
				<symbol>Nrs</symbol>
			</currency>
			<currency type="NZD">
				<displayName>Yeni Zelanda Doları</displayName>
				<symbol>$NZ</symbol>
			</currency>
			<currency type="NZP">
				<displayName>Yeni Zelanda Lirası</displayName>
				<symbol>NZP</symbol>
			</currency>
			<currency type="OMR">
				<displayName>Umman Riyali</displayName>
				<symbol>RO</symbol>
			</currency>
			<currency type="OMS">
				<displayName>Umman Riyali (Saidi)</displayName>
				<symbol>OMS</symbol>
			</currency>
			<currency type="PAB">
				<displayName>Panama Balboası</displayName>
				<symbol>PAB</symbol>
			</currency>
			<currency type="PDK">
				<displayName>Transdniestria Rublesi (Kupon)</displayName>
				<symbol>PDK</symbol>
			</currency>
			<currency type="PDN">
				<displayName>Yeni Transdniestria Rublesi</displayName>
				<symbol>PDN</symbol>
			</currency>
			<currency type="PDR">
				<displayName>Transdniestria Rublesi</displayName>
				<symbol>PDR</symbol>
			</currency>
			<currency type="PEI">
				<displayName>Peru İnti</displayName>
				<symbol>PEI</symbol>
			</currency>
			<currency type="PEN">
				<displayName>Yeni Peru Solu</displayName>
				<symbol>PEN</symbol>
			</currency>
			<currency type="PES">
				<displayName>Peru Solu</displayName>
				<symbol>PES</symbol>
			</currency>
			<currency type="PGK">
				<displayName>Papua Yeni Gine Kinası</displayName>
				<symbol>PGK</symbol>
			</currency>
			<currency type="PHP">
				<displayName>Filipinler Pezosu</displayName>
				<symbol>PHP</symbol>
			</currency>
			<currency type="PKR">
				<displayName>Pakistan Rupisi</displayName>
				<symbol>Pra</symbol>
			</currency>
			<currency type="PLN">
				<displayName>Polonya Zlotisi</displayName>
				<symbol>Zl</symbol>
			</currency>
			<currency type="PLX">
				<displayName>Polonya ABD Doları FEC</displayName>
				<symbol>PLX</symbol>
			</currency>
			<currency type="PLZ">
				<displayName>Polonya Zlotisi (1950-1995)</displayName>
				<symbol>PLZ</symbol>
			</currency>
			<currency type="PSP">
				<displayName>Filistin Lirası</displayName>
				<symbol>PSP</symbol>
			</currency>
			<currency type="PTC">
				<displayName>Portekiz Conto</displayName>
				<symbol>PTC</symbol>
			</currency>
			<currency type="PTE">
				<displayName>Portekiz Esküdosu</displayName>
				<symbol>PTE</symbol>
			</currency>
			<currency type="PYG">
				<displayName>Paraguay Guaranisi</displayName>
				<symbol>PYG</symbol>
			</currency>
			<currency type="QAR">
				<displayName>Katar Riyali</displayName>
				<symbol>QR</symbol>
			</currency>
			<currency type="REF">
				<displayName>Reunion Frangı</displayName>
				<symbol>REF</symbol>
			</currency>
			<currency type="ROL">
				<displayName>Romen Leyi</displayName>
				<symbol>leu</symbol>
			</currency>
			<currency type="RON">
				<displayName>Yeni Romen Leyi</displayName>
				<symbol>RON</symbol>
			</currency>
			<currency type="RUB">
				<displayName>Rus Rublesi</displayName>
				<symbol>RUB</symbol>
			</currency>
			<currency type="RUR">
				<displayName>Rus Rublesi (1991-1998)</displayName>
				<symbol>RUR</symbol>
			</currency>
			<currency type="RWF">
				<displayName>Ruanda Frangı</displayName>
				<symbol>RWF</symbol>
			</currency>
			<currency type="SAR">
				<displayName>Suudi Arabistan Riyali</displayName>
				<symbol>SRl</symbol>
			</currency>
			<currency type="SAS">
				<displayName>Suudi Arabistan Riyali (Sovereign)</displayName>
				<symbol>SAS</symbol>
			</currency>
			<currency type="SBD">
				<displayName>Solomon Adaları Doları</displayName>
				<symbol>SI$</symbol>
			</currency>
			<currency type="SCR">
				<displayName>Seyşeller Rupisi</displayName>
				<symbol>SR</symbol>
			</currency>
			<currency type="SDD">
				<displayName>Sudan Dinarı</displayName>
				<symbol>SDD</symbol>
			</currency>
			<currency type="SDP">
				<displayName>Sudan Lirası</displayName>
				<symbol>SDP</symbol>
			</currency>
			<currency type="SEK">
				<displayName>İsveç Kronu</displayName>
				<symbol>SKr</symbol>
			</currency>
			<currency type="SGD">
				<displayName>Singapur Doları</displayName>
				<symbol>S$</symbol>
			</currency>
			<currency type="SHP">
				<displayName>Saint Helena Lirası</displayName>
				<symbol>SHP</symbol>
			</currency>
			<currency type="SIB">
				<displayName>Slovenya Toları (Bons)</displayName>
				<symbol>SIB</symbol>
			</currency>
			<currency type="SIT">
				<displayName>Slovenya Toları</displayName>
				<symbol>SIT</symbol>
			</currency>
			<currency type="SKK">
				<displayName>Slovak Korunası</displayName>
				<symbol>Sk</symbol>
			</currency>
			<currency type="SLL">
				<displayName>Sierra Leone Leonesi</displayName>
				<symbol>SLL</symbol>
			</currency>
			<currency type="SML">
				<displayName>San Marino Lirası</displayName>
				<symbol>SML</symbol>
			</currency>
			<currency type="SOS">
				<displayName>Somali Şilini</displayName>
				<symbol>So. Sh.</symbol>
			</currency>
			<currency type="SQS">
				<displayName>Somaliland Şilini</displayName>
				<symbol>SQS</symbol>
			</currency>
			<currency type="SRG">
				<displayName>Surinam Guldeni</displayName>
				<symbol>Sf</symbol>
			</currency>
			<currency type="SSP">
				<displayName>İskoçya Lirası</displayName>
				<symbol>SSP</symbol>
			</currency>
			<currency type="STD">
				<displayName>Sao Tome ve Principe Dobrası</displayName>
				<symbol>Db</symbol>
			</currency>
			<currency type="STE">
				<displayName>Sao Tome ve Principe Esküdosu</displayName>
				<symbol>STE</symbol>
			</currency>
			<currency type="SUN">
				<displayName>Yeni Sovyet Rublesi</displayName>
				<symbol>SUN</symbol>
			</currency>
			<currency type="SUR">
				<displayName>Sovyet Rublesi</displayName>
				<symbol>SUR</symbol>
			</currency>
			<currency type="SVC">
				<displayName>El Salvador Kolonu</displayName>
				<symbol>SVC</symbol>
			</currency>
			<currency type="SYP">
				<displayName>Suriye Lirası</displayName>
				<symbol>LS</symbol>
			</currency>
			<currency type="SZL">
				<displayName>Swaziland Lilangenisi</displayName>
				<symbol>E</symbol>
			</currency>
			<currency type="TCC">
				<displayName>Turks ve Caicos Adaları Crownu</displayName>
				<symbol>TCC</symbol>
			</currency>
			<currency type="TDF">
				<displayName>Çad CFA Frangı</displayName>
				<symbol>TDF</symbol>
			</currency>
			<currency type="THB">
				<displayName>Tayland Bahtı</displayName>
				<symbol>THB</symbol>
			</currency>
			<currency type="TJR">
				<displayName>Tacikistan Rublesi</displayName>
				<symbol>TJR</symbol>
			</currency>
			<currency type="TJS">
				<displayName>Tacikistan Somonisi</displayName>
				<symbol>TJS</symbol>
			</currency>
			<currency type="TMM">
				<displayName>Türkmenistan Manatı</displayName>
				<symbol>TMM</symbol>
			</currency>
			<currency type="TND">
				<displayName>Tunus Dinarı</displayName>
				<symbol>TND</symbol>
			</currency>
			<currency type="TOP">
				<displayName>Tonga Paʻangası</displayName>
				<symbol>T$</symbol>
			</currency>
			<currency type="TOS">
				<displayName>Tonga Sterlini</displayName>
				<symbol>TOS</symbol>
			</currency>
			<currency type="TPE">
				<displayName>Timor Esküdosu</displayName>
				<symbol>TPE</symbol>
			</currency>
			<currency type="TPP">
				<displayName>Timor Patacası</displayName>
				<symbol>TPP</symbol>
			</currency>
			<currency type="TRL">
				<displayName>Türk Lirası</displayName>
				<symbol>TL</symbol>
			</currency>
			<currency type="TTD">
				<displayName>Trinidad ve Tobago Doları</displayName>
				<symbol>TT$</symbol>
			</currency>
			<currency type="TTO">
				<displayName>Eski Trinidad ve Tobago Doları</displayName>
				<symbol>TTO</symbol>
			</currency>
			<currency type="TVD">
				<displayName>Tuvalu Doları</displayName>
				<symbol>TVD</symbol>
			</currency>
			<currency type="TWD">
				<displayName>Yeni Tayvan Doları</displayName>
				<symbol>NT$</symbol>
			</currency>
			<currency type="TZS">
				<displayName>Tanzanya Şilini</displayName>
				<symbol>T Sh</symbol>
			</currency>
			<currency type="UAH">
				<displayName>Ukrayna Grivnası</displayName>
				<symbol>UAH</symbol>
			</currency>
			<currency type="UAK">
				<displayName>Ukrayna Karbovanetz</displayName>
				<symbol>UAK</symbol>
			</currency>
			<currency type="UGS">
				<displayName>Uganda Şilini (1966-1987)</displayName>
				<symbol>UGS</symbol>
			</currency>
			<currency type="UGX">
				<displayName>Uganda Şilini</displayName>
				<symbol>U Sh</symbol>
			</currency>
			<currency type="USD">
				<displayName>ABD Doları</displayName>
				<symbol>US$</symbol>
			</currency>
			<currency type="USN">
				<displayName>ABD Doları (Ertesi gün)</displayName>
				<symbol>USN</symbol>
			</currency>
			<currency type="USS">
				<displayName>ABD Doları (Aynı gün)</displayName>
				<symbol>USS</symbol>
			</currency>
			<currency type="UYF">
				<displayName>Uruguay Pezosu (Fuerte)</displayName>
				<symbol>UYF</symbol>
			</currency>
			<currency type="UYP">
				<displayName>Uruguay Pezosu (1975-1993)</displayName>
				<symbol>UYP</symbol>
			</currency>
			<currency type="UYU">
				<displayName>Uruguay Pezosu (Uruguayo)</displayName>
				<symbol>Ur$</symbol>
			</currency>
			<currency type="UZC">
				<displayName>Özbekistan Sumu (Coupon)</displayName>
				<symbol>UZC</symbol>
			</currency>
			<currency type="UZS">
				<displayName>Özbekistan Sumu</displayName>
				<symbol>UZS</symbol>
			</currency>
			<currency type="VAL">
				<displayName>Vatikan Şehir Devleti Lirası</displayName>
				<symbol>VAL</symbol>
			</currency>
			<currency type="VDD">
				<displayName>Kuzey Vietnam Piastre Dong Viet</displayName>
				<symbol>VDD</symbol>
			</currency>
			<currency type="VDN">
				<displayName>Yeni Kuzey Vietnam Dongu</displayName>
				<symbol>VDN</symbol>
			</currency>
			<currency type="VDP">
				<displayName>Kuzey Vietnam Viet Minh Piastre Dong Viet</displayName>
				<symbol>VDP</symbol>
			</currency>
			<currency type="VEB">
				<displayName>Venezuela Bolivarı</displayName>
				<symbol>Be</symbol>
			</currency>
			<currency type="VGD">
				<displayName>İngiliz Virgin Adaları Doları</displayName>
				<symbol>VGD</symbol>
			</currency>
			<currency type="VND">
				<displayName>Vietnam Dongu</displayName>
				<symbol>VND</symbol>
			</currency>
			<currency type="VNN">
				<displayName>Yeni Vietnam Dongu</displayName>
				<symbol>VNN</symbol>
			</currency>
			<currency type="VNR">
				<displayName>Vietnam Cumhuriyeti Dongu</displayName>
				<symbol>VNR</symbol>
			</currency>
			<currency type="VNS">
				<displayName>Vietnam Ulusal Dongu</displayName>
				<symbol>VNS</symbol>
			</currency>
			<currency type="VUV">
				<displayName>Vanuatu Vatusu</displayName>
				<symbol>VT</symbol>
			</currency>
			<currency type="WSP">
				<displayName>Batı Samoa Lirası</displayName>
				<symbol>WSP</symbol>
			</currency>
			<currency type="WST">
				<displayName>Batı Samoa Talası</displayName>
				<symbol>WST</symbol>
			</currency>
			<currency type="XAD">
				<displayName>Asya Hesap Birimi Dinarı</displayName>
				<symbol>XAD</symbol>
			</currency>
			<currency type="XAF">
				<displayName>CFA Frangı BEAC</displayName>
				<symbol>XAF</symbol>
			</currency>
			<currency type="XAM">
				<displayName>Asya Para Birimi</displayName>
				<symbol>XAM</symbol>
			</currency>
			<currency type="XAU">
				<displayName>Altın</displayName>
				<symbol>XAU</symbol>
			</currency>
			<currency type="XBA">
				<displayName>Birleşik Avrupa Birimi</displayName>
				<symbol>XBA</symbol>
			</currency>
			<currency type="XBB">
				<displayName>Avrupa Para Birimi</displayName>
				<symbol>XBB</symbol>
			</currency>
			<currency type="XBC">
				<displayName>Avrupa Hesap Birimi (XBC)</displayName>
				<symbol>XBC</symbol>
			</currency>
			<currency type="XBD">
				<displayName>Avrupa Hesap Birimi (XBD)</displayName>
				<symbol>XBD</symbol>
			</currency>
			<currency type="XCD">
				<displayName>Doğu Karayip Doları</displayName>
				<symbol>EC$</symbol>
			</currency>
			<currency type="XCF">
				<displayName>CFA Yeni Frank</displayName>
				<symbol>XCF</symbol>
			</currency>
			<currency type="XDR">
				<displayName>Özel Çekme Hakkı (SDR)</displayName>
				<symbol>XDR</symbol>
			</currency>
			<currency type="XEF">
				<displayName>CFA Frank BCEAEC</displayName>
				<symbol>XEF</symbol>
			</currency>
			<currency type="XEU">
				<displayName>Avrupa Para Birimi</displayName>
				<symbol>XEU</symbol>
			</currency>
			<currency type="XFO">
				<displayName>Fransız Altın Frangı</displayName>
				<symbol>XFO</symbol>
			</currency>
			<currency type="XFU">
				<displayName>Fransız UIC-Frangı</displayName>
				<symbol>XFU</symbol>
			</currency>
			<currency type="XID">
				<displayName>İslam Dinarı</displayName>
				<symbol>XID</symbol>
			</currency>
			<currency type="XMF">
				<displayName>Ana Fransa yeni Frangı</displayName>
				<symbol>XMF</symbol>
			</currency>
			<currency type="XNF">
				<displayName>Fransız Antilleri CFA Frangı</displayName>
				<symbol>XNF</symbol>
			</currency>
			<currency type="XOF">
				<displayName>CFA Frangı BCEAO</displayName>
				<symbol>XOF</symbol>
			</currency>
			<currency type="XPF">
				<displayName>CFP Frangı</displayName>
				<symbol>CFPF</symbol>
			</currency>
			<currency type="XTR">
				<displayName>COMECON Transfer Edilebilir Rublesi</displayName>
				<symbol>XTR</symbol>
			</currency>
			<currency type="YDD">
				<displayName>Yemen Dinarı</displayName>
				<symbol>YDD</symbol>
			</currency>
			<currency type="YEI">
				<displayName>Yemen Riyali (Imadi)</displayName>
				<symbol>YEI</symbol>
			</currency>
			<currency type="YER">
				<displayName>Yemen Riyali</displayName>
				<symbol>YRl</symbol>
			</currency>
			<currency type="YUD">
				<displayName>Yugoslav Dinarı (Hard)</displayName>
				<symbol>YUD</symbol>
			</currency>
			<currency type="YUF">
				<displayName>Yugoslav Federasyonu Dinarı</displayName>
				<symbol>YUF</symbol>
			</currency>
			<currency type="YUG">
				<displayName>Yugoslav 1994 Dinarı</displayName>
				<symbol>YUG</symbol>
			</currency>
			<currency type="YUM">
				<displayName>Yeni Yugoslav Dinarı</displayName>
				<symbol>YUM</symbol>
			</currency>
			<currency type="YUN">
				<displayName>Konvertibl Yugoslav Dinarı</displayName>
				<symbol>YUN</symbol>
			</currency>
			<currency type="YUO">
				<displayName>Yugoslav Ekim Dinarı</displayName>
				<symbol>YUO</symbol>
			</currency>
			<currency type="YUR">
				<displayName>Yugoslav Dinarı (Reformed)</displayName>
				<symbol>YUR</symbol>
			</currency>
			<currency type="ZAL">
				<displayName>Güney Afrika Randı (finansal)</displayName>
				<symbol>ZAL</symbol>
			</currency>
			<currency type="ZAP">
				<displayName>Güney Afrika Lirası</displayName>
				<symbol>ZAP</symbol>
			</currency>
			<currency type="ZAR">
				<displayName>Güney Afrika Randı</displayName>
				<symbol>R</symbol>
			</currency>
			<currency type="ZMK">
				<displayName>Zambiya Kvaçası</displayName>
				<symbol>ZMK</symbol>
			</currency>
			<currency type="ZMP">
				<displayName>Zambiya Lirası</displayName>
				<symbol>ZMP</symbol>
			</currency>
			<currency type="ZRN">
				<displayName>Yeni Zaire Zairesi</displayName>
				<symbol>ZRN</symbol>
			</currency>
			<currency type="ZRZ">
				<displayName>Zaire Zairesi</displayName>
				<symbol>ZRZ</symbol>
			</currency>
			<currency type="ZWD">
				<displayName>Zimbabwe Doları</displayName>
				<symbol>Z$</symbol>
			</currency>
		</currencies>
	</numbers>
	<posix>
		<messages>
			<yesstr>Evet</yesstr>
			<nostr>Hayır</nostr>
			<yesexpr>E</yesexpr>
			<noexpr>H</noexpr>
		</messages>
	</posix>
</ldml>
<!-- Old Comments. See root.xml for more info.
URL: http://oss.software.ibm.com/cvs/icu/icu/source/data/locales/tr.txt?only_with_tag=final-update-LDML

BN { "Brunei Dar\u00FCsselam" }
        FK { "Falkland Adalar\u0131 (Malvinalar)" }    // alternate name { "Falkland Adalar\u0131" }
        KP { "Kore, Kuzey" }    // alternate name { "Kore Demokratik Halk Cumhuriyeti" }
        KR { "Kore, G\u00FCney" }    // alternate name { "Kore Cumhuriyeti" }
LY { "Libya Arap Cemahiriyesi" }
        TW { "Tayvan, \u00C7in B\u00F6lgesi" }    // alternate name { "Tayvan" }
as { "Assamese" }
zh_cn { "\u00C7ince (Basitle\u015Ftirilmi\u015F)" }
zh_tw { "\u00C7ince (Geleneksel)" }
        "Latn",  // ISO 15924 Name 
Currency display names
        ITL { "ITL", "ITL" } // Italian Lira
TRL { "\u20A4", "TRL" } // Turkish Lira (Rarely used)
        TRL { "TL", "TRL" } // Turkish Lira
-->

