<?xml version="1.0" encoding="UTF-8" ?>
<!DOCTYPE ldml SYSTEM "http://www.unicode.org/cldr/dtd/1.2/ldml.dtd">
<ldml >
	<identity>
		<version number="1.2"/>
		<generation date="2004-08-27"/>
		<language type="uk"/>
	</identity>
	<localeDisplayNames>
		<languages>
			<language type="aa">Афарська</language>
			<language type="ab">Абхазька</language>
			<language type="af">Африканс</language>
			<language type="am">Амхарік</language>
			<language type="ar">Арабська</language>
			<language type="as">Ассамська</language>
			<language type="ay">Аймара</language>
			<language type="az">Азербайджанська</language>
			<language type="ba">Башкирська</language>
			<language type="be">Білоруська</language>
			<language type="bg">Болгарська</language>
			<language type="bh">Біхарійська</language>
			<language type="bi">Бісламійська</language>
			<language type="bn">Бенгальська</language>
			<language type="bo">Тибетська</language>
			<language type="br">Бретонська</language>
			<language type="ca">Каталонська</language>
			<language type="co">Корсиканська</language>
			<language type="cs">Чеська</language>
			<language type="cy">Валлійська</language>
			<language type="da">Датська</language>
			<language type="de">Німецька</language>
			<language type="dz">Дзонг-ке</language>
			<language type="el">Грецька</language>
			<language type="en">Англійська</language>
			<language type="eo">Есперанто</language>
			<language type="es">Іспанська</language>
			<language type="et">Естонська</language>
			<language type="eu">Басків</language>
			<language type="fa">Перська</language>
			<language type="fi">Фінська</language>
			<language type="fj">Фіджі</language>
			<language type="fo">Фарерська</language>
			<language type="fr">Французька</language>
			<language type="fy">Фризька</language>
			<language type="ga">Ірландська</language>
			<language type="gd">Гаельська</language>
			<language type="gl">Галісійська</language>
			<language type="gn">Гуарані</language>
			<language type="gu">Гуяраті</language>
			<language type="ha">Хауса</language>
			<language type="he">Іврит</language>
			<language type="hi">Гінді</language>
			<language type="hr">Хорватська</language>
			<language type="hu">Угорська</language>
			<language type="hy">Вірменська</language>
			<language type="ia">Інтерлінгва</language>
			<language type="id">Індонезійська</language>
			<language type="ie">Інтерлінгва</language>
			<language type="ik">Інупіак</language>
			<language type="is">Ісландська</language>
			<language type="it">Італійська</language>
			<language type="ja">Японська</language>
			<language type="jv">Яванська</language>
			<language type="ka">Грузинська</language>
			<language type="kk">Казахська</language>
			<language type="kl">Калааллісут</language>
			<language type="km">Кхмерська</language>
			<language type="kn">Каннада</language>
			<language type="ko">Корейська</language>
			<language type="ks">Кашмірська</language>
			<language type="ku">Курдська</language>
			<language type="ky">Киргизька</language>
			<language type="la">Латинська</language>
			<language type="ln">Лінгала</language>
			<language type="lo">Лаоська</language>
			<language type="lt">Литовська</language>
			<language type="lv">Латвійська</language>
			<language type="mg">Малагасійська</language>
			<language type="mi">Маорі</language>
			<language type="mk">Македонська</language>
			<language type="ml">Малайялам</language>
			<language type="mn">Монгольська</language>
			<language type="mo">Молдавська</language>
			<language type="mr">Маратхі</language>
			<language type="ms">Малайська</language>
			<language type="mt">Мальтійська</language>
			<language type="my">Бірманська</language>
			<language type="na">Науру</language>
			<language type="ne">Непальська</language>
			<language type="nl">Голландська</language>
			<language type="no">Норвезька</language>
			<language type="oc">Окитан</language>
			<language type="om">Оромо</language>
			<language type="or">Орія</language>
			<language type="pa">Панджабі</language>
			<language type="pl">Польська</language>
			<language type="ps">Пашто</language>
			<language type="pt">Португальська</language>
			<language type="qu">Кечуа</language>
			<language type="rm">Ретророманські діалекти</language>
			<language type="rn">Кірундійська</language>
			<language type="ro">Румунська</language>
			<language type="ru">Російська</language>
			<language type="rw">Кінаруанда</language>
			<language type="sa">Санскрит</language>
			<language type="sd">Сіндтхі</language>
			<language type="sg">Сангро</language>
			<language type="sh">Сербсько-хорватська</language>
			<language type="si">Сингальська</language>
			<language type="sk">Словацька</language>
			<language type="sl">Словенська</language>
			<language type="sm">Самоанська</language>
			<language type="sn">Шона</language>
			<language type="so">Сомалі</language>
			<language type="sq">Албанська</language>
			<language type="sr">Сербська</language>
			<language type="ss">Сісваті</language>
			<language type="st">Сото, південний діалект</language>
			<language type="su">Суданська</language>
			<language type="sv">Шведська</language>
			<language type="sw">Суахілі</language>
			<language type="ta">Тамільська</language>
			<language type="te">Телугу</language>
			<language type="tg">Таджицька</language>
			<language type="th">Тайська</language>
			<language type="ti">Тигріні</language>
			<language type="tk">Туркменська</language>
			<language type="tl">Тагальська</language>
			<language type="tn">Сетсванська</language>
			<language type="to">Тонга (острови Тонга)</language>
			<language type="tr">Турецька</language>
			<language type="ts">Тсонго</language>
			<language type="tt">Татарська</language>
			<language type="tw">Тві</language>
			<language type="ug">Уйгурська</language>
			<language type="uk">Українська</language>
			<language type="ur">Урду</language>
			<language type="uz">Узбецька</language>
			<language type="vi">Вʼєтнамська</language>
			<language type="vo">Волапак</language>
			<language type="wo">Волоф</language>
			<language type="xh">Кхоса</language>
			<language type="yi">Ідиш</language>
			<language type="yo">Йоруба</language>
			<language type="za">Зуанг</language>
			<language type="zh">Китайська</language>
			<language type="zu">Зулуська</language>
		</languages>
		<scripts>
			<script type="Arab">Арабський</script>
			<script type="Armn">Вірменський</script>
			<script type="Beng">Бенгальський</script>
			<script type="Bopo">Бопомофо</script>
			<script type="Brai">Брайля</script>
			<script type="Buhd">Бухід</script>
			<script type="Cans">Уніфіковані символи канадських туземців</script>
			<script type="Cher">Черокі</script>
			<script type="Copt">Коптський</script>
			<script type="Cprt">Кіпрський</script>
			<script type="Cyrl">Кириличний</script>
			<script type="Deva">Деванагарі</script>
			<script type="Dsrt">Дезерет</script>
			<script type="Ethi">Ефіопський</script>
			<script type="Geor">Грузинський</script>
			<script type="Goth">Готський</script>
			<script type="Grek">Грецький</script>
			<script type="Gujr">Гуяраті</script>
			<script type="Guru">Гурмукхі</script>
			<script type="Hang">Хангул</script>
			<script type="Hano">Хануну</script>
			<script type="Hebr">Єврейський</script>
			<script type="Hira">Хірагана</script>
			<script type="Ital">Давньоіталійський</script>
			<script type="Kana">Катакана</script>
			<script type="Khmr">Кхмерський</script>
			<script type="Knda">Каннада</script>
			<script type="Laoo">Лаоський</script>
			<script type="Latn">Латинський</script>
			<script type="Limb">Limbu</script>
			<script type="Linb">Лінійний В</script>
			<script type="Mlym">Малайялам</script>
			<script type="Mong">Монгольський</script>
			<script type="Mymr">Мʼянмар</script>
			<script type="Ogam">Давньоірландський</script>
			<script type="Orya">Орія</script>
			<script type="Osma">Османський</script>
			<script type="Qaai">Успадкований</script>
			<script type="Runr">Руни</script>
			<script type="Shaw">Шоу</script>
			<script type="Sinh">Сингальський</script>
			<script type="Syrc">Сирійський</script>
			<script type="Tagb">Тагбанва</script>
			<script type="Tale">Тай-лі</script>
			<script type="Taml">Тамільський</script>
			<script type="Telu">Телугу</script>
			<script type="Tglg">Тагальський</script>
			<script type="Thaa">Таана</script>
			<script type="Thai">Тайський</script>
			<script type="Tibt">Тибетський</script>
			<script type="Yiii">Йї</script>
			<script type="Zyyy">Невизначений</script>
		</scripts>
		<territories>
			<territory type="AD">Андорра</territory>
			<territory type="AE">Обʼєднані Арабські Емірати</territory>
			<territory type="AF">Афганістан</territory>
			<territory type="AG">Антигуа і Барбуда</territory>
			<territory type="AI">Ангілья</territory>
			<territory type="AL">Албанія</territory>
			<territory type="AM">Вірменія</territory>
			<territory type="AN">Нідерландські Антільські Острови</territory>
			<territory type="AO">Ангола</territory>
			<territory type="AQ">Антарктика</territory>
			<territory type="AR">Аргентина</territory>
			<territory type="AS">Американське Самоа</territory>
			<territory type="AT">Австрія</territory>
			<territory type="AU">Австралія</territory>
			<territory type="AW">Аруба</territory>
			<territory type="AZ">Азербайджан</territory>
			<territory type="BA">Боснія і Герцоговина</territory>
			<territory type="BB">Барбадос</territory>
			<territory type="BD">Бангладеш</territory>
			<territory type="BE">Бельгія</territory>
			<territory type="BF">Буркіна-Фасо</territory>
			<territory type="BG">Болгарія</territory>
			<territory type="BH">Бахрейн</territory>
			<territory type="BI">Бурунді</territory>
			<territory type="BJ">Бенін</territory>
			<territory type="BM">Бермуди</territory>
			<territory type="BN">Бруней</territory>
			<territory type="BO">Болівія</territory>
			<territory type="BR">Бразилія</territory>
			<territory type="BS">Багами</territory>
			<territory type="BT">Бутан</territory>
			<territory type="BV">Буве, острів</territory>
			<territory type="BW">Ботсвана</territory>
			<territory type="BY">Білорусь</territory>
			<territory type="BZ">Беліз</territory>
			<territory type="CA">Канада</territory>
			<territory type="CC">Кокосові острови</territory>
			<territory type="CD">Конго, Демократична Республіка</territory>
			<territory type="CF">Центрально-Африканська Республіка</territory>
			<territory type="CG">Конго</territory>
			<territory type="CH">Швейцарія</territory>
			<territory type="CI">Кот-д’Івуар</territory>
			<territory type="CK">Острови Кука</territory>
			<territory type="CL">Чилі</territory>
			<territory type="CM">Камерун</territory>
			<territory type="CN">Китай</territory>
			<territory type="CO">Колумбія</territory>
			<territory type="CR">Коста-Рика</territory>
			<territory type="CU">Куба</territory>
			<territory type="CV">Кабо-Верде</territory>
			<territory type="CX">Острів Різдва</territory>
			<territory type="CY">Кіпр</territory>
			<territory type="CZ">Чеська республіка</territory>
			<territory type="DE">Німеччина</territory>
			<territory type="DJ">Джібуті</territory>
			<territory type="DK">Данія</territory>
			<territory type="DM">Домінік</territory>
			<territory type="DO">Домініканська Республіка</territory>
			<territory type="DZ">Алжир</territory>
			<territory type="EC">Еквадор</territory>
			<territory type="EE">Естонія</territory>
			<territory type="EG">Єгипет</territory>
			<territory type="EH">Західна Сахара</territory>
			<territory type="ER">Еритрея</territory>
			<territory type="ES">Іспанія</territory>
			<territory type="ET">Ефіопія</territory>
			<territory type="FI">Фінляндія</territory>
			<territory type="FJ">Фіджі</territory>
			<territory type="FK">Фолклендські Острови (Мальвіни)</territory>
			<territory type="FM">Мікронезія</territory>
			<territory type="FO">Фарерські острови</territory>
			<territory type="FR">Франція</territory>
			<territory type="GA">Габон</territory>
			<territory type="GB">Великобританія</territory>
			<territory type="GD">Гренада</territory>
			<territory type="GE">Грузія</territory>
			<territory type="GF">Французька Гвіана</territory>
			<territory type="GH">Гана</territory>
			<territory type="GI">Гібралтар</territory>
			<territory type="GL">Гренландія</territory>
			<territory type="GM">Гамбія</territory>
			<territory type="GN">Гвінея</territory>
			<territory type="GP">Гваделупа</territory>
			<territory type="GQ">Екваторіальна Гвінея</territory>
			<territory type="GR">Греція</territory>
			<territory type="GS">Південна Джорджія та Південні Сандвічеві Острови</territory>
			<territory type="GT">Гватемала</territory>
			<territory type="GU">Гуам</territory>
			<territory type="GW">Гвінея-Біссау</territory>
			<territory type="GY">Гайана</territory>
			<territory type="HK">Гонконг, С.А.Р. Китаю</territory>
			<territory type="HM">Острови Херд і Мак-Дональд</territory>
			<territory type="HN">Гондурас</territory>
			<territory type="HR">Хорватія</territory>
			<territory type="HT">Гаїті</territory>
			<territory type="HU">Угорщина</territory>
			<territory type="ID">Індонезія</territory>
			<territory type="IE">Ірландія</territory>
			<territory type="IL">Ізраїль</territory>
			<territory type="IN">Індія</territory>
			<territory type="IO">Британські території Індійського океану</territory>
			<territory type="IQ">Ірак</territory>
			<territory type="IR">Іран</territory>
			<territory type="IS">Ісландія</territory>
			<territory type="IT">Італія</territory>
			<territory type="JM">Ямайка</territory>
			<territory type="JO">Йорданія</territory>
			<territory type="JP">Японія</territory>
			<territory type="KE">Кенія</territory>
			<territory type="KG">Киргизстан</territory>
			<territory type="KH">Камбоджа</territory>
			<territory type="KI">Кірибаті</territory>
			<territory type="KM">Коморські Острови</territory>
			<territory type="KN">Сент-Кітс і Невіс</territory>
			<territory type="KP">Північна Корея</territory>
			<territory type="KR">Південна Корея</territory>
			<territory type="KW">Кувейт</territory>
			<territory type="KY">Кайманові острови</territory>
			<territory type="KZ">Казахстан</territory>
			<territory type="LA">Лаос</territory>
			<territory type="LB">Ліван</territory>
			<territory type="LC">Сент-Люсія</territory>
			<territory type="LI">Ліхтенштейн</territory>
			<territory type="LK">Шрі-Ланка</territory>
			<territory type="LR">Ліберія</territory>
			<territory type="LS">Лесото</territory>
			<territory type="LT">Литва</territory>
			<territory type="LU">Люксембург</territory>
			<territory type="LV">Латвія</territory>
			<territory type="LY">Лівія</territory>
			<territory type="MA">Марокко</territory>
			<territory type="MC">Монако</territory>
			<territory type="MD">Молдова</territory>
			<territory type="MG">Мадагаскар</territory>
			<territory type="MH">Маршаллові Острови</territory>
			<territory type="MK">Македонія</territory>
			<territory type="ML">Малі</territory>
			<territory type="MM">Мʼянма</territory>
			<territory type="MN">Монголія</territory>
			<territory type="MO">Макао, С.А.Р. Китаю</territory>
			<territory type="MP">Північні Маріанські Острови</territory>
			<territory type="MQ">Мартиніка</territory>
			<territory type="MR">Мавританія</territory>
			<territory type="MS">Монсеррат</territory>
			<territory type="MT">Мальта</territory>
			<territory type="MU">Маврикій</territory>
			<territory type="MV">Мальдіви</territory>
			<territory type="MW">Малаві</territory>
			<territory type="MX">Мексика</territory>
			<territory type="MY">Малайзія</territory>
			<territory type="MZ">Мозамбік</territory>
			<territory type="NA">Намібія</territory>
			<territory type="NC">Нова Каледонія</territory>
			<territory type="NE">Нігер</territory>
			<territory type="NF">Острів Норфолк</territory>
			<territory type="NG">Нігерія</territory>
			<territory type="NI">Нікарагуа</territory>
			<territory type="NL">Нідерланди</territory>
			<territory type="NO">Норвегія</territory>
			<territory type="NP">Непал</territory>
			<territory type="NR">Науру</territory>
			<territory type="NU">Нія</territory>
			<territory type="NZ">Нова Зеландія</territory>
			<territory type="OM">Оман</territory>
			<territory type="PA">Панама</territory>
			<territory type="PE">Перу</territory>
			<territory type="PF">Французька Полінезія</territory>
			<territory type="PG">Папуа Нова Гвінея</territory>
			<territory type="PH">Філіппіни</territory>
			<territory type="PK">Пакистан</territory>
			<territory type="PL">Польща</territory>
			<territory type="PM">Сен-Пʼєр і Мікелон</territory>
			<territory type="PN">Піткерн</territory>
			<territory type="PR">Пуерто-Ріко</territory>
			<territory type="PS">Палестина</territory>
			<territory type="PT">Португалія</territory>
			<territory type="PW">Палау</territory>
			<territory type="PY">Парагвай</territory>
			<territory type="QA">Катар</territory>
			<territory type="RE">Реюньйон</territory>
			<territory type="RO">Румунія</territory>
			<territory type="RU">Росія</territory>
			<territory type="RW">Руанда</territory>
			<territory type="SA">Саудівська Аравія</territory>
			<territory type="SB">Соломонові Острови</territory>
			<territory type="SC">Сейшели</territory>
			<territory type="SD">Судан</territory>
			<territory type="SE">Швеція</territory>
			<territory type="SG">Сінгапур</territory>
			<territory type="SH">Св. Єлена</territory>
			<territory type="SI">Словенія</territory>
			<territory type="SJ">Свалбард і Ян Майєн, острови</territory>
			<territory type="SK">Словакія</territory>
			<territory type="SL">Сьєрра-Леоне</territory>
			<territory type="SM">Сан-Маріно</territory>
			<territory type="SN">Сенегал</territory>
			<territory type="SO">Сомалі</territory>
			<territory type="SR">Суринам</territory>
			<territory type="ST">Сан-Томе і Прінсіпі</territory>
			<territory type="SV">Сальвадор</territory>
			<territory type="SY">Сирійська Арабська Республіка</territory>
			<territory type="SZ">Свазіленд</territory>
			<territory type="TC">Теркс і Кайкос</territory>
			<territory type="TD">Чад</territory>
			<territory type="TF">Французькі Південні Території</territory>
			<territory type="TG">Того</territory>
			<territory type="TH">Таїланд</territory>
			<territory type="TJ">Таджикистан</territory>
			<territory type="TK">Токелау</territory>
			<territory type="TL">Східний Тимор</territory>
			<territory type="TM">Туркменистан</territory>
			<territory type="TN">Туніс</territory>
			<territory type="TO">Тонга</territory>
			<territory type="TR">Туреччина</territory>
			<territory type="TT">Тринідад і Тобаго</territory>
			<territory type="TV">Тувалу</territory>
			<territory type="TW">Тайвань</territory>
			<territory type="TZ">Танзанія, Обʼєднана Республіка</territory>
			<territory type="UA">Україна</territory>
			<territory type="UG">Уганда</territory>
			<territory type="UM">Віддалені Острови США</territory>
			<territory type="US">США</territory>
			<territory type="UY">Уругвай</territory>
			<territory type="UZ">Узбекистан</territory>
			<territory type="VA">Ватикан</territory>
			<territory type="VC">Сент-Вінсент і Гренадини</territory>
			<territory type="VE">Венесуела</territory>
			<territory type="VG">Віргінські острови (Британія)</territory>
			<territory type="VI">Віргінські острови (США)</territory>
			<territory type="VN">Вʼєтнам</territory>
			<territory type="VU">Вануату</territory>
			<territory type="WF">Валліс і Футуна, острови</territory>
			<territory type="WS">Самоа</territory>
			<territory type="YE">Ємен</territory>
			<territory type="YT">Майот</territory>
			<territory type="YU">Югославія</territory>
			<territory type="ZA">ПАР</territory>
			<territory type="ZM">Замбія</territory>
			<territory type="ZW">Зімбабве</territory>
		</territories>
		<keys>
			<key type="collation">Сортування</key>
			<key type="calendar">Календар</key>
			<key type="currency">Валюта</key>
		</keys>
		<types>
			<type type="japanese" key="calendar">Японський календар</type>
			<type type="buddhist" key="calendar">Буддійський календар</type>
			<type type="islamic" key="calendar">Мусульманський календар</type>
			<type type="islamic-civil" key="calendar">Мусульманський друкований календар</type>
			<type type="hebrew" key="calendar">Єврейський календар</type>
			<type type="chinese" key="calendar">Китайський календар</type>
			<type type="gregorian" key="calendar">Григоріанський календар</type>
			<type type="phonebook" key="collation">Телефонна книга</type>
			<type type="pinyin" key="collation">Порядок Pinyin</type>
			<type type="traditional" key="collation">Традиційний</type>
			<type type="stroke" key="collation">Штриховий порядок</type>
			<type type="direct" key="collation">Прямий порядок</type>
		</types>
	</localeDisplayNames>
	<characters>
		<exemplarCharacters>[а-щюьяєіїґ ʼ]</exemplarCharacters>
	</characters>
	<dates>
		<localizedPatternChars>GanjkHmsSEDFwWxhKzAeugXZ</localizedPatternChars>
		<calendars>
			<calendar type="gregorian">
				<months>
					<monthContext type="format">
						<monthWidth type="abbreviated">
							<month type="1">Січ</month>
							<month type="2">Лют</month>
							<month type="3">Бер</month>
							<month type="4">Кві</month>
							<month type="5">Тра</month>
							<month type="6">Чер</month>
							<month type="7">Лип</month>
							<month type="8">Сер</month>
							<month type="9">Вер</month>
							<month type="10">Жов</month>
							<month type="11">Лис</month>
							<month type="12">Гру</month>
						</monthWidth>
						<monthWidth type="narrow">
							<month type="1">С</month>
							<month type="2">Л</month>
							<month type="3">Б</month>
							<month type="4">К</month>
							<month type="5">Т</month>
							<month type="6">Ч</month>
							<month type="7">Л</month>
							<month type="8">С</month>
							<month type="9">В</month>
							<month type="10">Ж</month>
							<month type="11">Л</month>
							<month type="12">Г</month>
						</monthWidth>
						<monthWidth type="wide">
							<month type="1">січня</month>
							<month type="2">лютого</month>
							<month type="3">березня</month>
							<month type="4">квітня</month>
							<month type="5">травня</month>
							<month type="6">червня</month>
							<month type="7">липня</month>
							<month type="8">серпня</month>
							<month type="9">вересня</month>
							<month type="10">жовтня</month>
							<month type="11">листопада</month>
							<month type="12">грудня</month>
						</monthWidth>
					</monthContext>
					<monthContext type="stand-alone">
						<monthWidth type="abbreviated">
							<month type="1">Січ</month>
							<month type="2">Лют</month>
							<month type="3">Бер</month>
							<month type="4">Кві</month>
							<month type="5">Тра</month>
							<month type="6">Чер</month>
							<month type="7">Лип</month>
							<month type="8">Сер</month>
							<month type="9">Вер</month>
							<month type="10">Жов</month>
							<month type="11">Лис</month>
							<month type="12">Гру</month>
						</monthWidth>
						<monthWidth type="narrow">
							<month type="1">С</month>
							<month type="2">Л</month>
							<month type="3">Б</month>
							<month type="4">К</month>
							<month type="5">Т</month>
							<month type="6">Ч</month>
							<month type="7">Л</month>
							<month type="8">С</month>
							<month type="9">В</month>
							<month type="10">Ж</month>
							<month type="11">Л</month>
							<month type="12">Г</month>
						</monthWidth>
						<monthWidth type="wide">
							<month type="1">Січень</month>
							<month type="2">Лютий</month>
							<month type="3">Березень</month>
							<month type="4">Квітень</month>
							<month type="5">Травень</month>
							<month type="6">Червень</month>
							<month type="7">Липень</month>
							<month type="8">Серпень</month>
							<month type="9">Вересень</month>
							<month type="10">Жовтень</month>
							<month type="11">Листопад</month>
							<month type="12">Грудень</month>
						</monthWidth>
					</monthContext>
				</months>
				<days>
					<dayContext type="format">
						<dayWidth type="abbreviated">
							<day type="sun">Нд</day>
							<day type="mon">Пн</day>
							<day type="tue">Вт</day>
							<day type="wed">Ср</day>
							<day type="thu">Чт</day>
							<day type="fri">Пт</day>
							<day type="sat">Сб</day>
						</dayWidth>
						<dayWidth type="narrow">
							<day type="sun">Н</day>
							<day type="mon">П</day>
							<day type="tue">В</day>
							<day type="wed">С</day>
							<day type="thu">Ч</day>
							<day type="fri">П</day>
							<day type="sat">С</day>
						</dayWidth>
						<dayWidth type="wide">
							<day type="sun">Неділя</day>
							<day type="mon">Понеділок</day>
							<day type="tue">Вівторок</day>
							<day type="wed">Середа</day>
							<day type="thu">Четвер</day>
							<day type="fri">Пʼятниця</day>
							<day type="sat">Субота</day>
						</dayWidth>
					</dayContext>
				</days>
				<week>
					<firstDay day="mon"/>
				</week>
				<eras>
					<eraAbbr>
						<era type="0">до н.е.</era>
						<era type="1">н.е.</era>
					</eraAbbr>
				</eras>
				<dateFormats>
					<dateFormatLength type="full">
						<dateFormat>
							<pattern>EEEE, d MMMM yyyy 'р.'</pattern>
						</dateFormat>
					</dateFormatLength>
					<dateFormatLength type="long">
						<dateFormat>
							<pattern>d MMMM yyyy</pattern>
						</dateFormat>
					</dateFormatLength>
					<dateFormatLength type="medium">
						<dateFormat>
							<pattern>d MMM yyyy</pattern>
						</dateFormat>
					</dateFormatLength>
					<dateFormatLength type="short">
						<dateFormat>
							<pattern>dd.MM.yy</pattern>
						</dateFormat>
					</dateFormatLength>
				</dateFormats>
			</calendar>
		</calendars>
	</dates>
	<numbers>
		<symbols>
			<decimal>,</decimal>
			<group> </group>
		</symbols>
		<currencies>
			<currency type="ADD">
				<displayName>Андоррський динар</displayName>
				<symbol>ADD</symbol>
			</currency>
			<currency type="ADP">
				<displayName>Андоррська песета</displayName>
				<symbol>ADP</symbol>
			</currency>
			<currency type="AED">
				<displayName>Дирхем ОАЕ</displayName>
				<symbol>AED</symbol>
			</currency>
			<currency type="AFA">
				<displayName>Афгані (1927-2002)</displayName>
				<symbol>AFA</symbol>
			</currency>
			<currency type="AFN">
				<displayName>Афгані</displayName>
				<symbol>Af</symbol>
			</currency>
			<currency type="AIF">
				<displayName>Франк Аффарсу та Ісаасу</displayName>
				<symbol>AIF</symbol>
			</currency>
			<currency type="ALK">
				<displayName>Албанський лек (1946-1961)</displayName>
				<symbol>ALK</symbol>
			</currency>
			<currency type="ALL">
				<displayName>Албанський лек</displayName>
				<symbol>lek</symbol>
			</currency>
			<currency type="ALV">
				<displayName>Албанський лек</displayName>
				<symbol>ALV</symbol>
			</currency>
			<currency type="AMD">
				<displayName>Вірменський драм</displayName>
				<symbol>dram</symbol>
			</currency>
			<currency type="ANG">
				<displayName>Гульден Нідерландських Антіл</displayName>
				<symbol>NA f.</symbol>
			</currency>
			<currency type="AOA">
				<displayName>Ангольська кванза</displayName>
				<symbol>AOA</symbol>
			</currency>
			<currency type="AOK">
				<displayName>Ангольська кванза (1977-1990)</displayName>
				<symbol>AOK</symbol>
			</currency>
			<currency type="AON">
				<displayName>Ангольська нова кванза (1990-2000)</displayName>
				<symbol>AON</symbol>
			</currency>
			<currency type="AOS">
				<displayName>Ангольський ескудо</displayName>
				<symbol>AOS</symbol>
			</currency>
			<currency type="ARA">
				<displayName>Аргентинський австрал</displayName>
				<symbol>ARA</symbol>
			</currency>
			<currency type="ARP">
				<displayName>Аргентинське песо (1983-1985)</displayName>
				<symbol>ARP</symbol>
			</currency>
			<currency type="ARS">
				<displayName>Аргентинське песо</displayName>
				<symbol>Arg$</symbol>
			</currency>
			<currency type="ATS">
				<displayName>Австрійський шилінг</displayName>
				<symbol>ATS</symbol>
			</currency>
			<currency type="AUD">
				<displayName>Австралійський долар</displayName>
				<symbol>$A</symbol>
			</currency>
			<currency type="AUP">
				<displayName>Австралійський фунт</displayName>
				<symbol>AUP</symbol>
			</currency>
			<currency type="AWG">
				<displayName>Арубський гульден</displayName>
				<symbol>AWG</symbol>
			</currency>
			<currency type="AZM">
				<displayName>Азербайджанський манат</displayName>
				<symbol>AZM</symbol>
			</currency>
			<currency type="BAD">
				<displayName>Динар Боснії і Гецоговини</displayName>
				<symbol>BAD</symbol>
			</currency>
			<currency type="BAM">
				<displayName>Конвертована марка Боснії і Герцоговини</displayName>
				<symbol>KM</symbol>
			</currency>
			<currency type="BAN">
				<displayName>Новий динар Боснії і Герцоговини</displayName>
				<symbol>BAN</symbol>
			</currency>
			<currency type="BBD">
				<displayName>Барбадоський долар</displayName>
				<symbol>BDS$</symbol>
			</currency>
			<currency type="BDT">
				<displayName>Бангладеська така</displayName>
				<symbol>Tk</symbol>
			</currency>
			<currency type="BEC">
				<displayName>Бельгійський франк (конвертований)</displayName>
				<symbol>BEC</symbol>
			</currency>
			<currency type="BEF">
				<displayName>Бельгійський франк</displayName>
				<symbol>BF</symbol>
			</currency>
			<currency type="BEL">
				<displayName>Бельгійський франк (фінансовий)</displayName>
				<symbol>BEL</symbol>
			</currency>
			<currency type="BGL">
				<displayName>Болгарський твердий лев</displayName>
				<symbol>lev</symbol>
			</currency>
			<currency type="BGM">
				<displayName>Болгарський соціалістичний лев</displayName>
				<symbol>BGM</symbol>
			</currency>
			<currency type="BGN">
				<displayName>Болгарський новий лев</displayName>
				<symbol>BGN</symbol>
			</currency>
			<currency type="BGO">
				<displayName>Болгарський лев (1879-1952)</displayName>
				<symbol>BGO</symbol>
			</currency>
			<currency type="BHD">
				<displayName>Бахрейнський динар</displayName>
				<symbol>BD</symbol>
			</currency>
			<currency type="BIF">
				<displayName>Бурундійський франк</displayName>
				<symbol>Fbu</symbol>
			</currency>
			<currency type="BMD">
				<displayName>Бермудський долар</displayName>
				<symbol>Ber$</symbol>
			</currency>
			<currency type="BMP">
				<displayName>Бермудський фунт</displayName>
				<symbol>BMP</symbol>
			</currency>
			<currency type="BND">
				<displayName>Брунейський доларr</displayName>
				<symbol>BND</symbol>
			</currency>
			<currency type="BOB">
				<displayName>Болівіано</displayName>
				<symbol>Bs</symbol>
			</currency>
			<currency type="BOL">
				<displayName>Болівіано (1863-1962)</displayName>
				<symbol>BOL</symbol>
			</currency>
			<currency type="BOP">
				<displayName>Болівійське песо</displayName>
				<symbol>BOP</symbol>
			</currency>
			<currency type="BOV">
				<displayName>Болівійський мвдол</displayName>
				<symbol>BOV</symbol>
			</currency>
			<currency type="BRB">
				<displayName>Бразильське нове крузейро (1967-1986)</displayName>
				<symbol>BRB</symbol>
			</currency>
			<currency type="BRC">
				<displayName>Бразильське крузадо</displayName>
				<symbol>BRC</symbol>
			</currency>
			<currency type="BRE">
				<displayName>Бразильське крузейро (1990-1993)</displayName>
				<symbol>BRE</symbol>
			</currency>
			<currency type="BRL">
				<displayName>Бразильський реал</displayName>
				<symbol>R$</symbol>
			</currency>
			<currency type="BRN">
				<displayName>Бразильське нове крузадо</displayName>
				<symbol>BRN</symbol>
			</currency>
			<currency type="BRR">
				<displayName>Бразильське крузейро</displayName>
				<symbol>BRR</symbol>
			</currency>
			<currency type="BRZ">
				<displayName>Бразильське крузейро (1942-1967)</displayName>
				<symbol>BRZ</symbol>
			</currency>
			<currency type="BSD">
				<displayName>Багамський долар</displayName>
				<symbol>BSD</symbol>
			</currency>
			<currency type="BSP">
				<displayName>Багамський фунт</displayName>
				<symbol>BSP</symbol>
			</currency>
			<currency type="BTN">
				<displayName>Бутанський нгултрум</displayName>
				<symbol>Nu</symbol>
			</currency>
			<currency type="BTR">
				<displayName>Бутанська рупія</displayName>
				<symbol>BTR</symbol>
			</currency>
			<currency type="BUK">
				<displayName>Бірманський кіат</displayName>
				<symbol>BUK</symbol>
			</currency>
			<currency type="BUR">
				<displayName>Бірманська рупія</displayName>
				<symbol>BUR</symbol>
			</currency>
			<currency type="BWP">
				<displayName>Ботсванська пула</displayName>
				<symbol>BWP</symbol>
			</currency>
			<currency type="BYB">
				<displayName>Білоруський новий рубль (1994-1999)</displayName>
				<symbol>BYB</symbol>
			</currency>
			<currency type="BYL">
				<displayName>Білоруський рубль (1992-1994)</displayName>
				<symbol>BYL</symbol>
			</currency>
			<currency type="BYR">
				<displayName>Білоруський рубль</displayName>
				<symbol>Rbl</symbol>
			</currency>
			<currency type="BZD">
				<displayName>Белізький долар</displayName>
				<symbol>BZ$</symbol>
			</currency>
			<currency type="BZH">
				<displayName>Долар Британського Гондурасу</displayName>
				<symbol>BZH</symbol>
			</currency>
			<currency type="CAD">
				<displayName>Канадський долар</displayName>
				<symbol>Can$</symbol>
			</currency>
			<currency type="CDF">
				<displayName>Конголезький франк</displayName>
				<symbol>CDF</symbol>
			</currency>
			<currency type="CDG">
				<displayName>Франк Конголезької Республіки</displayName>
				<symbol>CDG</symbol>
			</currency>
			<currency type="CDL">
				<displayName>Конголезький заїр</displayName>
				<symbol>CDL</symbol>
			</currency>
			<currency type="CFF">
				<displayName>Франк Центральноафриканської Республіки</displayName>
				<symbol>CFF</symbol>
			</currency>
			<currency type="CHF">
				<displayName>Швейцарський франк</displayName>
				<symbol>SwF</symbol>
			</currency>
			<currency type="CKD">
				<displayName>Долар Островів Кука</displayName>
				<symbol>CKD</symbol>
			</currency>
			<currency type="CLC">
				<displayName>Чилійський кондор</displayName>
				<symbol>CLC</symbol>
			</currency>
			<currency type="CLE">
				<displayName>Чилійський ескудо</displayName>
				<symbol>CLE</symbol>
			</currency>
			<currency type="CLF">
				<displayName>Чилійський UF</displayName>
				<symbol>CLF</symbol>
			</currency>
			<currency type="CLP">
				<displayName>Чилійське песо</displayName>
				<symbol>Ch$</symbol>
			</currency>
			<currency type="CMF">
				<displayName>Камерунський франк</displayName>
				<symbol>CMF</symbol>
			</currency>
			<currency type="CNY">
				<displayName>Китайський юань</displayName>
				<symbol>Y</symbol>
			</currency>
			<currency type="COB">
				<displayName>Колумбійське паперове песо</displayName>
				<symbol>COB</symbol>
			</currency>
			<currency type="COF">
				<displayName>Конголезький франк</displayName>
				<symbol>COF</symbol>
			</currency>
			<currency type="COP">
				<displayName>Колумбійське песо</displayName>
				<symbol>Col$</symbol>
			</currency>
			<currency type="CRC">
				<displayName>Коста-риканський колон</displayName>
				<symbol>C</symbol>
			</currency>
			<currency type="CSC">
				<displayName>Чехословацька крона</displayName>
				<symbol>CSC</symbol>
			</currency>
			<currency type="CSK">
				<displayName>Чехословацька тверда крона</displayName>
				<symbol>CSK</symbol>
			</currency>
			<currency type="CUP">
				<displayName>Кубинське песо</displayName>
				<symbol>CUP</symbol>
			</currency>
			<currency type="CUX">
				<displayName>Кубинські валютні сертифікати</displayName>
				<symbol>CUX</symbol>
			</currency>
			<currency type="CVE">
				<displayName>Ескудо Кабо-Верде</displayName>
				<symbol>CVEsc</symbol>
			</currency>
			<currency type="CWG">
				<displayName>Гульден Курасю</displayName>
				<symbol>CWG</symbol>
			</currency>
			<currency type="CYP">
				<displayName>Кіпрський фунт</displayName>
				<symbol>£C</symbol>
			</currency>
			<currency type="CZK">
				<displayName>Чеська крона</displayName>
				<symbol>CZK</symbol>
			</currency>
			<currency type="DEM">
				<displayName>Німецька марка</displayName>
				<symbol>DEM</symbol>
			</currency>
			<currency type="DJF">
				<displayName>Франк Джібуті</displayName>
				<symbol>DF</symbol>
			</currency>
			<currency type="DKK">
				<displayName>Датська крона</displayName>
				<symbol>DKr</symbol>
			</currency>
			<currency type="DOP">
				<displayName>Домініканське песо</displayName>
				<symbol>RD$</symbol>
			</currency>
			<currency type="DZD">
				<displayName>Алжирський динар</displayName>
				<symbol>DA</symbol>
			</currency>
			<currency type="DZF">
				<displayName>Алжирський новий франк</displayName>
				<symbol>DZF</symbol>
			</currency>
			<currency type="ECS">
				<displayName>Еквадорське сукре</displayName>
				<symbol>ECS</symbol>
			</currency>
			<currency type="ECV">
				<displayName>Еквадорський UVС</displayName>
				<symbol>ECV</symbol>
			</currency>
			<currency type="EEK">
				<displayName>Естонська крона</displayName>
				<symbol>EEK</symbol>
			</currency>
			<currency type="EGP">
				<displayName>Єгипетський фунт</displayName>
				<symbol>EGP</symbol>
			</currency>
			<currency type="ERN">
				<displayName>Еритрейська накфа</displayName>
				<symbol>ERN</symbol>
			</currency>
			<currency type="ESP">
				<displayName>Іспанська песета</displayName>
				<symbol>ESP</symbol>
			</currency>
			<currency type="ETB">
				<displayName>Ефіопський бир</displayName>
				<symbol>Br</symbol>
			</currency>
			<currency type="ETD">
				<displayName>Ефіопський долар</displayName>
				<symbol>ETD</symbol>
			</currency>
			<currency type="EUR">
				<displayName>Євро</displayName>
			</currency>
			<currency type="FIM">
				<displayName>Фінляндська марка</displayName>
				<symbol>FIM</symbol>
			</currency>
			<currency type="FIN">
				<displayName>Фінляндська марка (1860-1962)</displayName>
				<symbol>FIN</symbol>
			</currency>
			<currency type="FJD">
				<displayName>Фіджійський долар</displayName>
				<symbol>F$</symbol>
			</currency>
			<currency type="FJP">
				<displayName>Фіджійський фунт</displayName>
				<symbol>FJP</symbol>
			</currency>
			<currency type="FKP">
				<displayName>Фолклендський фунт</displayName>
				<symbol>FKP</symbol>
			</currency>
			<currency type="FOK">
				<displayName>Фарерська крона</displayName>
				<symbol>FOK</symbol>
			</currency>
			<currency type="FRF">
				<displayName>Французький франк</displayName>
				<symbol>FRF</symbol>
			</currency>
			<currency type="GAF">
				<displayName>Габонський франк</displayName>
				<symbol>GAF</symbol>
			</currency>
			<currency type="GBP">
				<displayName>Англійський фунт стерлінгів</displayName>
			</currency>
			<currency type="GEL">
				<displayName>Грузинський ларі</displayName>
				<symbol>lari</symbol>
			</currency>
			<currency type="GHC">
				<displayName>Ганський седі</displayName>
				<symbol>GHC</symbol>
			</currency>
			<currency type="GHO">
				<displayName>Ганський старий седі</displayName>
				<symbol>GHO</symbol>
			</currency>
			<currency type="GHP">
				<displayName>Ганський фунт</displayName>
				<symbol>GHP</symbol>
			</currency>
			<currency type="GHR">
				<displayName>Ганський переоцінений седі</displayName>
				<symbol>GHR</symbol>
			</currency>
			<currency type="GIP">
				<displayName>Гібралтарський фунт</displayName>
				<symbol>GIP</symbol>
			</currency>
			<currency type="GLK">
				<displayName>Гренландська крона</displayName>
				<symbol>GLK</symbol>
			</currency>
			<currency type="GMD">
				<displayName>Гамбійська даласі</displayName>
				<symbol>GMD</symbol>
			</currency>
			<currency type="GMP">
				<displayName>Гамбійський фунт</displayName>
				<symbol>GMP</symbol>
			</currency>
			<currency type="GNF">
				<displayName>Гвійнейський франк</displayName>
				<symbol>GF</symbol>
			</currency>
			<currency type="GNI">
				<displayName>Гвінейський франк (1960-1972)</displayName>
				<symbol>GNI</symbol>
			</currency>
			<currency type="GNS">
				<displayName>Гвінейське сілі</displayName>
				<symbol>GNS</symbol>
			</currency>
			<currency type="GPF">
				<displayName>Гваделупський франк</displayName>
				<symbol>GPF</symbol>
			</currency>
			<currency type="GQF">
				<displayName>Франк Екваторіальної Гвінеї</displayName>
				<symbol>GQF</symbol>
			</currency>
			<currency type="GRD">
				<displayName>Грецька драхма</displayName>
				<symbol>GRD</symbol>
			</currency>
			<currency type="GRN">
				<displayName>Грецька нова драхма</displayName>
				<symbol>GRN</symbol>
			</currency>
			<currency type="GTQ">
				<displayName>Гватемальський кетсаль</displayName>
				<symbol>Q</symbol>
			</currency>
			<currency type="GUF">
				<displayName>Франк Французької Гвіани</displayName>
				<symbol>GUF</symbol>
			</currency>
			<currency type="GWE">
				<displayName>Ескудо Португальської Гвінеї</displayName>
				<symbol>GWE</symbol>
			</currency>
			<currency type="GWM">
				<displayName>Мільрейс Португальської Гвінеї</displayName>
				<symbol>GWM</symbol>
			</currency>
			<currency type="GWP">
				<displayName>Песо Гвінеї-Бісау</displayName>
				<symbol>GWP</symbol>
			</currency>
			<currency type="GYD">
				<displayName>Гайянський долар</displayName>
				<symbol>G$</symbol>
			</currency>
			<currency type="HKD">
				<displayName>Гонконгівський долар</displayName>
				<symbol>HK$</symbol>
			</currency>
			<currency type="HNL">
				<displayName>Гондураська лемпіра</displayName>
				<symbol>L</symbol>
			</currency>
			<currency type="HRD">
				<displayName>Хорватський динар</displayName>
				<symbol>HRD</symbol>
			</currency>
			<currency type="HRK">
				<displayName>Хорватська куна</displayName>
				<symbol>HRK</symbol>
			</currency>
			<currency type="HTG">
				<displayName>Гаїтянський гурд</displayName>
				<symbol>HTG</symbol>
			</currency>
			<currency type="HUF">
				<displayName>Угорський форинт</displayName>
				<symbol>Ft</symbol>
			</currency>
			<currency type="IBP">
				<displayName>Північноірланський фунт</displayName>
				<symbol>IBP</symbol>
			</currency>
			<currency type="IDN">
				<displayName>Індонезійська нова рупія</displayName>
				<symbol>IDN</symbol>
			</currency>
			<currency type="IDR">
				<displayName>Індонезійська рупія</displayName>
				<symbol>Rp</symbol>
			</currency>
			<currency type="IEP">
				<displayName>Ірландський фунт</displayName>
				<symbol>IR£</symbol>
			</currency>
			<currency type="ILL">
				<displayName>Ізраїльський шекель</displayName>
				<symbol>ILL</symbol>
			</currency>
			<currency type="ILP">
				<displayName>Ізраїльський фунт</displayName>
				<symbol>ILP</symbol>
			</currency>
			<currency type="ILS">
				<displayName>Ізраїльський новий шекель</displayName>
				<symbol>ILS</symbol>
			</currency>
			<currency type="IMP">
				<displayName>Фунт стерлінгів Острова Мен</displayName>
				<symbol>IMP</symbol>
			</currency>
			<currency type="INR">
				<displayName>Індійська рупія</displayName>
				<symbol>INR</symbol>
			</currency>
			<currency type="IQD">
				<displayName>Іракський динар</displayName>
				<symbol>ID</symbol>
			</currency>
			<currency type="IRR">
				<displayName>Іранський ріал</displayName>
				<symbol>RI</symbol>
			</currency>
			<currency type="ISK">
				<displayName>Ісландська крона</displayName>
				<symbol>ISK</symbol>
			</currency>
			<currency type="ITL">
				<displayName>Італійська ліра</displayName>
			</currency>
			<currency type="JEP">
				<displayName>Фунт стерлінгів Джерсі</displayName>
				<symbol>JEP</symbol>
			</currency>
			<currency type="JMD">
				<displayName>Ямайський долар</displayName>
				<symbol>J$</symbol>
			</currency>
			<currency type="JMP">
				<displayName>Ямайський фунт</displayName>
				<symbol>JMP</symbol>
			</currency>
			<currency type="JOD">
				<displayName>Йорданський динар</displayName>
				<symbol>JD</symbol>
			</currency>
			<currency type="JPY">
				<displayName>Японська єна</displayName>
			</currency>
			<currency type="KES">
				<displayName>Кенійський шилінг</displayName>
				<symbol>K Sh</symbol>
			</currency>
			<currency type="KGS">
				<displayName>Киргизький сом</displayName>
				<symbol>som</symbol>
			</currency>
			<currency type="KHO">
				<displayName>Камбоджійський старий рієль</displayName>
				<symbol>KHO</symbol>
			</currency>
			<currency type="KHR">
				<displayName>Камбоджійський рієль</displayName>
				<symbol>CR</symbol>
			</currency>
			<currency type="KID">
				<displayName>Долар Кірибаті</displayName>
				<symbol>KID</symbol>
			</currency>
			<currency type="KMF">
				<displayName>Коморський франк</displayName>
				<symbol>CF</symbol>
			</currency>
			<currency type="KPW">
				<displayName>Вона Північної Кореї</displayName>
				<symbol>KPW</symbol>
			</currency>
			<currency type="KRO">
				<displayName>Стара вона Південної Кореї</displayName>
				<symbol>KRO</symbol>
			</currency>
			<currency type="KRW">
				<displayName>Вона Південної Кореї</displayName>
				<symbol>KRW</symbol>
			</currency>
			<currency type="KWD">
				<displayName>Кувейтський динар</displayName>
				<symbol>KD</symbol>
			</currency>
			<currency type="KYD">
				<displayName>Долар Кайманових островів</displayName>
				<symbol>KYD</symbol>
			</currency>
			<currency type="KZR">
				<displayName>Казахстанський рубль</displayName>
				<symbol>KZR</symbol>
			</currency>
			<currency type="KZT">
				<displayName>Казахстанський тенге</displayName>
				<symbol>T</symbol>
			</currency>
			<currency type="LAK">
				<displayName>Лаоський кіп</displayName>
				<symbol>LAK</symbol>
			</currency>
			<currency type="LBP">
				<displayName>Ліванський фунт</displayName>
				<symbol>LL</symbol>
			</currency>
			<currency type="LIF">
				<displayName>Ліхтенштейнський франк</displayName>
				<symbol>LIF</symbol>
			</currency>
			<currency type="LKR">
				<displayName>Шрі-ланкійська рупія</displayName>
				<symbol>SL Re</symbol>
			</currency>
			<currency type="LNR">
				<displayName>Цейлонська рупія</displayName>
				<symbol>LNR</symbol>
			</currency>
			<currency type="LRD">
				<displayName>Ліберійський долар</displayName>
				<symbol>LRD</symbol>
			</currency>
			<currency type="LSL">
				<displayName>Лесотський лоті</displayName>
				<symbol>M</symbol>
			</currency>
			<currency type="LTL">
				<displayName>Литовський літ</displayName>
				<symbol>LTL</symbol>
			</currency>
			<currency type="LTT">
				<displayName>Литовський талон</displayName>
				<symbol>LTT</symbol>
			</currency>
			<currency type="LUF">
				<displayName>Люксембурзький франк</displayName>
				<symbol>LUF</symbol>
			</currency>
			<currency type="LVL">
				<displayName>Латвійський лат</displayName>
				<symbol>LVL</symbol>
			</currency>
			<currency type="LVR">
				<displayName>Латвійський рубль</displayName>
				<symbol>LVR</symbol>
			</currency>
			<currency type="LYD">
				<displayName>Лівійський динар</displayName>
				<symbol>LD</symbol>
			</currency>
			<currency type="LYP">
				<displayName>Лівійський фунт</displayName>
				<symbol>LYP</symbol>
			</currency>
			<currency type="MAD">
				<displayName>Марокканський дирхем</displayName>
				<symbol>MAD</symbol>
			</currency>
			<currency type="MAF">
				<displayName>Марокканський франк</displayName>
				<symbol>MAF</symbol>
			</currency>
			<currency type="MCF">
				<displayName>Монакський новий франк</displayName>
				<symbol>MCF</symbol>
			</currency>
			<currency type="MDL">
				<displayName>Молдовський лей</displayName>
				<symbol>MDL</symbol>
			</currency>
			<currency type="MDR">
				<displayName>Молдовський рублевий купон</displayName>
				<symbol>MDR</symbol>
			</currency>
			<currency type="MGA">
				<displayName>Мадагаскарський аріарі</displayName>
				<symbol>MGA</symbol>
			</currency>
			<currency type="MGF">
				<displayName>Мадагаскарський франк</displayName>
				<symbol>MGF</symbol>
			</currency>
			<currency type="MHD">
				<displayName>Долар Маршаллових островівr</displayName>
				<symbol>MHD</symbol>
			</currency>
			<currency type="MKD">
				<displayName>Македонський динар</displayName>
				<symbol>MDen</symbol>
			</currency>
			<currency type="MKN">
				<displayName>Македонський динар (1992-1993)</displayName>
				<symbol>MKN</symbol>
			</currency>
			<currency type="MLF">
				<displayName>Малійський франк</displayName>
				<symbol>MLF</symbol>
			</currency>
			<currency type="MMK">
				<displayName>Кʼят Мʼянми</displayName>
				<symbol>MMK</symbol>
			</currency>
			<currency type="MNT">
				<displayName>Монгольський тугрик</displayName>
				<symbol>Tug</symbol>
			</currency>
			<currency type="MOP">
				<displayName>Макао патака</displayName>
				<symbol>MOP</symbol>
			</currency>
			<currency type="MQF">
				<displayName>Мартинікський франк</displayName>
				<symbol>MQF</symbol>
			</currency>
			<currency type="MRO">
				<displayName>Мавританська угія</displayName>
				<symbol>UM</symbol>
			</currency>
			<currency type="MTL">
				<displayName>Мальтійська ліра</displayName>
				<symbol>Lm</symbol>
			</currency>
			<currency type="MTP">
				<displayName>Мальтійський фунт</displayName>
				<symbol>MTP</symbol>
			</currency>
			<currency type="MUR">
				<displayName>Маврикійська рупія</displayName>
				<symbol>MUR</symbol>
			</currency>
			<currency type="MVP">
				<displayName>Мальдівська рупія</displayName>
				<symbol>MVP</symbol>
			</currency>
			<currency type="MVR">
				<displayName>Мальдівська руфія</displayName>
				<symbol>MVR</symbol>
			</currency>
			<currency type="MWK">
				<displayName>Малавійська квача</displayName>
				<symbol>MK</symbol>
			</currency>
			<currency type="MWP">
				<displayName>Малавійський фунт</displayName>
				<symbol>MWP</symbol>
			</currency>
			<currency type="MXN">
				<displayName>Мексиканське песо</displayName>
				<symbol>MEX$</symbol>
			</currency>
			<currency type="MXP">
				<displayName>Мексиканське срібне песо (1861-1992)</displayName>
				<symbol>MXP</symbol>
			</currency>
			<currency type="MXV">
				<displayName>Мексиканський UDI</displayName>
				<symbol>MXV</symbol>
			</currency>
			<currency type="MYR">
				<displayName>Малайзійський рингіт</displayName>
				<symbol>RM</symbol>
			</currency>
			<currency type="MZE">
				<displayName>Мозамбіцький ескудо</displayName>
				<symbol>MZE</symbol>
			</currency>
			<currency type="MZM">
				<displayName>Мозамбіцький метикал</displayName>
				<symbol>Mt</symbol>
			</currency>
			<currency type="NAD">
				<displayName>Намібійський долар</displayName>
				<symbol>N$</symbol>
			</currency>
			<currency type="NCF">
				<displayName>Франк Нової Каледонії</displayName>
				<symbol>NCF</symbol>
			</currency>
			<currency type="NGN">
				<displayName>Нігерійська найра</displayName>
				<symbol>NGN</symbol>
			</currency>
			<currency type="NGP">
				<displayName>Нігерійський фунт</displayName>
				<symbol>NGP</symbol>
			</currency>
			<currency type="NHF">
				<displayName>Франк Гебрідських островів</displayName>
				<symbol>NHF</symbol>
			</currency>
			<currency type="NIC">
				<displayName>Нікарагуанська кордоба</displayName>
				<symbol>NIC</symbol>
			</currency>
			<currency type="NIG">
				<displayName>Нікарагуанська золота кордоба</displayName>
				<symbol>NIG</symbol>
			</currency>
			<currency type="NIO">
				<displayName>Нікарагуанська кордоба оро</displayName>
				<symbol>NIO</symbol>
			</currency>
			<currency type="NLG">
				<displayName>Нідерландський гульден</displayName>
				<symbol>NLG</symbol>
			</currency>
			<currency type="NOK">
				<displayName>Норвезька крона</displayName>
				<symbol>NKr</symbol>
			</currency>
			<currency type="NPR">
				<displayName>Непальська рупія</displayName>
				<symbol>Nrs</symbol>
			</currency>
			<currency type="NZD">
				<displayName>Новозеландський доларr</displayName>
				<symbol>$NZ</symbol>
			</currency>
			<currency type="NZP">
				<displayName>Новозеландський фунт</displayName>
				<symbol>NZP</symbol>
			</currency>
			<currency type="OMR">
				<displayName>Оманський ріал</displayName>
				<symbol>RO</symbol>
			</currency>
			<currency type="OMS">
				<displayName>Оманський ріал саїді</displayName>
				<symbol>OMS</symbol>
			</currency>
			<currency type="PAB">
				<displayName>Панамська бальбоа</displayName>
				<symbol>PAB</symbol>
			</currency>
			<currency type="PDK">
				<displayName>Придністровський рублевий купон</displayName>
				<symbol>PDK</symbol>
			</currency>
			<currency type="PDN">
				<displayName>Придністровський новий рубль</displayName>
				<symbol>PDN</symbol>
			</currency>
			<currency type="PDR">
				<displayName>Придністровський рубль</displayName>
				<symbol>PDR</symbol>
			</currency>
			<currency type="PEI">
				<displayName>Перуанський інті</displayName>
				<symbol>PEI</symbol>
			</currency>
			<currency type="PEN">
				<displayName>Перуанський новий сол</displayName>
				<symbol>PEN</symbol>
			</currency>
			<currency type="PES">
				<displayName>Перуанський сол</displayName>
				<symbol>PES</symbol>
			</currency>
			<currency type="PGK">
				<displayName>Кіна Папуа Нової Гвінеї</displayName>
				<symbol>PGK</symbol>
			</currency>
			<currency type="PHP">
				<displayName>Філіппінське песо</displayName>
				<symbol>PHP</symbol>
			</currency>
			<currency type="PKR">
				<displayName>Пакистанська рупія</displayName>
				<symbol>Pra</symbol>
			</currency>
			<currency type="PLN">
				<displayName>Польський злотий</displayName>
				<symbol>Zl</symbol>
			</currency>
			<currency type="PLZ">
				<displayName>Польський злотий (1950-1995)</displayName>
				<symbol>PLZ</symbol>
			</currency>
			<currency type="PSP">
				<displayName>Палестинський фунт</displayName>
				<symbol>PSP</symbol>
			</currency>
			<currency type="PTC">
				<displayName>Португальський конто</displayName>
				<symbol>PTC</symbol>
			</currency>
			<currency type="PTE">
				<displayName>Португальський ескудо</displayName>
				<symbol>PTE</symbol>
			</currency>
			<currency type="PYG">
				<displayName>Парагвайський гуарані</displayName>
				<symbol>PYG</symbol>
			</currency>
			<currency type="QAR">
				<displayName>Катарський ріал</displayName>
				<symbol>QR</symbol>
			</currency>
			<currency type="REF">
				<displayName>Реюньйонський франк</displayName>
				<symbol>REF</symbol>
			</currency>
			<currency type="ROL">
				<displayName>Румунський лей</displayName>
				<symbol>leu</symbol>
			</currency>
			<currency type="RON">
				<displayName>Румунський новий лей</displayName>
				<symbol>RON</symbol>
			</currency>
			<currency type="RUB">
				<displayName>Російський рубль</displayName>
				<symbol>RUB</symbol>
			</currency>
			<currency type="RUR">
				<displayName>Російський рубль (1991-1998)</displayName>
				<symbol>RUR</symbol>
			</currency>
			<currency type="RWF">
				<displayName>Руандійський франк</displayName>
				<symbol>RWF</symbol>
			</currency>
			<currency type="SAR">
				<displayName>Саудівський ріал</displayName>
				<symbol>SRl</symbol>
			</currency>
			<currency type="SBD">
				<displayName>Долар Соломонових Островів</displayName>
				<symbol>SI$</symbol>
			</currency>
			<currency type="SCR">
				<displayName>Сейшельська рупія</displayName>
				<symbol>SR</symbol>
			</currency>
			<currency type="SDD">
				<displayName>Суданський динар</displayName>
				<symbol>SDD</symbol>
			</currency>
			<currency type="SDP">
				<displayName>Суданський фунт</displayName>
				<symbol>SDP</symbol>
			</currency>
			<currency type="SEK">
				<displayName>Шведська крона</displayName>
				<symbol>SKr</symbol>
			</currency>
			<currency type="SGD">
				<displayName>Сінгапурський долар</displayName>
				<symbol>S$</symbol>
			</currency>
			<currency type="SHP">
				<displayName>Фунт Святої Єлени</displayName>
				<symbol>SHP</symbol>
			</currency>
			<currency type="SIT">
				<displayName>Словенський толар</displayName>
				<symbol>SIT</symbol>
			</currency>
			<currency type="SKK">
				<displayName>Словацька крона</displayName>
				<symbol>Sk</symbol>
			</currency>
			<currency type="SLL">
				<displayName>Леоне Сьєрра-Леоне</displayName>
				<symbol>SLL</symbol>
			</currency>
			<currency type="SML">
				<displayName>Ліра Сан-Марино</displayName>
				<symbol>SML</symbol>
			</currency>
			<currency type="SOS">
				<displayName>Сомалійський шилінг</displayName>
				<symbol>So. Sh.</symbol>
			</currency>
			<currency type="SQS">
				<displayName>Сомалійський шилінг</displayName>
				<symbol>SQS</symbol>
			</currency>
			<currency type="SRG">
				<displayName>Суринамський гульден</displayName>
				<symbol>Sf</symbol>
			</currency>
			<currency type="SSP">
				<displayName>Шотландський фунт</displayName>
				<symbol>SSP</symbol>
			</currency>
			<currency type="STD">
				<displayName>Добра Сан-Томе і Прінсіпі</displayName>
				<symbol>Db</symbol>
			</currency>
			<currency type="STE">
				<displayName>Ескудо Сан-Томе і Прінсіпі</displayName>
				<symbol>STE</symbol>
			</currency>
			<currency type="SUN">
				<displayName>Радянський новий рубль</displayName>
				<symbol>SUN</symbol>
			</currency>
			<currency type="SUR">
				<displayName>Радянський рубль</displayName>
				<symbol>SUR</symbol>
			</currency>
			<currency type="SVC">
				<displayName>Ель-Сальвадорський колон</displayName>
				<symbol>SVC</symbol>
			</currency>
			<currency type="SYP">
				<displayName>Сирійський фунт</displayName>
				<symbol>LS</symbol>
			</currency>
			<currency type="SZL">
				<displayName>Свазілендські лілангені</displayName>
				<symbol>E</symbol>
			</currency>
			<currency type="TCC">
				<displayName>Крона Теркса і Кайкоса</displayName>
				<symbol>TCC</symbol>
			</currency>
			<currency type="TDF">
				<displayName>Франк Чаду</displayName>
				<symbol>TDF</symbol>
			</currency>
			<currency type="THB">
				<displayName>Таїландський бат</displayName>
				<symbol>THB</symbol>
			</currency>
			<currency type="TJR">
				<displayName>Таджицький рубль</displayName>
				<symbol>TJR</symbol>
			</currency>
			<currency type="TJS">
				<displayName>Таджицький сомоні</displayName>
				<symbol>TJS</symbol>
			</currency>
			<currency type="TMM">
				<displayName>Туркменський манат</displayName>
				<symbol>TMM</symbol>
			</currency>
			<currency type="TND">
				<displayName>Туніський динар</displayName>
				<symbol>TND</symbol>
			</currency>
			<currency type="TOP">
				<displayName>Паанга Тонго</displayName>
				<symbol>T$</symbol>
			</currency>
			<currency type="TOS">
				<displayName>Фунт стерлінгів Тонго</displayName>
				<symbol>TOS</symbol>
			</currency>
			<currency type="TPE">
				<displayName>Тіморський ескудо</displayName>
				<symbol>TPE</symbol>
			</currency>
			<currency type="TPP">
				<displayName>Тіморська патака</displayName>
				<symbol>TPP</symbol>
			</currency>
			<currency type="TRL">
				<displayName>Турецька ліра</displayName>
				<symbol>TL</symbol>
			</currency>
			<currency type="TTD">
				<displayName>Долар Тринідаду і Тобаго</displayName>
				<symbol>TT$</symbol>
			</currency>
			<currency type="TTO">
				<displayName>Старий долар Тринідаду і Тобаго</displayName>
				<symbol>TTO</symbol>
			</currency>
			<currency type="TVD">
				<displayName>Долар Тувалу</displayName>
				<symbol>TVD</symbol>
			</currency>
			<currency type="TWD">
				<displayName>Новий тайванський долар</displayName>
				<symbol>NT$</symbol>
			</currency>
			<currency type="TZS">
				<displayName>Танзанійський шилінг</displayName>
				<symbol>T Sh</symbol>
			</currency>
			<currency type="UAH">
				<displayName>UAH</displayName>
				<symbol>грн.</symbol>
			</currency>
			<currency alt="proposed" draft="true" type="UAH">
				<displayName>Українська гривня</displayName>
				<symbol>UAH</symbol>
			</currency>
			<currency type="UAK">
				<displayName>Український карбованець</displayName>
				<symbol>UAK</symbol>
			</currency>
			<currency type="UGS">
				<displayName>Угандійський шилінг (1966-1987)</displayName>
				<symbol>UGS</symbol>
			</currency>
			<currency type="UGX">
				<displayName>Угандійський шилінг</displayName>
				<symbol>U Sh</symbol>
			</currency>
			<currency type="USD">
				<displayName>Долар США</displayName>
			</currency>
			<currency type="UYF">
				<displayName>Уругвайське сильне песо</displayName>
				<symbol>UYF</symbol>
			</currency>
			<currency type="UYP">
				<displayName>Уругвайське песо (1975-1993)</displayName>
				<symbol>UYP</symbol>
			</currency>
			<currency type="UYU">
				<displayName>Уругвайське песо</displayName>
				<symbol>Ur$</symbol>
			</currency>
			<currency type="UZS">
				<displayName>Узбецький сум</displayName>
				<symbol>UZS</symbol>
			</currency>
			<currency type="VAL">
				<displayName>Ватиканська ліра</displayName>
				<symbol>VAL</symbol>
			</currency>
			<currency type="VDN">
				<displayName>Новий донг Північного Вʼєтнаму</displayName>
				<symbol>VDN</symbol>
			</currency>
			<currency type="VEB">
				<displayName>Венесуельський болівар</displayName>
				<symbol>Be</symbol>
			</currency>
			<currency type="VGD">
				<displayName>Долар Британських Віргінських Островів</displayName>
				<symbol>VGD</symbol>
			</currency>
			<currency type="VND">
				<displayName>Вʼєтнамський донг</displayName>
				<symbol>VND</symbol>
			</currency>
			<currency type="VNN">
				<displayName>Вʼєтнамський новий донг</displayName>
				<symbol>VNN</symbol>
			</currency>
			<currency type="VNR">
				<displayName>Донг Вʼєтнамської Республіки</displayName>
				<symbol>VNR</symbol>
			</currency>
			<currency type="VNS">
				<displayName>Вʼєтнамський національний донг</displayName>
				<symbol>VNS</symbol>
			</currency>
			<currency type="VUV">
				<displayName>Вануатська вату</displayName>
				<symbol>VT</symbol>
			</currency>
			<currency type="WSP">
				<displayName>Фунт Західного Самоа</displayName>
				<symbol>WSP</symbol>
			</currency>
			<currency type="WST">
				<displayName>Тала Західного Самоа</displayName>
				<symbol>WST</symbol>
			</currency>
			<currency type="XAF">
				<displayName>Франк Центральноафриканського фінансового товариства</displayName>
				<symbol>XAF</symbol>
			</currency>
			<currency type="XAM">
				<displayName>Азіатська валютна одиниця</displayName>
				<symbol>XAM</symbol>
			</currency>
			<currency type="XAU">
				<displayName>Золото</displayName>
				<symbol>XAU</symbol>
			</currency>
			<currency type="XBB">
				<displayName>Європейська грошова одиниця</displayName>
				<symbol>XBB</symbol>
			</currency>
			<currency type="XBC">
				<displayName>Європейська розрахункова одиниця (XBC)</displayName>
				<symbol>XBC</symbol>
			</currency>
			<currency type="XBD">
				<displayName>Європейська розрахункова одиниця (XBD)</displayName>
				<symbol>XBD</symbol>
			</currency>
			<currency type="XCD">
				<displayName>Долар Східних Кирибів</displayName>
				<symbol>EC$</symbol>
			</currency>
			<currency type="XCF">
				<displayName>Новий франк КФА</displayName>
				<symbol>XCF</symbol>
			</currency>
			<currency type="XDR">
				<displayName>Спеціальні права запозичення</displayName>
				<symbol>XDR</symbol>
			</currency>
			<currency type="XEF">
				<displayName>Франк КФА BCEAEC</displayName>
				<symbol>XEF</symbol>
			</currency>
			<currency type="XEU">
				<displayName>Європейська валютна одиниця</displayName>
				<symbol>XEU</symbol>
			</currency>
			<currency type="XFO">
				<displayName>Французький золотий франк</displayName>
				<symbol>XFO</symbol>
			</currency>
			<currency type="XFU">
				<displayName>Французький франк UIC</displayName>
				<symbol>XFU</symbol>
			</currency>
			<currency type="XID">
				<displayName>Ісламський динар</displayName>
				<symbol>XID</symbol>
			</currency>
			<currency type="XMF">
				<displayName>Франк французьких метрополій</displayName>
				<symbol>XMF</symbol>
			</currency>
			<currency type="XNF">
				<displayName>Франк Французьких Антильських Островів</displayName>
				<symbol>XNF</symbol>
			</currency>
			<currency type="XOF">
				<displayName>Франк Західноафриканського фінансового товариства</displayName>
				<symbol>XOF</symbol>
			</currency>
			<currency type="XPF">
				<displayName>Французький тихоокеанський франк</displayName>
				<symbol>CFPF</symbol>
			</currency>
			<currency type="XTR">
				<displayName>Рубль РЕВ</displayName>
				<symbol>XTR</symbol>
			</currency>
			<currency type="YDD">
				<displayName>Єменський динар</displayName>
				<symbol>YDD</symbol>
			</currency>
			<currency type="YER">
				<displayName>Єменський ріал</displayName>
				<symbol>YRl</symbol>
			</currency>
			<currency type="YUD">
				<displayName>Югославський твердий динар</displayName>
				<symbol>YUD</symbol>
			</currency>
			<currency type="YUF">
				<displayName>Динар Югославської Федерації</displayName>
				<symbol>YUF</symbol>
			</currency>
			<currency type="YUG">
				<displayName>Югославський динар 1994</displayName>
				<symbol>YUG</symbol>
			</currency>
			<currency type="YUM">
				<displayName>Югославський новий динар</displayName>
				<symbol>YUM</symbol>
			</currency>
			<currency type="YUN">
				<displayName>Югославський конвертований динар</displayName>
				<symbol>YUN</symbol>
			</currency>
			<currency type="YUO">
				<displayName>Югославський жовтневий динар</displayName>
				<symbol>YUO</symbol>
			</currency>
			<currency type="YUR">
				<displayName>Югославський реформований динар</displayName>
				<symbol>YUR</symbol>
			</currency>
			<currency type="ZAL">
				<displayName>Південноафриканський ранд</displayName>
				<symbol>ZAL</symbol>
			</currency>
			<currency type="ZAP">
				<displayName>Південноафриканський фунт</displayName>
				<symbol>ZAP</symbol>
			</currency>
			<currency type="ZAR">
				<displayName>Південноафриканський ранд</displayName>
				<symbol>R</symbol>
			</currency>
			<currency type="ZMK">
				<displayName>Замбійська квача</displayName>
				<symbol>ZMK</symbol>
			</currency>
			<currency type="ZMP">
				<displayName>Замбійський фунт</displayName>
				<symbol>ZMP</symbol>
			</currency>
			<currency type="ZRN">
				<displayName>Заїрський новий заїр</displayName>
				<symbol>ZRN</symbol>
			</currency>
			<currency type="ZRZ">
				<displayName>Заїрський заїр</displayName>
				<symbol>ZRZ</symbol>
			</currency>
			<currency type="ZWD">
				<displayName>Зімбабвійський долар</displayName>
				<symbol>Z$</symbol>
			</currency>
		</currencies>
	</numbers>
	<posix>
		<messages>
			<yesstr>Так</yesstr>
			<nostr>Ні</nostr>
			<yesexpr/>
			<noexpr/>
		</messages>
	</posix>
</ldml>
<!-- Old Comments. See root.xml for more info.
URL: http://oss.software.ibm.com/cvs/icu/icu/source/data/locales/uk.txt?only_with_tag=final-update-LDML

eras {    // Old value
"\u0434\u043E \u043D.\u0435.",
"\u043F\u0456\u0441\u043B\u044F \u043D.\u0435.",
}
CD { "\u041A\u043E\u043D\u0433\u043E" } // This is not "Congo" it is suppose to be "Democratic Republic of the Congo"
FX { "\u0424\u0440\u0430\u043D\u0446\u0456\u044F, \u043C\u0435\u0442\u0440\u043E\u043F\u043E\u043B\u0456\u0457" }
Currency display names
\u02bc is a modifier letter, which is different from a traditional apostrophe.
iu { "\u0406\u043D\u0430\u043A\u0442\u0438\u0442\u0443\u0442" }
ji { "\u0404\u0432\u0440\u0435\u0439\u0441\u044C\u043A\u0430" }
jw { "\u042F\u0432\u0430\u043D\u0441\u043A\u0438\u0439" } // Use jv instead
uk { "\u0443\u043A\u0440\u0430\u0457\u043D\u0441\u044C\u043A\u0430" } // Old value
        "Cyrl"      // ISO 15924 Name
-->

