<?xml version="1.0" encoding="UTF-8" ?>
<!DOCTYPE ldml SYSTEM "http://www.unicode.org/cldr/dtd/1.2/ldml.dtd">
<ldml draft="true" >
	<identity>
		<version number="1.2"/>
		<generation date="2004-06-04"/>
		<language type="uz"/>
		<territory type="AF"/>
	</identity>
	<localeDisplayNames>
		<languages>
			<language type="fa">دری</language>
			<language type="ps">پشتو</language>
			<language type="uz">اۉزبېک</language>
		</languages>
		<territories>
			<territory type="AF">افغانستان</territory>
		</territories>
	</localeDisplayNames>
	<characters>
		<exemplarCharacters>[ء-ؤئ-غفقل-ويً-ْٰٔټپځڅ-چډړږژښکګگڼۇۉی-ۍې]</exemplarCharacters>
	</characters>
	<dates>
		<calendars>
			<calendar type="gregorian">
				<months>
					<monthContext type="format">
						<monthWidth type="abbreviated">
							<month type="1">جنو</month>
							<month type="2">فبر</month>
							<month type="3">مار</month>
							<month type="4">اپر</month>
							<month type="5">مـی</month>
							<month type="6">جون</month>
							<month type="7">جول</month>
							<month type="8">اگس</month>
							<month type="9">سپت</month>
							<month type="10">اکت</month>
							<month type="11">نوم</month>
							<month type="12">دسم</month>
						</monthWidth>
						<monthWidth type="wide">
							<month type="1">جنوری</month>
							<month type="2">فبروری</month>
							<month type="3">مارچ</month>
							<month type="4">اپریل</month>
							<month type="5">می</month>
							<month type="6">جون</month>
							<month type="7">جولای</month>
							<month type="8">اگست</month>
							<month type="9">سپتمبر</month>
							<month type="10">اکتوبر</month>
							<month type="11">نومبر</month>
							<month type="12">دسمبر</month>
						</monthWidth>
					</monthContext>
				</months>
				<days>
					<dayContext type="format">
						<dayWidth type="abbreviated">
							<day type="sun">ی.</day>
							<day type="mon">د.</day>
							<day type="tue">س.</day>
							<day type="wed">چ.</day>
							<day type="thu">پ.</day>
							<day type="fri">ج.</day>
							<day type="sat">ش.</day>
						</dayWidth>
						<dayWidth type="wide">
							<day type="sun">یکشنبه</day>
							<day type="mon">دوشنبه</day>
							<day type="tue">سه‌شنبه</day>
							<day type="wed">چهارشنبه</day>
							<day type="thu">پنجشنبه</day>
							<day type="fri">جمعه</day>
							<day type="sat">شنبه</day>
						</dayWidth>
					</dayContext>
				</days>
				<week>
					<firstDay day="sat"/>
				</week>
				<eras>
					<eraAbbr>
						<era type="0">ق.م.</era>
						<era type="1">م.</era>
					</eraAbbr>
				</eras>
				<dateFormats>
					<dateFormatLength type="full">
						<dateFormat>
							<pattern>yyyy نچی ییل d نچی MMMM EEEE کونی</pattern>
						</dateFormat>
					</dateFormatLength>
					<dateFormatLength type="long">
						<dateFormat>
							<pattern>d نچی MMMM yyyy</pattern>
						</dateFormat>
					</dateFormatLength>
					<dateFormatLength type="medium">
						<dateFormat>
							<pattern>d MMMM yyyy</pattern>
						</dateFormat>
					</dateFormatLength>
					<dateFormatLength type="short">
						<dateFormat>
							<pattern>yyyy/M/d</pattern>
						</dateFormat>
					</dateFormatLength>
				</dateFormats>
				<timeFormats>
					<timeFormatLength type="full">
						<timeFormat>
							<pattern>H:mm:ss (z)</pattern>
						</timeFormat>
					</timeFormatLength>
					<timeFormatLength type="long">
						<timeFormat>
							<pattern>H:mm:ss (z)</pattern>
						</timeFormat>
					</timeFormatLength>
					<timeFormatLength type="medium">
						<timeFormat>
							<pattern>H:mm:ss</pattern>
						</timeFormat>
					</timeFormatLength>
					<timeFormatLength type="short">
						<timeFormat>
							<pattern>H:mm</pattern>
						</timeFormat>
					</timeFormatLength>
				</timeFormats>
			</calendar>
		</calendars>
		<timeZoneNames>
			<zone type="Asia/Kabul">
				<long>
					<standard>افغانستان وقتی</standard>
					<daylight>افغانستان وقتی</daylight>
				</long>
				<short>
					<standard>AFT</standard>
					<daylight>AFT</daylight>
				</short>
				<exemplarCity>کابل</exemplarCity>
			</zone>
		</timeZoneNames>
	</dates>
	<numbers>
		<symbols>
			<decimal>٫</decimal>
			<group>٬</group>
			<percentSign>٪</percentSign>
			<nativeZeroDigit>۰</nativeZeroDigit>
			<minusSign>−</minusSign>
			<exponential>×۱۰^</exponential>
		</symbols>
		<currencyFormats>
			<currencyFormatLength>
				<currencyFormat>
					<pattern>#,##0 ¤;-#,##0 ¤</pattern>
				</currencyFormat>
			</currencyFormatLength>
		</currencyFormats>
		<currencies>
			<currency type="AFA">
				<displayName>افغانی</displayName>
				<symbol>افغانی</symbol>
			</currency>
		</currencies>
	</numbers>
</ldml>

