<?xml version="1.0" encoding="UTF-8" ?>
<!DOCTYPE ldml SYSTEM "http://www.unicode.org/cldr/dtd/1.2/ldml.dtd">
<ldml>
	<identity>
		<version number="1.2"></version>
		<generation date="2004-08-27"></generation>
		<language type="zh"></language> 
		<territory type="CN"></territory> 
	</identity>
	<alias source="zh_Hans_CN" path="//ldml"></alias>
</ldml>
<!-- Old Comments. See root.xml for more info.
URL: http://oss.software.ibm.com/cvs/icu/icu/source/data/locales/zh_CN.txt?only_with_tag=final-update-LDML

use 12-hour time (24-hour time is also known to be used)

-->
