<?xml version="1.0" encoding="UTF-8" ?>
<!DOCTYPE ldml SYSTEM "http://www.unicode.org/cldr/dtd/1.2/ldml.dtd">
<ldml >
	<identity>
		<version number="1.2"/>
		<generation date="2004-08-27"/>
		<language type="zh"/>
		<script type="Hant"/>
		<territory type="HK"/>
	</identity>
	<localeDisplayNames>
		<territories>
			<territory type="MO">澳門特別行政區</territory>
		</territories>
	</localeDisplayNames>
	<dates>
		<calendars>
			<calendar type="gregorian">
				<months>
					<monthContext type="format">
						<monthWidth type="abbreviated">
							<month type="1">1月</month>
							<month type="2">2月</month>
							<month type="3">3月</month>
							<month type="4">4月</month>
							<month type="5">5月</month>
							<month type="6">6月</month>
							<month type="7">7月</month>
							<month type="8">8月</month>
							<month type="9">9月</month>
							<month type="10">10月</month>
							<month type="11">11月</month>
							<month type="12">12月</month>
						</monthWidth>
					</monthContext>
				</months>
				<dateFormats>
					<dateFormatLength type="full">
						<dateFormat>
							<pattern references="http://www.info.gov.hk/info/holiday_c.htm">yyyy'年'M'月'd'日' EEEE</pattern>
						</dateFormat>
					</dateFormatLength>
					<dateFormatLength type="long">
						<dateFormat>
							<pattern references="http://www.info.gov.hk/info/holiday_c.htm">yyyy'年'M'月'd'日'</pattern>
						</dateFormat>
					</dateFormatLength>
					<dateFormatLength type="medium">
						<dateFormat>
							<pattern>yyyy'年'M'月'd'日'</pattern>
						</dateFormat>
					</dateFormatLength>
					<dateFormatLength type="short">
						<dateFormat>
							<pattern>yy'年'M'月'd'日'</pattern>
						</dateFormat>
					</dateFormatLength>
				</dateFormats>
				<timeFormats>
					<timeFormatLength type="medium">
						<timeFormat>
							<pattern>ahh:mm:ss</pattern>
						</timeFormat>
					</timeFormatLength>
					<timeFormatLength type="short">
						<timeFormat>
							<pattern>ah:mm</pattern>
						</timeFormat>
					</timeFormatLength>
				</timeFormats>
			</calendar>
		</calendars>
	</dates>
	<numbers>
		<currencyFormats>
			<currencyFormatLength>
				<currencyFormat>
					<pattern>¤#,##0.00;(¤#,##0.00)</pattern>
				</currencyFormat>
			</currencyFormatLength>
		</currencyFormats>
	</numbers>
</ldml>

