<?xml version="1.0" encoding="UTF-8" ?>
<!DOCTYPE ldml SYSTEM "http://www.unicode.org/cldr/dtd/1.2/ldml.dtd">
<ldml>
	<identity>
		<version number="1.2"></version>
		<generation date="2004-08-27"></generation>
		<language type="zh"></language> 
		<territory type="MO"></territory> 
	</identity>
	<alias source="zh_Hant_MO" path="//ldml"></alias>
</ldml>
<!-- Old Comments. See root.xml for more info.
URL: http://oss.software.ibm.com/cvs/icu/icu/source/data/locales/zh_MO.txt?only_with_tag=final-update-LDML

Keys:alias { "zh_TW" }
zoneStrings { 
{
"CTT",
"Hong Kong Standard Time",
"HKST",
"Hong Kong Standard Time",
"HKST",
"Hong Kong",
}
}

-->
