<?xml version="1.0" encoding="utf-8"?>
<!DOCTYPE ldml SYSTEM "http://www.unicode.org/cldr/dtd/1.2/ldml.dtd">
<ldml draft="true">
<!--
Locale Data Format
Draft: 2004-08-02
By Pema geyleg <pema_geyleg@druknet.bt>
-->
  <identity>
    <version number="1.2">First available version</version>
    <generation date="2004-08-09" />
<!-- Two letter codes, if available; otherwise 3-letter codes.If bothcexist, a separate database contains the mapping. -->
    <language type="dz" />
  </identity>
  <collations  version="3.1.1">
        <collation>

            <!--
            This syntax is an XMLized version of the Java/ICU syntax, used to
tailor the default table.

            Note that collation needs its own version, independent of the Locale
version.
            For more information, see
            http://java.sun.com/products/jdk/1.2/docs/api/java/text/RuleBasedCollator.html
            and
            http://www.unicode.org/unicode/reports/tr10/#Comparison to Java.
            By default, lowercase is before upper in the default.
            This can be changed with the firstCase="upper" attribute.
            French accent ordering can be specified with the
accentOrder="reverse" attribute.
            The displayName attribute supplies a message pattern for
getDisplayName.
            -->
            <settings normalization="on"/>
            <rules>
                	 <reset>ཀ</reset>                       
               
          
 					<s>ྈྐ</s> 
       				<p>དཀ</p>
       				<p>བཀ</p>
       				<p>རྐ</p>
       				<p>ལྐ</p>
       				<p>སྐ</p>
       				<p>བརྐ</p>
       				<p>བསྐ</p>
			<reset>ཁ</reset>
					<s>ྈྑ</s>
       				<p>མཁ</p>
       				<p>འཁ</p>
			<reset>ག</reset>
       				<p>དགག</p>
       				<p>དགང</p>
       				<p>དགད</p>
       				<p>དགབ</p>
       				<p>དགཝ</p>
       				<p>དགའ</p>
       				<p>དགར</p>
      				 <p>དགལ</p>
       				<p>དགས</p>
       				<p>དགུ</p>
       				<p>དགེ</p>
      				 <p>དགོ</p>
       				<p>དགྱ</p>
       				<p>དགྲ</p>
       				 <p>བགག</p>
       				<p>བགད</p>
       				<p>བགམ</p>
							<t>བགཾ</t>
       				<p>བགཝ</p>
       				<p>བགའ</p>
       				<p>བགར</p>
       				<p>བགེ</p>
       				<p>བགོ</p>
      				 <p>བགྱ</p>
       				<p>བགྲ</p>
       				<p>བགླ</p>
      				 <p>མགར</p>
       				<p>མགལ</p> 
       				<p>མགུ</p>
       				<p>མགེ</p>
       				<p>མགོ</p>
      				 <p>མགྱ</p>
      				<p>མགྲ</p>
       				<p>འགག</p>
       				<p>འགང</p>
       				<p>འགད</p>
       				<p>འགན</p>
       				<p>འགབ</p>
       				<p>འགམ</p>
							<t>འགཾ</t>
       				<p>འགའ</p>
       				<p>འགར</p>
       				<p>འགལ</p>
       				<p>འགས</p>
      				 <p>འགི</p>
       				<p>འགུ</p>
       				<p>འགེ</p>
       				<p>འགོ</p>
       				<p>འགྱ</p>
       				<p>འགྲ</p>
      				 <p>རྒ</p>
       				 <p>ལྒ</p>
      				 <p>སྒ</p>
     				 <p>བརྒ</p>
      				 <p>བསྒ</p>
			<reset>ང</reset>
       				<p>དངག</p>
       				<p>དངང</p>
       				<p>དངན</p>
      				<p>དངར</p>
       				<p>དངུ</p>
       				<p>དངོ</p>
       				<p>མངག</p>
       				<p>མངན</p>
       				<p>མངའ</p>
       				<p>མངར</p>
       				<p>མངལ</p>
       				<p>མངོ</p>

       				<p>རྔ</p>
       				<p>ལྔ</p>
       				<p>སྔ</p>
       				<p>བརྔ</p>
       				<p>བསྔ</p>
			<reset>ཅ</reset>
       				<p>གཅ</p>
       				<p>བཅ</p>
       				<p>ལྕ</p>
       				<p>བལྕ</p>
			<reset>ཆ</reset>
       				<p>མཆ</p>
       				<p>འཆ</p>
			<reset>ཇ</reset>
       				<p>མཇ</p>
       				<p>འཇ</p>
       				<p>རྗ</p>
       				<p>ལྗ</p>
       				<p>བརྗ</p>
			<reset>ཉ</reset>
					<s>ྋྙ</s>
       				<p>གཉ</p>
       				<p>མཉ</p>
       				<p>རྙ</p>
       				<p>སྙ</p>
       				<p>བརྙ</p>
       				<p>བསྙ</p>
			<reset>ཏ</reset>
							<t>ཊ</t>
       				<p>གཏ</p>
       				<p>བཏ</p>
       				<p>རྟ</p>
       				<p>ལྟ</p>
       				<p>སྟ</p>
       				<p>བརྟ</p>
       				<p>བལྟ</p>
       				<p>བསྟ</p>
			<reset>ཐ</reset>
							<t>ཋ</t>
       				<p>མཐ</p>
       				<p>འཐ</p>
			<reset>ད</reset>
							<t>ཌ</t>
       				<p>གདག</p>
       				<p>གདང</p>
       				<p>གདན</p>
       				<p>གདབ</p>
       				<p>གདམ</p>
							<t>གདཾ</t>
       				<p>གདའ</p>
       				<p>གདར</p>
       				<p>གདལ</p>
       				<p>གདས</p>
       				<p>གདི</p>
       				<p>གདུ</p>
       				<p>གདེ</p>
       				<p>གདོ</p>
       				<p>བདག</p>
       				<p>བདམ</p>
							<t>བདཾ</t>
       				<p>བདའ</p>
       				<p>བདར</p>
       				<p>བདལ</p>
       				<p>བདས</p>
       				<p>བདུ</p>
       				<p>བདེ</p>
       				<p>བདོ</p>
       				<p>མདག</p>
       				<p>མདང</p>
       				<p>མདན</p>
       				<p>མདའ</p>
       				<p>མདར</p>
       				<p>མདུ</p>
       				<p>མདེ</p>
       				<p>མདོ</p>
      				 <p>འདག</p>
       				<p>འདང</p>
       				<p>འདད</p>
       				<p>འདན</p>
       				<p>འདབ</p>
       				<p>འདམ</p>
							<t>འདཾ</t>
       				<p>འདཝ</p>
       				<p>འདའ</p>
       				<p>འདར</p>
       				<p>འདལ</p>
       				<p>འདས</p>
       				<p>འདི</p>
       				<p>འདུ</p>
       				<p>འདེ</p>
      				<p>འདོ</p>
       				<p>འདྲ</p>
      				<p>རྡ</p>
       				<p>ལྡ</p>
       				<p>སྡ</p>
       				<p>བརྡ</p>
       				<p>བལྡ</p>
       				<p>བསྡ</p>
			<reset>ན</reset>
							<t>ཎ</t>
      				<p>གནག</p>
       				<p>གནང</p>
       				<p>གནད</p>
       				<p>གནན</p>
       				<p>གནམ</p>
							<t>གནཾ</t>
      				<p>གནཝ</p>
       				<p>གནའ</p>
       				<p>གནས</p>
       				<p>གནུ</p>
       				<p>གནོ</p>
       				<p>མནག</p>
       				<p>མནང</p>
       				<p>མནན</p>
       				<p>མནབ</p>
       				<p>མནམ</p>
							<t>མནཾ</t>
       				<p>མནའ</p>
       				<p>མནར</p>
       				<p>མནལ</p>
       				<p>མནུ</p>
       				<p>མནེ</p>
       				<p>མནོ</p>
       				<p>རྣ</p>
       				<p>སྣ</p>
       				<p>བརྣ</p>
       				<p>བསྣ</p>
			<reset>པ</reset>
						<s>ྉྤ</s>
       				<p>དཔག</p>
       				<p>དཔང</p>
       				<p>དཔད</p>
       				<p>དཔའ</p>
       				<p>དཔར</p>
       				<p>དཔལ</p>
       				<p>དཔས</p>
       				<p>དཔུ</p>
       				<p>དཔེ</p>
       				<p>དཔོག</p>
       				<p>དཔོང</p>
       				<p>དཔོད</p>
       				<p>དཔོན</p>
       				<p>དཔོར</p>
       				<p>དཔྱ</p>
       				<p>དཔྲ</p>
       				<p>ལྤ</p>
       				<p>སྤ</p>
			<reset>ཕ</reset>
						<s>ྉྥ</s>
       				<p>འཕ</p>
			<reset>བ</reset>
       				<p>དབག</p>
       				<p>དབང</p>
       				<p>དབད</p>
       				<p>དབན</p>
       				<p>དབབ</p>
       				<p>དབའ</p>
       				<p>དབར</p>
       				<p>དབལ</p>
       				<p>དབས</p>
       				<p>དབུ</p>
       				<p>དབེ</p>
       				<p>དབོ</p>
       				<p>དབྱ</p>
       				<p>དབྲ</p>
       				<p>འབག</p>
       				<p>འབང</p>
       				<p>འབད</p>
       				<p>འབན</p>
       				<p>འབབ</p>
       				<p>འབམ</p>
							<t>འབཾ</t>
       				<p>འབའ</p>
       				<p>འབར</p>
       				<p>འབལ</p>
       				<p>འབི</p>
       				<p>འབུ</p>
       				<p>འབེ</p>
       				<p>འབོ</p>
       				<p>འབྱ</p>
       				<p>འབྲ</p>

       				<p>རྦ</p>
       				<p>ལྦ</p>
       				<p>སྦ</p>
			<reset>མ</reset>
							<t>ཾ</t>
							<t>ྂ</t>
							<t>ྃ</t>
       				<p>དམག</p>
       				<p>དམང</p>
       				<p>དམན</p>
       				<p>དམཝ</p>
       				<p>དམའ</p>
       				<p>དམར</p>
       				<p>དམས</p>
       				<p>དམི</p>
       				<p>དམུ</p>
       				<p>དམེ</p>
       				<p>དམོད</p>
       				<p>དམྱ</p>
       				<p>རྨ</p>
       				<p>སྨ</p>
			<reset>ཙ</reset>
       				<p>གཙ</p>
       				<p>བཙ</p>
       				<p>རྩ</p>
       				<p>སྩ</p>
       				<p>བརྩ</p>
      				<p>བསྩ</p>
			<reset>ཚ</reset>
       				<p>མཚ</p>
       				<p>འཚ</p>
			<reset>ཛ</reset>
       				<p>མཛ</p>
       				<p>འཛ</p>
       				<p>རྫ</p>
      				<p>བརྫ</p>
			<!-- <reset>ཝ</reset> -->
			<reset>ཞ</reset>
       				<p>གཞ</p>
       				<p>བཞ</p>
			<reset>ཟ</reset>
      				<p>གཟ</p>
       				<p>བཟ</p>
			<!-- <reset>འ</reset> -->
			<reset>ཡ</reset>
       				<p>གཡ</p>
			<reset>ར</reset>
							<t>ཪ</t>
       				<p>བརླ</p>
			<!-- <reset>ལ</reset> -->
			<reset>ཤ</reset>
							<t>ཥ</t>
       				<p>གཤ</p>
       				<p>བཤ</p>
			<reset>ས</reset>
       				<p>གསག</p>
       				<p>གསང</p>
       				<p>གསད</p>
       				<p>གསན</p>
       				<p>གསབ</p>
       				<p>གསའ</p>
       				<p>གསར</p>
       				<p>གསལ</p>
       				<p>གསས</p>
       				<p>གསི</p>
       				<p>གསུ</p>
       				<p>གསེ</p>
       				<p>གསོ</p>
       				<p>བསག</p>
       				<p>བསང</p>
       				<p>བསད</p>
       				<p>བསབ</p>
       				<p>བསམ</p>
								<t>བསཾ</t>
       				<p>བསར</p>
       				<p>བསལ</p>
       				<p>བསི</p>
       				<p>བསུ</p>
       				<p>བསེ</p>
       				<p>བསོ</p>
       				<p>བསྭ</p>
       				<p>བསྲ</p>
       				<p>བསླ</p>
			<reset>ཧ</reset>
       				<p>ལྷ</p>
			<!-- <reset>ཨ</reset> -->
<!-- Explicit vowels-->
			<reset>ི</reset>
							<t>ྀ</t>
			<!-- <reset>ུ</reset> -->
			<reset>ེ</reset>
							<t>ཻ</t>
			<reset>ོ</reset>
							<t>ཽ</t>
<!-- Post-radicals-->
				<p>ྐ</p>
				<p>ྑ</p>
				<p>ྒ</p>
				<p>ྔ</p>
				<p>ྕ</p>
				<p>ྖ</p>
				<p>ྗ</p>
				<p>ྙ</p>
				<p>ྟ</p>
							<t>ྚ</t>
				<p>ྠ</p>
							<t>ྛ</t>
				<p>ྡ</p>
							<t>ྜ</t>
				<p>ྣ</p>
							<t>ྞ</t>
				<p>ྤ</p>
				<p>ྥ</p>
				<p>ྦ</p>
				<p>ྨ</p>
				<p>ྩ</p>
				<p>ྪ</p>
				<p>ྫ</p>
				<p>ྭ</p>
							<t>ྺ</t>
				<p>ྮ</p>
				<p>ྯ</p>
				<p>ྰ</p>
				<p>ྱ</p>
							<t>ྻ</t>
				<p>ྲ</p>
							<t>ྼ</t>
				<p>ླ</p>
				<p>ྴ</p>
							<t>ྵ</t>
				<p>ྶ</p>
				<p>ྷ</p>
				<p>ྸ</p>
<!-- Combining marks and signs (secondary weight)-->
			<reset>༹</reset>
						<s>྄</s>
						<s>ཱ</s>
						<s>༹</s>
						<s>ཿ</s>
						<s>྅</s>
						<s>ྈ</s>
						<s>ྉ</s>
						<s>ྊ</s>
						<s>ྋ</s>
<!-- Treat ཷ,ཹ as decomposed-->
			<reset>ྲཱྀ</reset>
											<i>ཷ</i>
			<reset>ླཱྀ</reset>
											<i>ཹ</i>
<!-- Shorthands for ག,ས-->
			<reset>དགགས</reset>
									<t>དགཊ</t>
									<t>དགཌ</t>
			<reset>བགགས</reset>
									<t>བགཊ</t>
									<t>བགཌ</t>
			<reset>འགགས</reset>
									<t>འགཊ</t>
									<t>འགཌ</t>
			<reset>དངགས</reset>
									<t>དངཊ</t>
									<t>དངཌ</t>
			<reset>མངགས</reset>
									<t>མངཊ</t>
									<t>མངཌ</t>
			<reset>གདགས</reset>
									<t>གདཊ</t>
									<t>གདཌ</t>
			<reset>བདགས</reset>
									<t>བདཊ</t>
									<t>བདཌ</t>
			<reset>མདགས</reset>
									<t>མདཊ</t>
									<t>མདཌ</t>
			<reset>འདགས</reset>
									<t>འདཊ</t>
									<t>འདཌ</t>
			<reset>གནགས</reset>
									<t>གནཊ</t>
									<t>གནཌ</t>
			<reset>མནགས</reset>
									<t>མནཊ</t>
									<t>མནཌ</t>
			<reset>དཔགས</reset>
									<t>དཔཊ</t>
									<t>དཔཌ</t>
			<reset>དབགས</reset>
									<t>དབཊ</t>
									<t>དབཌ</t>
			<reset>འབགས</reset>
									<t>འབཊ</t>
									<t>འབཌ</t>
			<reset>དམགས</reset>
									<t>དམཊ</t>
									<t>དམཌ</t>
			<reset>གསགས</reset>
									<t>གསཊ</t>
									<t>གསཌ</t>
			<reset>བསགས</reset>
									<t>བསཊ</t>
									<t>བསཌ</t>
<!-- OM sign-->
			<reset>྿</reset>
					<p>ༀ</p>
<!-- Marks (seconadry different, with low equal primary weight after
ໆ)-->
			<reset>ໆ</reset>
					<p>་</p>
									<t>༌</t>
							<s>།</s>
							<s>༎</s>
							<s>༏</s>
							<s>༐</s>
							<s>༑</s>
							<s>༔</s>
							<s>༴</s>

             
            </rules>   
        </collation>
    </collations>
</ldml>
