<?xml version="1.0" encoding="UTF-8" ?>
<!DOCTYPE ldml SYSTEM "http://www.unicode.org/cldr/dtd/1.2/ldml.dtd">
<ldml>
	<identity>
		<version number="1.2"/>
		<generation date="2004-08-26" />
		<language type="fa" /> 
	</identity>
		<collations  validSubLocales="fa_IR">
			<collation type="standard" >
				<settings normalization="on"  />
				<rules>
					<reset>َ</reset>
					<sc>ًٌٍُِ</sc>
					<reset before="primary">ا</reset>
					<p>آ</p>
					<reset>ا</reset>
					<s>ٱ</s>
					<p>ء</p>
					<sc>أٲإٳؤ</sc>
					<s>یٔ</s>
					<t>ىٔ</t>
					<t>ئ</t>
					<reset>ک</reset>
					<sc>ڪګكڬڭڮ</sc>
					<reset>ۏ</reset>
					<p>ه</p>
					<sc>ەہةۃۀھ</sc>
					<reset>ی</reset>
					<sc>ىےيېۑۍێ</sc>
				</rules>
			</collation  >
		</collations>
</ldml>
