<?xml version="1.0" encoding="UTF-8" ?>
<!DOCTYPE ldml SYSTEM "http://www.unicode.org/cldr/dtd/1.2/ldml.dtd">
<ldml>
	<identity>
		<version number="1.2"/>
		<generation date="2004-08-26" />
		<language type="gu" /> 
	</identity>
		<collations  validSubLocales="gu_IN">
			<collation type="standard" >
				<settings normalization="on"  />
				<rules>
					<reset>હ</reset>
					<pc>઼ઁંઃ</pc>
					<reset>ઽ</reset>
					<p>્</p>
				</rules>
			</collation  >
		</collations>
</ldml>
