<?xml version="1.0" encoding="UTF-8" ?>
<!DOCTYPE ldml SYSTEM "http://www.unicode.org/cldr/dtd/1.2/ldml.dtd">
<ldml>
	<identity>
		<version number="1.2"/>
		<generation date="2004-08-26" />
		<language type="hr" /> 
	</identity>
		<collations  validSubLocales="hr_HR">
			<collation type="standard" >
				<rules>
					<reset>C</reset>
					<p>č</p>
					<t>Č</t>
					<p>ć</p>
					<t>Ć</t>
					<reset>D</reset>
					<p>dž</p>
					<t>Dž</t>
					<t>DŽ</t>
					<reset>L</reset>
					<p>lj</p>
					<t>Lj</t>
					<t>LJ</t>
					<reset>N</reset>
					<p>nj</p>
					<t>Nj</t>
					<t>NJ</t>
					<reset>S</reset>
					<p>š</p>
					<t>Š</t>
					<reset>Z</reset>
					<p>ž</p>
					<t>Ž</t>
				</rules>
			</collation  >
		</collations>
</ldml>
