<?xml version="1.0" encoding="UTF-8" ?>
<!DOCTYPE ldml SYSTEM "http://www.unicode.org/cldr/dtd/1.2/ldml.dtd">
<ldml>
	<identity>
		<version number="1.2"/>
		<generation date="2004-08-26" />
		<language type="ja" /> 
	</identity>
		<collations  validSubLocales="ja_JP">
			<collation type="standard" >
				<settings strength="tertiary" hiraganaQuarternary="on"  />
				<rules>
					<reset>ヽ</reset>
					<ic>ヽゝ</ic>
					<reset before="tertiary">ァ</reset>
					<x><context>ァ</context><t>ー</t></x>
					<x><context>ｧ</context><i>ー</i></x>
					<x><context>ぁ</context><i>ー</i></x>
					<x><context>ア</context><i>ー</i></x>
					<x><context>ｱ</context><i>ー</i></x>
					<x><context>あ</context><i>ー</i></x>
					<x><context>カ</context><i>ー</i></x>
					<x><context>ｶ</context><i>ー</i></x>
					<x><context>か</context><i>ー</i></x>
					<x><context>ガ</context><i>ー</i></x>
					<x><context>が</context><i>ー</i></x>
					<x><context>サ</context><i>ー</i></x>
					<x><context>ｻ</context><i>ー</i></x>
					<x><context>さ</context><i>ー</i></x>
					<x><context>ザ</context><i>ー</i></x>
					<x><context>ざ</context><i>ー</i></x>
					<x><context>タ</context><i>ー</i></x>
					<x><context>ﾀ</context><i>ー</i></x>
					<x><context>た</context><i>ー</i></x>
					<x><context>ダ</context><i>ー</i></x>
					<x><context>だ</context><i>ー</i></x>
					<x><context>ナ</context><i>ー</i></x>
					<x><context>ﾅ</context><i>ー</i></x>
					<x><context>な</context><i>ー</i></x>
					<x><context>ハ</context><i>ー</i></x>
					<x><context>ﾊ</context><i>ー</i></x>
					<x><context>は</context><i>ー</i></x>
					<x><context>バ</context><i>ー</i></x>
					<x><context>ば</context><i>ー</i></x>
					<x><context>パ</context><i>ー</i></x>
					<x><context>ぱ</context><i>ー</i></x>
					<x><context>マ</context><i>ー</i></x>
					<x><context>ﾏ</context><i>ー</i></x>
					<x><context>ま</context><i>ー</i></x>
					<x><context>ャ</context><i>ー</i></x>
					<x><context>ｬ</context><i>ー</i></x>
					<x><context>ゃ</context><i>ー</i></x>
					<x><context>ヤ</context><i>ー</i></x>
					<x><context>ﾔ</context><i>ー</i></x>
					<x><context>や</context><i>ー</i></x>
					<x><context>ラ</context><i>ー</i></x>
					<x><context>ﾗ</context><i>ー</i></x>
					<x><context>ら</context><i>ー</i></x>
					<x><context>ヮ</context><i>ー</i></x>
					<x><context>ゎ</context><i>ー</i></x>
					<x><context>ワ</context><i>ー</i></x>
					<x><context>ﾜ</context><i>ー</i></x>
					<x><context>わ</context><i>ー</i></x>
					<x><context>ヵ</context><i>ー</i></x>
					<x><context>ヷ</context><i>ー</i></x>
					<reset before="tertiary">ィ</reset>
					<x><context>ィ</context><t>ー</t></x>
					<x><context>ｨ</context><i>ー</i></x>
					<x><context>ぃ</context><i>ー</i></x>
					<x><context>イ</context><i>ー</i></x>
					<x><context>ｲ</context><i>ー</i></x>
					<x><context>い</context><i>ー</i></x>
					<x><context>キ</context><i>ー</i></x>
					<x><context>ｷ</context><i>ー</i></x>
					<x><context>き</context><i>ー</i></x>
					<x><context>ギ</context><i>ー</i></x>
					<x><context>ぎ</context><i>ー</i></x>
					<x><context>シ</context><i>ー</i></x>
					<x><context>ｼ</context><i>ー</i></x>
					<x><context>し</context><i>ー</i></x>
					<x><context>ジ</context><i>ー</i></x>
					<x><context>じ</context><i>ー</i></x>
					<x><context>チ</context><i>ー</i></x>
					<x><context>ﾁ</context><i>ー</i></x>
					<x><context>ち</context><i>ー</i></x>
					<x><context>ヂ</context><i>ー</i></x>
					<x><context>ぢ</context><i>ー</i></x>
					<x><context>ニ</context><i>ー</i></x>
					<x><context>ﾆ</context><i>ー</i></x>
					<x><context>に</context><i>ー</i></x>
					<x><context>ヒ</context><i>ー</i></x>
					<x><context>ﾋ</context><i>ー</i></x>
					<x><context>ひ</context><i>ー</i></x>
					<x><context>ビ</context><i>ー</i></x>
					<x><context>び</context><i>ー</i></x>
					<x><context>ピ</context><i>ー</i></x>
					<x><context>ぴ</context><i>ー</i></x>
					<x><context>ミ</context><i>ー</i></x>
					<x><context>ﾐ</context><i>ー</i></x>
					<x><context>み</context><i>ー</i></x>
					<x><context>リ</context><i>ー</i></x>
					<x><context>ﾘ</context><i>ー</i></x>
					<x><context>り</context><i>ー</i></x>
					<x><context>ヰ</context><i>ー</i></x>
					<x><context>ゐ</context><i>ー</i></x>
					<x><context>ヸ</context><i>ー</i></x>
					<reset before="tertiary">ゥ</reset>
					<x><context>ゥ</context><t>ー</t></x>
					<x><context>ｩ</context><i>ー</i></x>
					<x><context>ぅ</context><i>ー</i></x>
					<x><context>ウ</context><i>ー</i></x>
					<x><context>ｳ</context><i>ー</i></x>
					<x><context>う</context><i>ー</i></x>
					<x><context>ク</context><i>ー</i></x>
					<x><context>ｸ</context><i>ー</i></x>
					<x><context>く</context><i>ー</i></x>
					<x><context>グ</context><i>ー</i></x>
					<x><context>ぐ</context><i>ー</i></x>
					<x><context>ス</context><i>ー</i></x>
					<x><context>ｽ</context><i>ー</i></x>
					<x><context>す</context><i>ー</i></x>
					<x><context>ズ</context><i>ー</i></x>
					<x><context>ず</context><i>ー</i></x>
					<x><context>ッ</context><i>ー</i></x>
					<x><context>ｯ</context><i>ー</i></x>
					<x><context>っ</context><i>ー</i></x>
					<x><context>ツ</context><i>ー</i></x>
					<x><context>ﾂ</context><i>ー</i></x>
					<x><context>つ</context><i>ー</i></x>
					<x><context>ヅ</context><i>ー</i></x>
					<x><context>づ</context><i>ー</i></x>
					<x><context>ヌ</context><i>ー</i></x>
					<x><context>ﾇ</context><i>ー</i></x>
					<x><context>ぬ</context><i>ー</i></x>
					<x><context>フ</context><i>ー</i></x>
					<x><context>ﾌ</context><i>ー</i></x>
					<x><context>ふ</context><i>ー</i></x>
					<x><context>ブ</context><i>ー</i></x>
					<x><context>ぶ</context><i>ー</i></x>
					<x><context>プ</context><i>ー</i></x>
					<x><context>ぷ</context><i>ー</i></x>
					<x><context>ム</context><i>ー</i></x>
					<x><context>ﾑ</context><i>ー</i></x>
					<x><context>む</context><i>ー</i></x>
					<x><context>ュ</context><i>ー</i></x>
					<x><context>ｭ</context><i>ー</i></x>
					<x><context>ゅ</context><i>ー</i></x>
					<x><context>ユ</context><i>ー</i></x>
					<x><context>ﾕ</context><i>ー</i></x>
					<x><context>ゆ</context><i>ー</i></x>
					<x><context>ル</context><i>ー</i></x>
					<x><context>ﾙ</context><i>ー</i></x>
					<x><context>る</context><i>ー</i></x>
					<x><context>ヴ</context><i>ー</i></x>
					<x><context>ゔ</context><i>ー</i></x>
					<reset before="tertiary">ェ</reset>
					<x><context>ェ</context><t>ー</t></x>
					<x><context>ｪ</context><i>ー</i></x>
					<x><context>ぇ</context><i>ー</i></x>
					<x><context>エ</context><i>ー</i></x>
					<x><context>ｴ</context><i>ー</i></x>
					<x><context>え</context><i>ー</i></x>
					<x><context>ケ</context><i>ー</i></x>
					<x><context>ｹ</context><i>ー</i></x>
					<x><context>け</context><i>ー</i></x>
					<x><context>ゲ</context><i>ー</i></x>
					<x><context>げ</context><i>ー</i></x>
					<x><context>セ</context><i>ー</i></x>
					<x><context>ｾ</context><i>ー</i></x>
					<x><context>せ</context><i>ー</i></x>
					<x><context>ゼ</context><i>ー</i></x>
					<x><context>ぜ</context><i>ー</i></x>
					<x><context>テ</context><i>ー</i></x>
					<x><context>ﾃ</context><i>ー</i></x>
					<x><context>て</context><i>ー</i></x>
					<x><context>デ</context><i>ー</i></x>
					<x><context>で</context><i>ー</i></x>
					<x><context>ネ</context><i>ー</i></x>
					<x><context>ﾈ</context><i>ー</i></x>
					<x><context>ね</context><i>ー</i></x>
					<x><context>ヘ</context><i>ー</i></x>
					<x><context>ﾍ</context><i>ー</i></x>
					<x><context>へ</context><i>ー</i></x>
					<x><context>ベ</context><i>ー</i></x>
					<x><context>べ</context><i>ー</i></x>
					<x><context>ペ</context><i>ー</i></x>
					<x><context>ぺ</context><i>ー</i></x>
					<x><context>メ</context><i>ー</i></x>
					<x><context>ﾒ</context><i>ー</i></x>
					<x><context>め</context><i>ー</i></x>
					<x><context>レ</context><i>ー</i></x>
					<x><context>ﾚ</context><i>ー</i></x>
					<x><context>れ</context><i>ー</i></x>
					<x><context>ヱ</context><i>ー</i></x>
					<x><context>ゑ</context><i>ー</i></x>
					<x><context>ヶ</context><i>ー</i></x>
					<x><context>ヹ</context><i>ー</i></x>
					<reset before="tertiary">ォ</reset>
					<x><context>ォ</context><t>ー</t></x>
					<x><context>ｫ</context><i>ー</i></x>
					<x><context>ぉ</context><i>ー</i></x>
					<x><context>オ</context><i>ー</i></x>
					<x><context>ｵ</context><i>ー</i></x>
					<x><context>お</context><i>ー</i></x>
					<x><context>コ</context><i>ー</i></x>
					<x><context>ｺ</context><i>ー</i></x>
					<x><context>こ</context><i>ー</i></x>
					<x><context>ゴ</context><i>ー</i></x>
					<x><context>ご</context><i>ー</i></x>
					<x><context>ソ</context><i>ー</i></x>
					<x><context>ｿ</context><i>ー</i></x>
					<x><context>そ</context><i>ー</i></x>
					<x><context>ゾ</context><i>ー</i></x>
					<x><context>ぞ</context><i>ー</i></x>
					<x><context>ト</context><i>ー</i></x>
					<x><context>ﾄ</context><i>ー</i></x>
					<x><context>と</context><i>ー</i></x>
					<x><context>ド</context><i>ー</i></x>
					<x><context>ど</context><i>ー</i></x>
					<x><context>ノ</context><i>ー</i></x>
					<x><context>ﾉ</context><i>ー</i></x>
					<x><context>の</context><i>ー</i></x>
					<x><context>ホ</context><i>ー</i></x>
					<x><context>ﾎ</context><i>ー</i></x>
					<x><context>ほ</context><i>ー</i></x>
					<x><context>ボ</context><i>ー</i></x>
					<x><context>ぼ</context><i>ー</i></x>
					<x><context>ポ</context><i>ー</i></x>
					<x><context>ぽ</context><i>ー</i></x>
					<x><context>モ</context><i>ー</i></x>
					<x><context>ﾓ</context><i>ー</i></x>
					<x><context>も</context><i>ー</i></x>
					<x><context>ョ</context><i>ー</i></x>
					<x><context>ｮ</context><i>ー</i></x>
					<x><context>ょ</context><i>ー</i></x>
					<x><context>ヨ</context><i>ー</i></x>
					<x><context>ﾖ</context><i>ー</i></x>
					<x><context>よ</context><i>ー</i></x>
					<x><context>ロ</context><i>ー</i></x>
					<x><context>ﾛ</context><i>ー</i></x>
					<x><context>ろ</context><i>ー</i></x>
					<x><context>ヲ</context><i>ー</i></x>
					<x><context>ｦ</context><i>ー</i></x>
					<x><context>を</context><i>ー</i></x>
					<x><context>ヺ</context><i>ー</i></x>
					<reset before="tertiary">ア</reset>
					<x><context>ア</context><t>ヽ</t></x>
					<x><context>ｱ</context><i>ヽ</i></x>
					<x><context>あ</context><i>ゝ</i></x>
					<x><context>ァ</context><i>ヽ</i></x>
					<x><context>ｧ</context><i>ヽ</i></x>
					<x><context>ぁ</context><i>ゝ</i></x>
					<reset before="tertiary">イ</reset>
					<x><context>イ</context><t>ヽ</t></x>
					<x><context>ｲ</context><i>ヽ</i></x>
					<x><context>い</context><i>ゝ</i></x>
					<x><context>ィ</context><i>ヽ</i></x>
					<x><context>ｨ</context><i>ヽ</i></x>
					<x><context>ぃ</context><i>ゝ</i></x>
					<reset before="tertiary">ウ</reset>
					<x><context>ウ</context><t>ヽ</t></x>
					<x><context>ｳ</context><i>ヽ</i></x>
					<x><context>う</context><i>ゝ</i></x>
					<x><context>ゥ</context><i>ヽ</i></x>
					<x><context>ｩ</context><i>ヽ</i></x>
					<x><context>ぅ</context><i>ゝ</i></x>
					<x><context>ヴ</context><i>ヽ</i></x>
					<x><context>ゔ</context><i>ゝ</i></x>
					<x><context>ウ</context><i>ヾ</i><extend>゙</extend></x>
					<x><context>ｳ</context><i>ヾ</i><extend>゙</extend></x>
					<x><context>う</context><i>ゞ</i><extend>゙</extend></x>
					<x><context>ゥ</context><i>ヾ</i><extend>゙</extend></x>
					<x><context>ｩ</context><i>ヾ</i><extend>゙</extend></x>
					<x><context>ぅ</context><i>ゞ</i><extend>゙</extend></x>
					<x><context>ヴ</context><i>ヾ</i><extend>゙</extend></x>
					<x><context>ゔ</context><i>ゞ</i><extend>゙</extend></x>
					<reset before="tertiary">エ</reset>
					<x><context>エ</context><t>ヽ</t></x>
					<x><context>ｴ</context><i>ヽ</i></x>
					<x><context>え</context><i>ゝ</i></x>
					<x><context>ェ</context><i>ヽ</i></x>
					<x><context>ｪ</context><i>ヽ</i></x>
					<x><context>ぇ</context><i>ゝ</i></x>
					<reset before="tertiary">オ</reset>
					<x><context>オ</context><t>ヽ</t></x>
					<x><context>ｵ</context><i>ヽ</i></x>
					<x><context>お</context><i>ゝ</i></x>
					<x><context>ォ</context><i>ヽ</i></x>
					<x><context>ｫ</context><i>ヽ</i></x>
					<x><context>ぉ</context><i>ゝ</i></x>
					<reset before="tertiary">カ</reset>
					<x><context>カ</context><t>ヽ</t></x>
					<x><context>ｶ</context><i>ヽ</i></x>
					<x><context>か</context><i>ゝ</i></x>
					<x><context>ヵ</context><i>ヽ</i></x>
					<reset before="tertiary">ガ</reset>
					<x><context>ガ</context><t>ヽ</t></x>
					<x><context>が</context><i>ゝ</i></x>
					<reset before="tertiary">キ</reset>
					<x><context>キ</context><t>ヽ</t></x>
					<x><context>ｷ</context><i>ヽ</i></x>
					<x><context>き</context><i>ゝ</i></x>
					<x><context>ギ</context><i>ヽ</i></x>
					<x><context>ぎ</context><i>ゝ</i></x>
					<x><context>キ</context><i>ヾ</i><extend>゙</extend></x>
					<x><context>ｷ</context><i>ヾ</i><extend>゙</extend></x>
					<x><context>き</context><i>ゞ</i><extend>゙</extend></x>
					<x><context>ギ</context><i>ヾ</i><extend>゙</extend></x>
					<x><context>ぎ</context><i>ゞ</i><extend>゙</extend></x>
					<reset before="tertiary">ク</reset>
					<x><context>ク</context><t>ヽ</t></x>
					<x><context>ｸ</context><i>ヽ</i></x>
					<x><context>く</context><i>ゝ</i></x>
					<x><context>グ</context><i>ヽ</i></x>
					<x><context>ぐ</context><i>ゝ</i></x>
					<x><context>ク</context><i>ヾ</i><extend>゙</extend></x>
					<x><context>ｸ</context><i>ヾ</i><extend>゙</extend></x>
					<x><context>く</context><i>ゞ</i><extend>゙</extend></x>
					<x><context>グ</context><i>ヾ</i><extend>゙</extend></x>
					<x><context>ぐ</context><i>ゞ</i><extend>゙</extend></x>
					<reset before="tertiary">ケ</reset>
					<x><context>ケ</context><t>ヽ</t></x>
					<x><context>ｹ</context><i>ヽ</i></x>
					<x><context>け</context><i>ゝ</i></x>
					<x><context>ヶ</context><i>ヽ</i></x>
					<reset before="tertiary">ゲ</reset>
					<x><context>ゲ</context><t>ヽ</t></x>
					<x><context>げ</context><i>ゝ</i></x>
					<reset before="tertiary">コ</reset>
					<x><context>コ</context><t>ヽ</t></x>
					<x><context>ｺ</context><i>ヽ</i></x>
					<x><context>こ</context><i>ゝ</i></x>
					<x><context>ゴ</context><i>ヽ</i></x>
					<x><context>ご</context><i>ゝ</i></x>
					<x><context>コ</context><i>ヾ</i><extend>゙</extend></x>
					<x><context>ｺ</context><i>ヾ</i><extend>゙</extend></x>
					<x><context>こ</context><i>ゞ</i><extend>゙</extend></x>
					<x><context>ゴ</context><i>ヾ</i><extend>゙</extend></x>
					<x><context>ご</context><i>ゞ</i><extend>゙</extend></x>
					<reset before="tertiary">サ</reset>
					<x><context>サ</context><t>ヽ</t></x>
					<x><context>ｻ</context><i>ヽ</i></x>
					<x><context>さ</context><i>ゝ</i></x>
					<x><context>ザ</context><i>ヽ</i></x>
					<x><context>ざ</context><i>ゝ</i></x>
					<x><context>サ</context><i>ヾ</i><extend>゙</extend></x>
					<x><context>ｻ</context><i>ヾ</i><extend>゙</extend></x>
					<x><context>さ</context><i>ゞ</i><extend>゙</extend></x>
					<x><context>ザ</context><i>ヾ</i><extend>゙</extend></x>
					<x><context>ざ</context><i>ゞ</i><extend>゙</extend></x>
					<reset before="tertiary">シ</reset>
					<x><context>シ</context><t>ヽ</t></x>
					<x><context>ｼ</context><i>ヽ</i></x>
					<x><context>し</context><i>ゝ</i></x>
					<x><context>ジ</context><i>ヽ</i></x>
					<x><context>じ</context><i>ゝ</i></x>
					<x><context>シ</context><i>ヾ</i><extend>゙</extend></x>
					<x><context>ｼ</context><i>ヾ</i><extend>゙</extend></x>
					<x><context>し</context><i>ゞ</i><extend>゙</extend></x>
					<x><context>ジ</context><i>ヾ</i><extend>゙</extend></x>
					<x><context>じ</context><i>ゞ</i><extend>゙</extend></x>
					<reset before="tertiary">ス</reset>
					<x><context>ス</context><t>ヽ</t></x>
					<x><context>ｽ</context><i>ヽ</i></x>
					<x><context>す</context><i>ゝ</i></x>
					<x><context>ズ</context><i>ヽ</i></x>
					<x><context>ず</context><i>ゝ</i></x>
					<x><context>ス</context><i>ヾ</i><extend>゙</extend></x>
					<x><context>ｽ</context><i>ヾ</i><extend>゙</extend></x>
					<x><context>す</context><i>ゞ</i><extend>゙</extend></x>
					<x><context>ズ</context><i>ヾ</i><extend>゙</extend></x>
					<x><context>ず</context><i>ゞ</i><extend>゙</extend></x>
					<reset before="tertiary">セ</reset>
					<x><context>セ</context><t>ヽ</t></x>
					<x><context>ｾ</context><i>ヽ</i></x>
					<x><context>せ</context><i>ゝ</i></x>
					<x><context>ゼ</context><i>ヽ</i></x>
					<x><context>ぜ</context><i>ゝ</i></x>
					<x><context>セ</context><i>ヾ</i><extend>゙</extend></x>
					<x><context>ｾ</context><i>ヾ</i><extend>゙</extend></x>
					<x><context>せ</context><i>ゞ</i><extend>゙</extend></x>
					<x><context>ゼ</context><i>ヾ</i><extend>゙</extend></x>
					<x><context>ぜ</context><i>ゞ</i><extend>゙</extend></x>
					<reset before="tertiary">ソ</reset>
					<x><context>ソ</context><t>ヽ</t></x>
					<x><context>ｿ</context><i>ヽ</i></x>
					<x><context>そ</context><i>ゝ</i></x>
					<x><context>ゾ</context><i>ヽ</i></x>
					<x><context>ぞ</context><i>ゝ</i></x>
					<x><context>ソ</context><i>ヾ</i><extend>゙</extend></x>
					<x><context>ｿ</context><i>ヾ</i><extend>゙</extend></x>
					<x><context>そ</context><i>ゞ</i><extend>゙</extend></x>
					<x><context>ゾ</context><i>ヾ</i><extend>゙</extend></x>
					<x><context>ぞ</context><i>ゞ</i><extend>゙</extend></x>
					<reset before="tertiary">タ</reset>
					<x><context>タ</context><t>ヽ</t></x>
					<x><context>ﾀ</context><i>ヽ</i></x>
					<x><context>た</context><i>ゝ</i></x>
					<x><context>ダ</context><i>ヽ</i></x>
					<x><context>だ</context><i>ゝ</i></x>
					<x><context>タ</context><i>ヾ</i><extend>゙</extend></x>
					<x><context>ﾀ</context><i>ヾ</i><extend>゙</extend></x>
					<x><context>た</context><i>ゞ</i><extend>゙</extend></x>
					<x><context>ダ</context><i>ヾ</i><extend>゙</extend></x>
					<x><context>だ</context><i>ゞ</i><extend>゙</extend></x>
					<reset before="tertiary">チ</reset>
					<x><context>チ</context><t>ヽ</t></x>
					<x><context>ﾁ</context><i>ヽ</i></x>
					<x><context>ち</context><i>ゝ</i></x>
					<x><context>ヂ</context><i>ヽ</i></x>
					<x><context>ぢ</context><i>ゝ</i></x>
					<x><context>チ</context><i>ヾ</i><extend>゙</extend></x>
					<x><context>ﾁ</context><i>ヾ</i><extend>゙</extend></x>
					<x><context>ち</context><i>ゞ</i><extend>゙</extend></x>
					<x><context>ヂ</context><i>ヾ</i><extend>゙</extend></x>
					<x><context>ぢ</context><i>ゞ</i><extend>゙</extend></x>
					<reset before="tertiary">ツ</reset>
					<x><context>ツ</context><t>ヽ</t></x>
					<x><context>ﾂ</context><i>ヽ</i></x>
					<x><context>つ</context><i>ゝ</i></x>
					<x><context>ッ</context><i>ヽ</i></x>
					<x><context>ｯ</context><i>ヽ</i></x>
					<x><context>っ</context><i>ゝ</i></x>
					<x><context>ヅ</context><i>ヽ</i></x>
					<x><context>づ</context><i>ゝ</i></x>
					<x><context>ツ</context><i>ヾ</i><extend>゙</extend></x>
					<x><context>ﾂ</context><i>ヾ</i><extend>゙</extend></x>
					<x><context>つ</context><i>ゞ</i><extend>゙</extend></x>
					<x><context>ヅ</context><i>ヾ</i><extend>゙</extend></x>
					<x><context>づ</context><i>ゞ</i><extend>゙</extend></x>
					<x><context>ツ</context><i>ヽ</i></x>
					<x><context>ﾂ</context><i>ヽ</i></x>
					<x><context>つ</context><i>ゝ</i></x>
					<x><context>ッ</context><i>ヾ</i><extend>゙</extend></x>
					<x><context>ｯ</context><i>ヾ</i><extend>゙</extend></x>
					<x><context>っ</context><i>ゞ</i><extend>゙</extend></x>
					<x><context>ツ</context><i>ヾ</i><extend>゙</extend></x>
					<x><context>ﾂ</context><i>ヾ</i><extend>゙</extend></x>
					<x><context>つ</context><i>ゞ</i><extend>゙</extend></x>
					<reset before="tertiary">テ</reset>
					<x><context>テ</context><t>ヽ</t></x>
					<x><context>ﾃ</context><i>ヽ</i></x>
					<x><context>て</context><i>ゝ</i></x>
					<x><context>デ</context><i>ヽ</i></x>
					<x><context>で</context><i>ゝ</i></x>
					<x><context>テ</context><i>ヾ</i><extend>゙</extend></x>
					<x><context>ﾃ</context><i>ヾ</i><extend>゙</extend></x>
					<x><context>て</context><i>ゞ</i><extend>゙</extend></x>
					<x><context>デ</context><i>ヾ</i><extend>゙</extend></x>
					<x><context>で</context><i>ゞ</i><extend>゙</extend></x>
					<reset before="tertiary">ト</reset>
					<x><context>ト</context><t>ヽ</t></x>
					<x><context>ﾄ</context><i>ヽ</i></x>
					<x><context>と</context><i>ゝ</i></x>
					<x><context>ド</context><i>ヽ</i></x>
					<x><context>ど</context><i>ゝ</i></x>
					<x><context>ト</context><i>ヾ</i><extend>゙</extend></x>
					<x><context>ﾄ</context><i>ヾ</i><extend>゙</extend></x>
					<x><context>と</context><i>ゞ</i><extend>゙</extend></x>
					<x><context>ド</context><i>ヾ</i><extend>゙</extend></x>
					<x><context>ど</context><i>ゞ</i><extend>゙</extend></x>
					<reset before="tertiary">ナ</reset>
					<x><context>ナ</context><t>ヽ</t></x>
					<x><context>ﾅ</context><i>ヽ</i></x>
					<x><context>な</context><i>ゝ</i></x>
					<reset before="tertiary">ニ</reset>
					<x><context>ニ</context><t>ヽ</t></x>
					<x><context>ﾆ</context><i>ヽ</i></x>
					<x><context>に</context><i>ゝ</i></x>
					<reset before="tertiary">ヌ</reset>
					<x><context>ヌ</context><t>ヽ</t></x>
					<x><context>ﾇ</context><i>ヽ</i></x>
					<x><context>ぬ</context><i>ゝ</i></x>
					<reset before="tertiary">ネ</reset>
					<x><context>ネ</context><t>ヽ</t></x>
					<x><context>ﾈ</context><i>ヽ</i></x>
					<x><context>ね</context><i>ゝ</i></x>
					<reset before="tertiary">ノ</reset>
					<x><context>ノ</context><t>ヽ</t></x>
					<x><context>ﾉ</context><i>ヽ</i></x>
					<x><context>の</context><i>ゝ</i></x>
					<reset before="tertiary">ハ</reset>
					<x><context>ハ</context><t>ヽ</t></x>
					<x><context>ﾊ</context><i>ヽ</i></x>
					<x><context>は</context><i>ゝ</i></x>
					<x><context>バ</context><i>ヽ</i></x>
					<x><context>ば</context><i>ゝ</i></x>
					<x><context>ハ</context><i>ヾ</i><extend>゙</extend></x>
					<x><context>ﾊ</context><i>ヾ</i><extend>゙</extend></x>
					<x><context>は</context><i>ゞ</i><extend>゙</extend></x>
					<x><context>バ</context><i>ヾ</i><extend>゙</extend></x>
					<x><context>ば</context><i>ゞ</i><extend>゙</extend></x>
					<x><context>パ</context><i>ヽ</i></x>
					<x><context>ぱ</context><i>ゝ</i></x>
					<x><context>パ</context><i>ヾ</i><extend>゙</extend></x>
					<x><context>ぱ</context><i>ゞ</i><extend>゙</extend></x>
					<reset before="tertiary">ヒ</reset>
					<x><context>ヒ</context><t>ヽ</t></x>
					<x><context>ﾋ</context><i>ヽ</i></x>
					<x><context>ひ</context><i>ゝ</i></x>
					<x><context>ビ</context><i>ヽ</i></x>
					<x><context>び</context><i>ゝ</i></x>
					<x><context>ヒ</context><i>ヾ</i><extend>゙</extend></x>
					<x><context>ﾋ</context><i>ヾ</i><extend>゙</extend></x>
					<x><context>ひ</context><i>ゞ</i><extend>゙</extend></x>
					<x><context>ビ</context><i>ヾ</i><extend>゙</extend></x>
					<x><context>び</context><i>ゞ</i><extend>゙</extend></x>
					<x><context>ピ</context><i>ヽ</i></x>
					<x><context>ぴ</context><i>ゝ</i></x>
					<x><context>ピ</context><i>ヾ</i><extend>゙</extend></x>
					<x><context>ぴ</context><i>ゞ</i><extend>゙</extend></x>
					<reset before="tertiary">フ</reset>
					<x><context>フ</context><t>ヽ</t></x>
					<x><context>ﾌ</context><i>ヽ</i></x>
					<x><context>ふ</context><i>ゝ</i></x>
					<x><context>ブ</context><i>ヽ</i></x>
					<x><context>ぶ</context><i>ゝ</i></x>
					<x><context>フ</context><i>ヾ</i><extend>゙</extend></x>
					<x><context>ﾌ</context><i>ヾ</i><extend>゙</extend></x>
					<x><context>ふ</context><i>ゞ</i><extend>゙</extend></x>
					<x><context>ブ</context><i>ヾ</i><extend>゙</extend></x>
					<x><context>ぶ</context><i>ゞ</i><extend>゙</extend></x>
					<x><context>プ</context><i>ヽ</i></x>
					<x><context>ぷ</context><i>ゝ</i></x>
					<x><context>プ</context><i>ヾ</i><extend>゙</extend></x>
					<x><context>ぷ</context><i>ゞ</i><extend>゙</extend></x>
					<reset before="tertiary">ヘ</reset>
					<x><context>ヘ</context><t>ヽ</t></x>
					<x><context>ﾍ</context><i>ヽ</i></x>
					<x><context>へ</context><i>ゝ</i></x>
					<x><context>ベ</context><i>ヽ</i></x>
					<x><context>べ</context><i>ゝ</i></x>
					<x><context>ヘ</context><i>ヾ</i><extend>゙</extend></x>
					<x><context>ﾍ</context><i>ヾ</i><extend>゙</extend></x>
					<x><context>へ</context><i>ゞ</i><extend>゙</extend></x>
					<x><context>ベ</context><i>ヾ</i><extend>゙</extend></x>
					<x><context>べ</context><i>ゞ</i><extend>゙</extend></x>
					<x><context>ペ</context><i>ヽ</i></x>
					<x><context>ぺ</context><i>ゝ</i></x>
					<x><context>ペ</context><i>ヾ</i><extend>゙</extend></x>
					<x><context>ぺ</context><i>ゞ</i><extend>゙</extend></x>
					<reset before="tertiary">ホ</reset>
					<x><context>ホ</context><t>ヽ</t></x>
					<x><context>ﾎ</context><i>ヽ</i></x>
					<x><context>ほ</context><i>ゝ</i></x>
					<x><context>ボ</context><i>ヽ</i></x>
					<x><context>ぼ</context><i>ゝ</i></x>
					<x><context>ホ</context><i>ヾ</i><extend>゙</extend></x>
					<x><context>ﾎ</context><i>ヾ</i><extend>゙</extend></x>
					<x><context>ほ</context><i>ゞ</i><extend>゙</extend></x>
					<x><context>ボ</context><i>ヾ</i><extend>゙</extend></x>
					<x><context>ぼ</context><i>ゞ</i><extend>゙</extend></x>
					<x><context>ポ</context><i>ヽ</i></x>
					<x><context>ぽ</context><i>ゝ</i></x>
					<x><context>ポ</context><i>ヾ</i><extend>゙</extend></x>
					<x><context>ぽ</context><i>ゞ</i><extend>゙</extend></x>
					<reset before="tertiary">マ</reset>
					<x><context>マ</context><t>ヽ</t></x>
					<x><context>ﾏ</context><i>ヽ</i></x>
					<x><context>ま</context><i>ゝ</i></x>
					<reset before="tertiary">ミ</reset>
					<x><context>ミ</context><t>ヽ</t></x>
					<x><context>ﾐ</context><i>ヽ</i></x>
					<x><context>み</context><i>ゝ</i></x>
					<reset before="tertiary">ム</reset>
					<x><context>ム</context><t>ヽ</t></x>
					<x><context>ﾑ</context><i>ヽ</i></x>
					<x><context>む</context><i>ゝ</i></x>
					<reset before="tertiary">メ</reset>
					<x><context>メ</context><t>ヽ</t></x>
					<x><context>ﾒ</context><i>ヽ</i></x>
					<x><context>め</context><i>ゝ</i></x>
					<reset before="tertiary">モ</reset>
					<x><context>モ</context><t>ヽ</t></x>
					<x><context>ﾓ</context><i>ヽ</i></x>
					<x><context>も</context><i>ゝ</i></x>
					<reset before="tertiary">ヤ</reset>
					<x><context>ヤ</context><t>ヽ</t></x>
					<x><context>ﾔ</context><i>ヽ</i></x>
					<x><context>や</context><i>ゝ</i></x>
					<x><context>ャ</context><i>ヽ</i></x>
					<x><context>ｬ</context><i>ヽ</i></x>
					<x><context>ゃ</context><i>ゝ</i></x>
					<reset before="tertiary">ユ</reset>
					<x><context>ユ</context><t>ヽ</t></x>
					<x><context>ﾕ</context><i>ヽ</i></x>
					<x><context>ゆ</context><i>ゝ</i></x>
					<x><context>ュ</context><i>ヽ</i></x>
					<x><context>ｭ</context><i>ヽ</i></x>
					<x><context>ゅ</context><i>ゝ</i></x>
					<reset before="tertiary">ヨ</reset>
					<x><context>ヨ</context><t>ヽ</t></x>
					<x><context>ﾖ</context><i>ヽ</i></x>
					<x><context>よ</context><i>ゝ</i></x>
					<x><context>ョ</context><i>ヽ</i></x>
					<x><context>ｮ</context><i>ヽ</i></x>
					<x><context>ょ</context><i>ゝ</i></x>
					<reset before="tertiary">ラ</reset>
					<x><context>ラ</context><t>ヽ</t></x>
					<x><context>ﾗ</context><i>ヽ</i></x>
					<x><context>ら</context><i>ゝ</i></x>
					<reset before="tertiary">リ</reset>
					<x><context>リ</context><t>ヽ</t></x>
					<x><context>ﾘ</context><i>ヽ</i></x>
					<x><context>り</context><i>ゝ</i></x>
					<reset before="tertiary">ル</reset>
					<x><context>ル</context><t>ヽ</t></x>
					<x><context>ﾙ</context><i>ヽ</i></x>
					<x><context>る</context><i>ゝ</i></x>
					<reset before="tertiary">レ</reset>
					<x><context>レ</context><t>ヽ</t></x>
					<x><context>ﾚ</context><i>ヽ</i></x>
					<x><context>れ</context><i>ゝ</i></x>
					<reset before="tertiary">ロ</reset>
					<x><context>ロ</context><t>ヽ</t></x>
					<x><context>ﾛ</context><i>ヽ</i></x>
					<x><context>ろ</context><i>ゝ</i></x>
					<reset before="tertiary">ワ</reset>
					<x><context>ワ</context><t>ヽ</t></x>
					<x><context>ﾜ</context><i>ヽ</i></x>
					<x><context>わ</context><i>ゝ</i></x>
					<x><context>ヮ</context><i>ヽ</i></x>
					<x><context>ゎ</context><i>ゝ</i></x>
					<x><context>ヷ</context><i>ヽ</i></x>
					<x><context>ワ</context><i>ヾ</i><extend>゙</extend></x>
					<x><context>ﾜ</context><i>ヾ</i><extend>゙</extend></x>
					<x><context>わ</context><i>ゞ</i><extend>゙</extend></x>
					<x><context>ヷ</context><i>ヾ</i><extend>゙</extend></x>
					<x><context>ヮ</context><i>ヾ</i><extend>゙</extend></x>
					<x><context>ゎ</context><i>ゞ</i><extend>゙</extend></x>
					<reset before="tertiary">ヰ</reset>
					<x><context>ヰ</context><t>ヽ</t></x>
					<x><context>ゐ</context><i>ゝ</i></x>
					<x><context>ヸ</context><i>ヽ</i></x>
					<x><context>ヰ</context><i>ヾ</i><extend>゙</extend></x>
					<x><context>ゐ</context><i>ゞ</i><extend>゙</extend></x>
					<x><context>ヸ</context><i>ヾ</i><extend>゙</extend></x>
					<reset before="tertiary">ヱ</reset>
					<x><context>ヱ</context><t>ヽ</t></x>
					<x><context>ゑ</context><i>ゝ</i></x>
					<x><context>ヹ</context><i>ヽ</i></x>
					<x><context>ヱ</context><i>ヾ</i><extend>゙</extend></x>
					<x><context>ゑ</context><i>ゞ</i><extend>゙</extend></x>
					<x><context>ヹ</context><i>ヾ</i><extend>゙</extend></x>
					<reset before="tertiary">ヲ</reset>
					<x><context>ヲ</context><t>ヽ</t></x>
					<x><context>ｦ</context><i>ヽ</i></x>
					<x><context>を</context><i>ゝ</i></x>
					<x><context>ヺ</context><i>ヽ</i></x>
					<x><context>ヲ</context><i>ヾ</i><extend>゙</extend></x>
					<x><context>ｦ</context><i>ヾ</i><extend>゙</extend></x>
					<x><context>を</context><i>ゞ</i><extend>゙</extend></x>
					<x><context>ヺ</context><i>ヾ</i><extend>゙</extend></x>
					<reset before="tertiary">ン</reset>
					<x><context>ン</context><t>ヽ</t></x>
					<x><context>ﾝ</context><i>ヽ</i></x>
					<x><context>ん</context><i>ゝ</i></x>
					<reset>ァ</reset>
					<ic>ァぁｧ</ic>
					<reset>ア</reset>
					<ic>アあｱ</ic>
					<reset>ィ</reset>
					<ic>ィぃｨ</ic>
					<reset>イ</reset>
					<ic>イいｲ</ic>
					<reset>ゥ</reset>
					<ic>ゥぅｩ</ic>
					<reset>ウ</reset>
					<ic>ウうｳ</ic>
					<reset>ェ</reset>
					<ic>ェぇｪ</ic>
					<reset>エ</reset>
					<ic>エえｴ</ic>
					<reset>ォ</reset>
					<ic>ォぉｫ</ic>
					<reset>オ</reset>
					<ic>オおｵ</ic>
					<reset>カ</reset>
					<ic>カかｶ</ic>
					<reset>キ</reset>
					<ic>キきｷ</ic>
					<reset>ク</reset>
					<ic>クくｸ</ic>
					<reset>ケ</reset>
					<ic>ケけｹ</ic>
					<reset>コ</reset>
					<ic>コこｺ</ic>
					<reset>サ</reset>
					<ic>サさｻ</ic>
					<reset>シ</reset>
					<ic>シしｼ</ic>
					<reset>ス</reset>
					<ic>スすｽ</ic>
					<reset>セ</reset>
					<ic>セせｾ</ic>
					<reset>ソ</reset>
					<ic>ソそｿ</ic>
					<reset>タ</reset>
					<ic>タたﾀ</ic>
					<reset>チ</reset>
					<ic>チちﾁ</ic>
					<reset>ッ</reset>
					<ic>ッっｯ</ic>
					<reset>ツ</reset>
					<ic>ツつﾂ</ic>
					<reset>テ</reset>
					<ic>テてﾃ</ic>
					<reset>ト</reset>
					<ic>トとﾄ</ic>
					<reset>ナ</reset>
					<ic>ナなﾅ</ic>
					<reset>ニ</reset>
					<ic>ニにﾆ</ic>
					<reset>ヌ</reset>
					<ic>ヌぬﾇ</ic>
					<reset>ネ</reset>
					<ic>ネねﾈ</ic>
					<reset>ノ</reset>
					<ic>ノのﾉ</ic>
					<reset>ハ</reset>
					<ic>ハはﾊ</ic>
					<reset>ヒ</reset>
					<ic>ヒひﾋ</ic>
					<reset>フ</reset>
					<ic>フふﾌ</ic>
					<reset>ヘ</reset>
					<ic>ヘへﾍ</ic>
					<reset>ホ</reset>
					<ic>ホほﾎ</ic>
					<reset>マ</reset>
					<ic>マまﾏ</ic>
					<reset>ミ</reset>
					<ic>ミみﾐ</ic>
					<reset>ム</reset>
					<ic>ムむﾑ</ic>
					<reset>メ</reset>
					<ic>メめﾒ</ic>
					<reset>モ</reset>
					<ic>モもﾓ</ic>
					<reset>ャ</reset>
					<ic>ャゃｬ</ic>
					<reset>ヤ</reset>
					<ic>ヤやﾔ</ic>
					<reset>ュ</reset>
					<ic>ュゅｭ</ic>
					<reset>ユ</reset>
					<ic>ユゆﾕ</ic>
					<reset>ョ</reset>
					<ic>ョょｮ</ic>
					<reset>ヨ</reset>
					<ic>ヨよﾖ</ic>
					<reset>ラ</reset>
					<ic>ラらﾗ</ic>
					<reset>リ</reset>
					<ic>リりﾘ</ic>
					<reset>ル</reset>
					<ic>ルるﾙ</ic>
					<reset>レ</reset>
					<ic>レれﾚ</ic>
					<reset>ロ</reset>
					<ic>ロろﾛ</ic>
					<reset>ヮ</reset>
					<ic>ヮゎ</ic>
					<reset>ワ</reset>
					<ic>ワわﾜ</ic>
					<reset>ヰ</reset>
					<ic>ヰゐ</ic>
					<reset>ヱ</reset>
					<ic>ヱゑ</ic>
					<reset>ヲ</reset>
					<ic>ヲをｦ</ic>
					<reset>ン</reset>
					<ic>ンんﾝ</ic>
					<reset>ヵ</reset>
					<i>ヵ</i>
					<reset>ヶ</reset>
					<i>ヶ</i>
					<reset>ー</reset>
					<i>ー</i>
					<reset>゙</reset>
					<i>゙</i>
					<reset>゚</reset>
					<i>゚</i>
					<reset> </reset>
					<ic>　￣</ic>
					<reset>!</reset>
					<i>！</i>
					<reset>&quot;</reset>
					<i>＂</i>
					<reset>#</reset>
					<i>＃</i>
					<reset>$</reset>
					<i>＄</i>
					<reset>%</reset>
					<i>％</i>
					<reset>&amp;</reset>
					<i>＆</i>
					<reset>'</reset>
					<i>＇</i>
					<reset>(</reset>
					<i>（</i>
					<reset>)</reset>
					<i>）</i>
					<reset>*</reset>
					<i>＊</i>
					<reset>+</reset>
					<i>＋</i>
					<reset>,</reset>
					<i>，</i>
					<reset>-</reset>
					<i>－</i>
					<reset>.</reset>
					<i>．</i>
					<reset>/</reset>
					<i>／</i>
					<reset>0</reset>
					<i>０</i>
					<reset>1</reset>
					<i>１</i>
					<reset>2</reset>
					<i>２</i>
					<reset>3</reset>
					<i>３</i>
					<reset>4</reset>
					<i>４</i>
					<reset>5</reset>
					<i>５</i>
					<reset>6</reset>
					<i>６</i>
					<reset>7</reset>
					<i>７</i>
					<reset>8</reset>
					<i>８</i>
					<reset>9</reset>
					<i>９</i>
					<reset>:</reset>
					<i>：</i>
					<reset>;</reset>
					<i>；</i>
					<reset>&lt;</reset>
					<i>＜</i>
					<reset>=</reset>
					<i>＝</i>
					<reset>&gt;</reset>
					<i>＞</i>
					<reset>?</reset>
					<i>？</i>
					<reset>@</reset>
					<i>＠</i>
					<reset>A</reset>
					<i>Ａ</i>
					<reset>B</reset>
					<i>Ｂ</i>
					<reset>C</reset>
					<i>Ｃ</i>
					<reset>D</reset>
					<i>Ｄ</i>
					<reset>E</reset>
					<i>Ｅ</i>
					<reset>F</reset>
					<i>Ｆ</i>
					<reset>G</reset>
					<i>Ｇ</i>
					<reset>H</reset>
					<i>Ｈ</i>
					<reset>I</reset>
					<i>Ｉ</i>
					<reset>J</reset>
					<i>Ｊ</i>
					<reset>K</reset>
					<i>Ｋ</i>
					<reset>L</reset>
					<i>Ｌ</i>
					<reset>M</reset>
					<i>Ｍ</i>
					<reset>N</reset>
					<i>Ｎ</i>
					<reset>O</reset>
					<i>Ｏ</i>
					<reset>P</reset>
					<i>Ｐ</i>
					<reset>Q</reset>
					<i>Ｑ</i>
					<reset>R</reset>
					<i>Ｒ</i>
					<reset>S</reset>
					<i>Ｓ</i>
					<reset>T</reset>
					<i>Ｔ</i>
					<reset>U</reset>
					<i>Ｕ</i>
					<reset>V</reset>
					<i>Ｖ</i>
					<reset>W</reset>
					<i>Ｗ</i>
					<reset>X</reset>
					<i>Ｘ</i>
					<reset>Y</reset>
					<i>Ｙ</i>
					<reset>Z</reset>
					<i>Ｚ</i>
					<reset>[</reset>
					<i>［</i>
					<reset>'</reset>
					<i>＼</i>
					<reset>]</reset>
					<i>］</i>
					<reset>^</reset>
					<i>＾</i>
					<reset>_</reset>
					<i>＿</i>
					<reset>`</reset>
					<i>｀</i>
					<reset>a</reset>
					<i>ａ</i>
					<reset>b</reset>
					<i>ｂ</i>
					<reset>c</reset>
					<i>ｃ</i>
					<reset>d</reset>
					<i>ｄ</i>
					<reset>e</reset>
					<i>ｅ</i>
					<reset>f</reset>
					<i>ｆ</i>
					<reset>g</reset>
					<i>ｇ</i>
					<reset>h</reset>
					<i>ｈ</i>
					<reset>i</reset>
					<i>ｉ</i>
					<reset>j</reset>
					<i>ｊ</i>
					<reset>k</reset>
					<i>ｋ</i>
					<reset>l</reset>
					<i>ｌ</i>
					<reset>m</reset>
					<i>ｍ</i>
					<reset>n</reset>
					<i>ｎ</i>
					<reset>o</reset>
					<i>ｏ</i>
					<reset>p</reset>
					<i>ｐ</i>
					<reset>q</reset>
					<i>ｑ</i>
					<reset>r</reset>
					<i>ｒ</i>
					<reset>s</reset>
					<i>ｓ</i>
					<reset>t</reset>
					<i>ｔ</i>
					<reset>u</reset>
					<i>ｕ</i>
					<reset>v</reset>
					<i>ｖ</i>
					<reset>w</reset>
					<i>ｗ</i>
					<reset>x</reset>
					<i>ｘ</i>
					<reset>y</reset>
					<i>ｙ</i>
					<reset>z</reset>
					<i>ｚ</i>
					<reset>{</reset>
					<i>｛</i>
					<reset>|</reset>
					<i>｜</i>
					<reset>}</reset>
					<i>｝</i>
					<reset>~</reset>
					<i>～</i>
					<reset>¢</reset>
					<i>￠</i>
					<reset>£</reset>
					<i>￡</i>
					<reset>¥</reset>
					<i>￥</i>
					<reset>¦</reset>
					<i>￤</i>
					<reset>¬</reset>
					<i>￢</i>
					<reset>ᄀ</reset>
					<i>ﾡ</i>
					<reset>ᄁ</reset>
					<i>ﾢ</i>
					<reset>ᄂ</reset>
					<i>ﾤ</i>
					<reset>ᄃ</reset>
					<i>ﾧ</i>
					<reset>ᄄ</reset>
					<i>ﾨ</i>
					<reset>ᄅ</reset>
					<i>ﾩ</i>
					<reset>ᄆ</reset>
					<i>ﾱ</i>
					<reset>ᄇ</reset>
					<i>ﾲ</i>
					<reset>ᄈ</reset>
					<i>ﾳ</i>
					<reset>ᄉ</reset>
					<i>ﾵ</i>
					<reset>ᄊ</reset>
					<i>ﾶ</i>
					<reset>ᄋ</reset>
					<i>ﾷ</i>
					<reset>ᄌ</reset>
					<i>ﾸ</i>
					<reset>ᄍ</reset>
					<i>ﾹ</i>
					<reset>ᄎ</reset>
					<i>ﾺ</i>
					<reset>ᄏ</reset>
					<i>ﾻ</i>
					<reset>ᄐ</reset>
					<i>ﾼ</i>
					<reset>ᄑ</reset>
					<i>ﾽ</i>
					<reset>ᄒ</reset>
					<i>ﾾ</i>
					<reset>ᄚ</reset>
					<i>ﾰ</i>
					<reset>ᄡ</reset>
					<i>ﾴ</i>
					<reset>ᅠ</reset>
					<i>ﾠ</i>
					<reset>ᅡ</reset>
					<i>ￂ</i>
					<reset>ᅢ</reset>
					<i>ￃ</i>
					<reset>ᅣ</reset>
					<i>ￄ</i>
					<reset>ᅤ</reset>
					<i>ￅ</i>
					<reset>ᅥ</reset>
					<i>ￆ</i>
					<reset>ᅦ</reset>
					<i>ￇ</i>
					<reset>ᅧ</reset>
					<i>ￊ</i>
					<reset>ᅨ</reset>
					<i>ￋ</i>
					<reset>ᅩ</reset>
					<i>ￌ</i>
					<reset>ᅪ</reset>
					<i>ￍ</i>
					<reset>ᅫ</reset>
					<i>ￎ</i>
					<reset>ᅬ</reset>
					<i>ￏ</i>
					<reset>ᅭ</reset>
					<i>ￒ</i>
					<reset>ᅮ</reset>
					<i>ￓ</i>
					<reset>ᅯ</reset>
					<i>ￔ</i>
					<reset>ᅰ</reset>
					<i>ￕ</i>
					<reset>ᅱ</reset>
					<i>ￖ</i>
					<reset>ᅲ</reset>
					<i>ￗ</i>
					<reset>ᅳ</reset>
					<i>ￚ</i>
					<reset>ᅴ</reset>
					<i>ￛ</i>
					<reset>ᅵ</reset>
					<i>ￜ</i>
					<reset>ᆪ</reset>
					<i>ﾣ</i>
					<reset>ᆬ</reset>
					<i>ﾥ</i>
					<reset>ᆭ</reset>
					<i>ﾦ</i>
					<reset>ᆰ</reset>
					<i>ﾪ</i>
					<reset>ᆱ</reset>
					<i>ﾫ</i>
					<reset>ᆲ</reset>
					<i>ﾬ</i>
					<reset>ᆳ</reset>
					<i>ﾭ</i>
					<reset>ᆴ</reset>
					<i>ﾮ</i>
					<reset>ᆵ</reset>
					<i>ﾯ</i>
					<reset>₩</reset>
					<i>￦</i>
					<reset>←</reset>
					<i>￩</i>
					<reset>↑</reset>
					<i>￪</i>
					<reset>→</reset>
					<i>￫</i>
					<reset>↓</reset>
					<i>￬</i>
					<reset>│</reset>
					<i>￨</i>
					<reset>■</reset>
					<i>￭</i>
					<reset>○</reset>
					<i>￮</i>
					<reset>、</reset>
					<i>､</i>
					<reset>。</reset>
					<i>｡</i>
					<reset>「</reset>
					<i>｢</i>
					<reset>」</reset>
					<i>｣</i>
					<reset><last_non_ignorable/></reset>
					<pc>亜唖娃阿哀愛挨姶逢葵茜穐悪握渥旭葦芦鯵梓圧斡扱宛姐虻飴絢綾鮎或粟袷安庵按暗案闇鞍杏以伊位依偉囲夷委威尉惟意慰易椅為畏異移維緯胃萎衣謂違遺医井亥域育郁磯一壱溢逸稲茨芋鰯允印咽員因姻引飲淫胤蔭院陰隠韻吋右宇烏羽迂雨卯鵜窺丑碓臼渦嘘唄欝蔚鰻姥厩浦瓜閏噂云運雲荏餌叡営嬰影映曳栄永泳洩瑛盈穎頴英衛詠鋭液疫益駅悦謁越閲榎厭円園堰奄宴延怨掩援沿演炎焔煙燕猿縁艶苑薗遠鉛鴛塩於汚甥凹央奥往応押旺横欧殴王翁襖鴬鴎黄岡沖荻億屋憶臆桶牡乙俺卸恩温穏音下化仮何伽価佳加可嘉夏嫁家寡科暇果架歌河火珂禍禾稼箇花苛茄荷華菓蝦課嘩貨迦過霞蚊俄峨我牙画臥芽蛾賀雅餓駕介会解回塊壊廻快怪悔恢懐戒拐改魁晦械海灰界皆絵芥蟹開階貝凱劾外咳害崖慨概涯碍蓋街該鎧骸浬馨蛙垣柿蛎鈎劃嚇各廓拡撹格核殻獲確穫覚角赫較郭閣隔革学岳楽額顎掛笠樫橿梶鰍潟割喝恰括活渇滑葛褐轄且鰹叶椛樺鞄株兜竃蒲釜鎌噛鴨栢茅萱粥刈苅瓦乾侃冠寒刊勘勧巻喚堪姦完官寛干幹患感慣憾換敢柑桓棺款歓汗漢澗潅環甘監看竿管簡緩缶翰肝艦莞観諌貫還鑑間閑関陥韓館舘丸含岸巌玩癌眼岩翫贋雁頑顔願企伎危喜器基奇嬉寄岐希幾忌揮机旗既期棋棄機帰毅気汽畿祈季稀紀徽規記貴起軌輝飢騎鬼亀偽儀妓宜戯技擬欺犠疑祇義蟻誼議掬菊鞠吉吃喫桔橘詰砧杵黍却客脚虐逆丘久仇休及吸宮弓急救朽求汲泣灸球究窮笈級糾給旧牛去居巨拒拠挙渠虚許距鋸漁禦魚亨享京供侠僑兇競共凶協匡卿叫喬境峡強彊怯恐恭挟教橋況狂狭矯胸脅興蕎郷鏡響饗驚仰凝尭暁業局曲極玉桐粁僅勤均巾錦斤欣欽琴禁禽筋緊芹菌衿襟謹近金吟銀九倶句区狗玖矩苦躯駆駈駒具愚虞喰空偶寓遇隅串櫛釧屑屈掘窟沓靴轡窪熊隈粂栗繰桑鍬勲君薫訓群軍郡卦袈祁係傾刑兄啓圭珪型契形径恵慶慧憩掲携敬景桂渓畦稽系経継繋罫茎荊蛍計詣警軽頚鶏芸迎鯨劇戟撃激隙桁傑欠決潔穴結血訣月件倹倦健兼券剣喧圏堅嫌建憲懸拳捲検権牽犬献研硯絹県肩見謙賢軒遣鍵険顕験鹸元原厳幻弦減源玄現絃舷言諺限乎個古呼固姑孤己庫弧戸故枯湖狐糊袴股胡菰虎誇跨鈷雇顧鼓五互伍午呉吾娯後御悟梧檎瑚碁語誤護醐乞鯉交佼侯候倖光公功効勾厚口向后喉坑垢好孔孝宏工巧巷幸広庚康弘恒慌抗拘控攻昂晃更杭校梗構江洪浩港溝甲皇硬稿糠紅紘絞綱耕考肯肱腔膏航荒行衡講貢購郊酵鉱砿鋼閤降項香高鴻剛劫号合壕拷濠豪轟麹克刻告国穀酷鵠黒獄漉腰甑忽惚骨狛込此頃今困坤墾婚恨懇昏昆根梱混痕紺艮魂些佐叉唆嵯左差査沙瑳砂詐鎖裟坐座挫債催再最哉塞妻宰彩才採栽歳済災采犀砕砦祭斎細菜裁載際剤在材罪財冴坂阪堺榊肴咲崎埼碕鷺作削咋搾昨朔柵窄策索錯桜鮭笹匙冊刷察拶撮擦札殺薩雑皐鯖捌錆鮫皿晒三傘参山惨撒散桟燦珊産算纂蚕讃賛酸餐斬暫残仕仔伺使刺司史嗣四士始姉姿子屍市師志思指支孜斯施旨枝止死氏獅祉私糸紙紫肢脂至視詞詩試誌諮資賜雌飼歯事似侍児字寺慈持時次滋治爾璽痔磁示而耳自蒔辞汐鹿式識鴫竺軸宍雫七叱執失嫉室悉湿漆疾質実蔀篠偲柴芝屡蕊縞舎写射捨赦斜煮社紗者謝車遮蛇邪借勺尺杓灼爵酌釈錫若寂弱惹主取守手朱殊狩珠種腫趣酒首儒受呪寿授樹綬需囚収周宗就州修愁拾洲秀秋終繍習臭舟蒐衆襲讐蹴輯週酋酬集醜什住充十従戎柔汁渋獣縦重銃叔夙宿淑祝縮粛塾熟出術述俊峻春瞬竣舜駿准循旬楯殉淳準潤盾純巡遵醇順処初所暑曙渚庶緒署書薯藷諸助叙女序徐恕鋤除傷償勝匠升召哨商唱嘗奨妾娼宵将小少尚庄床廠彰承抄招掌捷昇昌昭晶松梢樟樵沼消渉湘焼焦照症省硝礁祥称章笑粧紹肖菖蒋蕉衝裳訟証詔詳象賞醤鉦鍾鐘障鞘上丈丞乗冗剰城場壌嬢常情擾条杖浄状畳穣蒸譲醸錠嘱埴飾拭植殖燭織職色触食蝕辱尻伸信侵唇娠寝審心慎振新晋森榛浸深申疹真神秦紳臣芯薪親診身辛進針震人仁刃塵壬尋甚尽腎訊迅陣靭笥諏須酢図厨逗吹垂帥推水炊睡粋翠衰遂酔錐錘随瑞髄崇嵩数枢趨雛据杉椙菅頗雀裾澄摺寸世瀬畝是凄制勢姓征性成政整星晴棲栖正清牲生盛精聖声製西誠誓請逝醒青静斉税脆隻席惜戚斥昔析石積籍績脊責赤跡蹟碩切拙接摂折設窃節説雪絶舌蝉仙先千占宣専尖川戦扇撰栓栴泉浅洗染潜煎煽旋穿箭線繊羨腺舛船薦詮賎践選遷銭銑閃鮮前善漸然全禅繕膳糎噌塑岨措曾曽楚狙疏疎礎祖租粗素組蘇訴阻遡鼠僧創双叢倉喪壮奏爽宋層匝惣想捜掃挿掻操早曹巣槍槽漕燥争痩相窓糟総綜聡草荘葬蒼藻装走送遭鎗霜騒像増憎臓蔵贈造促側則即息捉束測足速俗属賊族続卒袖其揃存孫尊損村遜他多太汰詑唾堕妥惰打柁舵楕陀駄騨体堆対耐岱帯待怠態戴替泰滞胎腿苔袋貸退逮隊黛鯛代台大第醍題鷹滝瀧卓啄宅托択拓沢濯琢託鐸濁諾茸凧蛸只叩但達辰奪脱巽竪辿棚谷狸鱈樽誰丹単嘆坦担探旦歎淡湛炭短端箪綻耽胆蛋誕鍛団壇弾断暖檀段男談値知地弛恥智池痴稚置致蜘遅馳築畜竹筑蓄逐秩窒茶嫡着中仲宙忠抽昼柱注虫衷註酎鋳駐樗瀦猪苧著貯丁兆凋喋寵帖帳庁弔張彫徴懲挑暢朝潮牒町眺聴脹腸蝶調諜超跳銚長頂鳥勅捗直朕沈珍賃鎮陳津墜椎槌追鎚痛通塚栂掴槻佃漬柘辻蔦綴鍔椿潰坪壷嬬紬爪吊釣鶴亭低停偵剃貞呈堤定帝底庭廷弟悌抵挺提梯汀碇禎程締艇訂諦蹄逓邸鄭釘鼎泥摘擢敵滴的笛適鏑溺哲徹撤轍迭鉄典填天展店添纏甜貼転顛点伝殿澱田電兎吐堵塗妬屠徒斗杜渡登菟賭途都鍍砥砺努度土奴怒倒党冬凍刀唐塔塘套宕島嶋悼投搭東桃梼棟盗淘湯涛灯燈当痘祷等答筒糖統到董蕩藤討謄豆踏逃透鐙陶頭騰闘働動同堂導憧撞洞瞳童胴萄道銅峠鴇匿得徳涜特督禿篤毒独読栃橡凸突椴届鳶苫寅酉瀞噸屯惇敦沌豚遁頓呑曇鈍奈那内乍凪薙謎灘捺鍋楢馴縄畷南楠軟難汝二尼弐迩匂賑肉虹廿日乳入如尿韮任妊忍認濡禰祢寧葱猫熱年念捻撚燃粘乃廼之埜嚢悩濃納能脳膿農覗蚤巴把播覇杷波派琶破婆罵芭馬俳廃拝排敗杯盃牌背肺輩配倍培媒梅楳煤狽買売賠陪這蝿秤矧萩伯剥博拍柏泊白箔粕舶薄迫曝漠爆縛莫駁麦函箱硲箸肇筈櫨幡肌畑畠八鉢溌発醗髪伐罰抜筏閥鳩噺塙蛤隼伴判半反叛帆搬斑板氾汎版犯班畔繁般藩販範釆煩頒飯挽晩番盤磐蕃蛮匪卑否妃庇彼悲扉批披斐比泌疲皮碑秘緋罷肥被誹費避非飛樋簸備尾微枇毘琵眉美鼻柊稗匹疋髭彦膝菱肘弼必畢筆逼桧姫媛紐百謬俵彪標氷漂瓢票表評豹廟描病秒苗錨鋲蒜蛭鰭品彬斌浜瀕貧賓頻敏瓶不付埠夫婦富冨布府怖扶敷斧普浮父符腐膚芙譜負賦赴阜附侮撫武舞葡蕪部封楓風葺蕗伏副復幅服福腹複覆淵弗払沸仏物鮒分吻噴墳憤扮焚奮粉糞紛雰文聞丙併兵塀幣平弊柄並蔽閉陛米頁僻壁癖碧別瞥蔑箆偏変片篇編辺返遍便勉娩弁鞭保舗鋪圃捕歩甫補輔穂募墓慕戊暮母簿菩倣俸包呆報奉宝峰峯崩庖抱捧放方朋法泡烹砲縫胞芳萌蓬蜂褒訪豊邦鋒飽鳳鵬乏亡傍剖坊妨帽忘忙房暴望某棒冒紡肪膨謀貌貿鉾防吠頬北僕卜墨撲朴牧睦穆釦勃没殆堀幌奔本翻凡盆摩磨魔麻埋妹昧枚毎哩槙幕膜枕鮪柾鱒桝亦俣又抹末沫迄侭繭麿万慢満漫蔓味未魅巳箕岬密蜜湊蓑稔脈妙粍民眠務夢無牟矛霧鵡椋婿娘冥名命明盟迷銘鳴姪牝滅免棉綿緬面麺摸模茂妄孟毛猛盲網耗蒙儲木黙目杢勿餅尤戻籾貰問悶紋門匁也冶夜爺耶野弥矢厄役約薬訳躍靖柳薮鑓愉愈油癒諭輸唯佑優勇友宥幽悠憂揖有柚湧涌猶猷由祐裕誘遊邑郵雄融夕予余与誉輿預傭幼妖容庸揚揺擁曜楊様洋溶熔用窯羊耀葉蓉要謡踊遥陽養慾抑欲沃浴翌翼淀羅螺裸来莱頼雷洛絡落酪乱卵嵐欄濫藍蘭覧利吏履李梨理璃痢裏裡里離陸律率立葎掠略劉流溜琉留硫粒隆竜龍侶慮旅虜了亮僚両凌寮料梁涼猟療瞭稜糧良諒遼量陵領力緑倫厘林淋燐琳臨輪隣鱗麟瑠塁涙累類令伶例冷励嶺怜玲礼苓鈴隷零霊麗齢暦歴列劣烈裂廉恋憐漣煉簾練聯蓮連錬呂魯櫓炉賂路露労婁廊弄朗楼榔浪漏牢狼篭老聾蝋郎六麓禄肋録論倭和話歪賄脇惑枠鷲亙亘鰐詫藁蕨椀湾碗腕弌丐丕个丱丶丼丿乂乖乘亂亅豫亊舒弍于亞亟亠亢亰亳亶从仍仄仆仂仗仞仭仟价伉佚估佛佝佗佇佶侈侏侘佻佩佰侑佯來侖儘俔俟俎俘俛俑俚俐俤俥倚倨倔倪倥倅伜俶倡倩倬俾俯們倆偃假會偕偐偈做偖偬偸傀傚傅傴傲僉僊傳僂僖僞僥僭僣僮價僵儉儁儂儖儕儔儚儡儺儷儼儻儿兀兒兌兔兢竸兩兪兮冀冂囘册冉冏冑冓冕冖冤冦冢冩冪冫决冱冲冰况冽凅凉凛几處凩凭凰凵凾刄刋刔刎刧刪刮刳刹剏剄剋剌剞剔剪剴剩剳剿剽劍劔劒剱劈劑辨辧劬劭劼劵勁勍勗勞勣勦飭勠勳勵勸勹匆匈甸匍匐匏匕匚匣匯匱匳匸區卆卅丗卉卍凖卞卩卮夘卻卷厂厖厠厦厥厮厰厶參簒雙叟曼燮叮叨叭叺吁吽呀听吭吼吮吶吩吝呎咏呵咎呟呱呷呰咒呻咀呶咄咐咆哇咢咸咥咬哄哈咨咫哂咤咾咼哘哥哦唏唔哽哮哭哺哢唹啀啣啌售啜啅啖啗唸唳啝喙喀咯喊喟啻啾喘喞單啼喃喩喇喨嗚嗅嗟嗄嗜嗤嗔嘔嗷嘖嗾嗽嘛嗹噎噐營嘴嘶嘲嘸噫噤嘯噬噪嚆嚀嚊嚠嚔嚏嚥嚮嚶嚴囂嚼囁囃囀囈囎囑囓囗囮囹圀囿圄圉圈國圍圓團圖嗇圜圦圷圸坎圻址坏坩埀垈坡坿垉垓垠垳垤垪垰埃埆埔埒埓堊埖埣堋堙堝塲堡塢塋塰毀塒堽塹墅墹墟墫墺壞墻墸墮壅壓壑壗壙壘壥壜壤壟壯壺壹壻壼壽夂夊夐夛梦夥夬夭夲夸夾竒奕奐奎奚奘奢奠奧奬奩奸妁妝佞侫妣妲姆姨姜妍姙姚娥娟娑娜娉娚婀婬婉娵娶婢婪媚媼媾嫋嫂媽嫣嫗嫦嫩嫖嫺嫻嬌嬋嬖嬲嫐嬪嬶嬾孃孅孀孑孕孚孛孥孩孰孳孵學斈孺宀它宦宸寃寇寉寔寐寤實寢寞寥寫寰寶寳尅將專對尓尠尢尨尸尹屁屆屎屓屐屏孱屬屮乢屶屹岌岑岔妛岫岻岶岼岷峅岾峇峙峩峽峺峭嶌峪崋崕崗嵜崟崛崑崔崢崚崙崘嵌嵒嵎嵋嵬嵳嵶嶇嶄嶂嶢嶝嶬嶮嶽嶐嶷嶼巉巍巓巒巖巛巫已巵帋帚帙帑帛帶帷幄幃幀幎幗幔幟幢幤幇幵并幺麼广庠廁廂廈廐廏廖廣廝廚廛廢廡廨廩廬廱廳廰廴廸廾弃弉彝彜弋弑弖弩弭弸彁彈彌彎弯彑彖彗彙彡彭彳彷徃徂彿徊很徑徇從徙徘徠徨徭徼忖忻忤忸忱忝悳忿怡恠怙怐怩怎怱怛怕怫怦怏怺恚恁恪恷恟恊恆恍恣恃恤恂恬恫恙悁悍惧悃悚悄悛悖悗悒悧悋惡悸惠惓悴忰悽惆悵惘慍愕愆惶惷愀惴惺愃愡惻惱愍愎慇愾愨愧慊愿愼愬愴愽慂慄慳慷慘慙慚慫慴慯慥慱慟慝慓慵憙憖憇憬憔憚憊憑憫憮懌懊應懷懈懃懆憺懋罹懍懦懣懶懺懴懿懽懼懾戀戈戉戍戌戔戛戞戡截戮戰戲戳扁扎扞扣扛扠扨扼抂抉找抒抓抖拔抃抔拗拑抻拏拿拆擔拈拜拌拊拂拇抛拉挌拮拱挧挂挈拯拵捐挾捍搜捏掖掎掀掫捶掣掏掉掟掵捫捩掾揩揀揆揣揉插揶揄搖搴搆搓搦搶攝搗搨搏摧摯摶摎攪撕撓撥撩撈撼據擒擅擇撻擘擂擱擧舉擠擡抬擣擯攬擶擴擲擺攀擽攘攜攅攤攣攫攴攵攷收攸畋效敖敕敍敘敞敝敲數斂斃變斛斟斫斷旃旆旁旄旌旒旛旙无旡旱杲昊昃旻杳昵昶昴昜晏晄晉晁晞晝晤晧晨晟晢晰暃暈暎暉暄暘暝曁暹曉暾暼曄暸曖曚曠昿曦曩曰曵曷朏朖朞朦朧霸朮朿朶杁朸朷杆杞杠杙杣杤枉杰枩杼杪枌枋枦枡枅枷柯枴柬枳柩枸柤柞柝柢柮枹柎柆柧檜栞框栩桀桍栲桎梳栫桙档桷桿梟梏梭梔條梛梃檮梹桴梵梠梺椏梍桾椁棊椈棘椢椦棡椌棍棔棧棕椶椒椄棗棣椥棹棠棯椨椪椚椣椡棆楹楷楜楸楫楔楾楮椹楴椽楙椰楡楞楝榁楪榲榮槐榿槁槓榾槎寨槊槝榻槃榧樮榑榠榜榕榴槞槨樂樛槿權槹槲槧樅榱樞槭樔槫樊樒櫁樣樓橄樌橲樶橸橇橢橙橦橈樸樢檐檍檠檄檢檣檗蘗檻櫃櫂檸檳檬櫞櫑櫟檪櫚櫪櫻欅蘖櫺欒欖鬱欟欸欷盜欹飮歇歃歉歐歙歔歛歟歡歸歹歿殀殄殃殍殘殕殞殤殪殫殯殲殱殳殷殼毆毋毓毟毬毫毳毯麾氈氓气氛氤氣汞汕汢汪沂沍沚沁沛汾汨汳沒沐泄泱泓沽泗泅泝沮沱沾沺泛泯泙泪洟衍洶洫洽洸洙洵洳洒洌浣涓浤浚浹浙涎涕濤涅淹渕渊涵淇淦涸淆淬淞淌淨淒淅淺淙淤淕淪淮渭湮渮渙湲湟渾渣湫渫湶湍渟湃渺湎渤滿渝游溂溪溘滉溷滓溽溯滄溲滔滕溏溥滂溟潁漑灌滬滸滾漿滲漱滯漲滌漾漓滷澆潺潸澁澀潯潛濳潭澂潼潘澎澑濂潦澳澣澡澤澹濆澪濟濕濬濔濘濱濮濛瀉瀋濺瀑瀁瀏濾瀛瀚潴瀝瀘瀟瀰瀾瀲灑灣炙炒炯烱炬炸炳炮烟烋烝烙焉烽焜焙煥煕熈煦煢煌煖煬熏燻熄熕熨熬燗熹熾燒燉燔燎燠燬燧燵燼燹燿爍爐爛爨爭爬爰爲爻爼爿牀牆牋牘牴牾犂犁犇犒犖犢犧犹犲狃狆狄狎狒狢狠狡狹狷倏猗猊猜猖猝猴猯猩猥猾獎獏默獗獪獨獰獸獵獻獺珈玳珎玻珀珥珮珞璢琅瑯琥珸琲琺瑕琿瑟瑙瑁瑜瑩瑰瑣瑪瑶瑾璋璞璧瓊瓏瓔珱瓠瓣瓧瓩瓮瓲瓰瓱瓸瓷甄甃甅甌甎甍甕甓甞甦甬甼畄畍畊畉畛畆畚畩畤畧畫畭畸當疆疇畴疊疉疂疔疚疝疥疣痂疳痃疵疽疸疼疱痍痊痒痙痣痞痾痿痼瘁痰痺痲痳瘋瘍瘉瘟瘧瘠瘡瘢瘤瘴瘰瘻癇癈癆癜癘癡癢癨癩癪癧癬癰癲癶癸發皀皃皈皋皎皖皓皙皚皰皴皸皹皺盂盍盖盒盞盡盥盧盪蘯盻眈眇眄眩眤眞眥眦眛眷眸睇睚睨睫睛睥睿睾睹瞎瞋瞑瞠瞞瞰瞶瞹瞿瞼瞽瞻矇矍矗矚矜矣矮矼砌砒礦砠礪硅碎硴碆硼碚碌碣碵碪碯磑磆磋磔碾碼磅磊磬磧磚磽磴礇礒礑礙礬礫祀祠祗祟祚祕祓祺祿禊禝禧齋禪禮禳禹禺秉秕秧秬秡秣稈稍稘稙稠稟禀稱稻稾稷穃穗穉穡穢穩龝穰穹穽窈窗窕窘窖窩竈窰窶竅竄窿邃竇竊竍竏竕竓站竚竝竡竢竦竭竰笂笏笊笆笳笘笙笞笵笨笶筐筺笄筍笋筌筅筵筥筴筧筰筱筬筮箝箘箟箍箜箚箋箒箏筝箙篋篁篌篏箴篆篝篩簑簔篦篥籠簀簇簓篳篷簗簍篶簣簧簪簟簷簫簽籌籃籔籏籀籐籘籟籤籖籥籬籵粃粐粤粭粢粫粡粨粳粲粱粮粹粽糀糅糂糘糒糜糢鬻糯糲糴糶糺紆紂紜紕紊絅絋紮紲紿紵絆絳絖絎絲絨絮絏絣經綉絛綏絽綛綺綮綣綵緇綽綫總綢綯緜綸綟綰緘緝緤緞緻緲緡縅縊縣縡縒縱縟縉縋縢繆繦縻縵縹繃縷縲縺繧繝繖繞繙繚繹繪繩繼繻纃緕繽辮繿纈纉續纒纐纓纔纖纎纛纜缸缺罅罌罍罎罐网罕罔罘罟罠罨罩罧罸羂羆羃羈羇羌羔羞羝羚羣羯羲羹羮羶羸譱翅翆翊翕翔翡翦翩翳翹飜耆耄耋耒耘耙耜耡耨耿耻聊聆聒聘聚聟聢聨聳聲聰聶聹聽聿肄肆肅肛肓肚肭冐肬胛胥胙胝胄胚胖脉胯胱脛脩脣脯腋隋腆脾腓腑胼腱腮腥腦腴膃膈膊膀膂膠膕膤膣腟膓膩膰膵膾膸膽臀臂膺臉臍臑臙臘臈臚臟臠臧臺臻臾舁舂舅與舊舍舐舖舩舫舸舳艀艙艘艝艚艟艤艢艨艪艫舮艱艷艸艾芍芒芫芟芻芬苡苣苟苒苴苳苺莓范苻苹苞茆苜茉苙茵茴茖茲茱荀茹荐荅茯茫茗茘莅莚莪莟莢莖茣莎莇莊荼莵荳荵莠莉莨菴萓菫菎菽萃菘萋菁菷萇菠菲萍萢萠莽萸蔆菻葭萪萼蕚蒄葷葫蒭葮蒂葩葆萬葯葹萵蓊葢蒹蒿蒟蓙蓍蒻蓚蓐蓁蓆蓖蒡蔡蓿蓴蔗蔘蔬蔟蔕蔔蓼蕀蕣蕘蕈蕁蘂蕋蕕薀薤薈薑薊薨蕭薔薛藪薇薜蕷蕾薐藉薺藏薹藐藕藝藥藜藹蘊蘓蘋藾藺蘆蘢蘚蘰蘿虍乕虔號虧虱蚓蚣蚩蚪蚋蚌蚶蚯蛄蛆蚰蛉蠣蚫蛔蛞蛩蛬蛟蛛蛯蜒蜆蜈蜀蜃蛻蜑蜉蜍蛹蜊蜴蜿蜷蜻蜥蜩蜚蝠蝟蝸蝌蝎蝴蝗蝨蝮蝙蝓蝣蝪蠅螢螟螂螯蟋螽蟀蟐雖螫蟄螳蟇蟆螻蟯蟲蟠蠏蠍蟾蟶蟷蠎蟒蠑蠖蠕蠢蠡蠱蠶蠹蠧蠻衄衂衒衙衞衢衫袁衾袞衵衽袵衲袂袗袒袮袙袢袍袤袰袿袱裃裄裔裘裙裝裹褂裼裴裨裲褄褌褊褓襃褞褥褪褫襁襄褻褶褸襌褝襠襞襦襤襭襪襯襴襷襾覃覈覊覓覘覡覩覦覬覯覲覺覽覿觀觚觜觝觧觴觸訃訖訐訌訛訝訥訶詁詛詒詆詈詼詭詬詢誅誂誄誨誡誑誥誦誚誣諄諍諂諚諫諳諧諤諱謔諠諢諷諞諛謌謇謚諡謖謐謗謠謳鞫謦謫謾謨譁譌譏譎證譖譛譚譫譟譬譯譴譽讀讌讎讒讓讖讙讚谺豁谿豈豌豎豐豕豢豬豸豺貂貉貅貊貍貎貔豼貘戝貭貪貽貲貳貮貶賈賁賤賣賚賽賺賻贄贅贊贇贏贍贐齎贓賍贔贖赧赭赱赳趁趙跂趾趺跏跚跖跌跛跋跪跫跟跣跼踈踉跿踝踞踐踟蹂踵踰踴蹊蹇蹉蹌蹐蹈蹙蹤蹠踪蹣蹕蹶蹲蹼躁躇躅躄躋躊躓躑躔躙躪躡躬躰軆躱躾軅軈軋軛軣軼軻軫軾輊輅輕輒輙輓輜輟輛輌輦輳輻輹轅轂輾轌轉轆轎轗轜轢轣轤辜辟辣辭辯辷迚迥迢迪迯邇迴逅迹迺逑逕逡逍逞逖逋逧逶逵逹迸遏遐遑遒逎遉逾遖遘遞遨遯遶隨遲邂遽邁邀邊邉邏邨邯邱邵郢郤扈郛鄂鄒鄙鄲鄰酊酖酘酣酥酩酳酲醋醉醂醢醫醯醪醵醴醺釀釁釉釋釐釖釟釡釛釼釵釶鈞釿鈔鈬鈕鈑鉞鉗鉅鉉鉤鉈銕鈿鉋鉐銜銖銓銛鉚鋏銹銷鋩錏鋺鍄錮錙錢錚錣錺錵錻鍜鍠鍼鍮鍖鎰鎬鎭鎔鎹鏖鏗鏨鏥鏘鏃鏝鏐鏈鏤鐚鐔鐓鐃鐇鐐鐶鐫鐵鐡鐺鑁鑒鑄鑛鑠鑢鑞鑪鈩鑰鑵鑷鑽鑚鑼鑾钁鑿閂閇閊閔閖閘閙閠閨閧閭閼閻閹閾闊濶闃闍闌闕闔闖關闡闥闢阡阨阮阯陂陌陏陋陷陜陞陝陟陦陲陬隍隘隕隗險隧隱隲隰隴隶隸隹雎雋雉雍襍雜霍雕雹霄霆霈霓霎霑霏霖霙霤霪霰霹霽霾靄靆靈靂靉靜靠靤靦靨勒靫靱靹鞅靼鞁靺鞆鞋鞏鞐鞜鞨鞦鞣鞳鞴韃韆韈韋韜韭齏韲竟韶韵頏頌頸頤頡頷頽顆顏顋顫顯顰顱顴顳颪颯颱颶飄飃飆飩飫餃餉餒餔餘餡餝餞餤餠餬餮餽餾饂饉饅饐饋饑饒饌饕馗馘馥馭馮馼駟駛駝駘駑駭駮駱駲駻駸騁騏騅駢騙騫騷驅驂驀驃騾驕驍驛驗驟驢驥驤驩驫驪骭骰骼髀髏髑髓體髞髟髢髣髦髯髫髮髴髱髷髻鬆鬘鬚鬟鬢鬣鬥鬧鬨鬩鬪鬮鬯鬲魄魃魏魍魎魑魘魴鮓鮃鮑鮖鮗鮟鮠鮨鮴鯀鯊鮹鯆鯏鯑鯒鯣鯢鯤鯔鯡鰺鯲鯱鯰鰕鰔鰉鰓鰌鰆鰈鰒鰊鰄鰮鰛鰥鰤鰡鰰鱇鰲鱆鰾鱚鱠鱧鱶鱸鳧鳬鳰鴉鴈鳫鴃鴆鴪鴦鶯鴣鴟鵄鴕鴒鵁鴿鴾鵆鵈鵝鵞鵤鵑鵐鵙鵲鶉鶇鶫鵯鵺鶚鶤鶩鶲鷄鷁鶻鶸鶺鷆鷏鷂鷙鷓鷸鷦鷭鷯鷽鸚鸛鸞鹵鹹鹽麁麈麋麌麒麕麑麝麥麩麸麪麭靡黌黎黏黐黔黜點黝黠黥黨黯黴黶黷黹黻黼黽鼇鼈皷鼕鼡鼬鼾齊齒齔齣齟齠齡齦齧齬齪齷齲齶龕龜龠堯槇遙瑤凜熙</pc>
				</rules>
			</collation  >
		</collations>
</ldml>
