<?xml version="1.0" encoding="UTF-8" ?>
<!DOCTYPE ldml SYSTEM "http://www.unicode.org/cldr/dtd/1.2/ldml.dtd">
<ldml>
	<identity>
		<version number="1.2"/>
		<generation date="2004-06-01" />
		<language type="om" /> 
	</identity>
	<collations  validSubLocales="om_ET om_KE">
		<collation type="standard" >
			<rules>
				<reset>Z</reset>
				<p>ch</p>
				<t>Ch</t>
				<t>CH</t>
				<p>dh</p>
				<t>Dh</t>
				<t>DH</t>
				<p>kh</p>
				<t>Kh</t>
				<t>KH</t>
				<p>ny</p>
				<t>Ny</t>
				<t>NY</t>
				<p>ph</p>
				<t>Ph</t>
				<t>PH</t>
				<p>sh</p>
				<t>Sh</t>
			</rules>
		</collation  >
	</collations>
</ldml>
