<?xml version="1.0" encoding="UTF-8" ?>
<!DOCTYPE ldml SYSTEM "http://www.unicode.org/cldr/dtd/1.2/ldml.dtd">
<ldml>
	<identity>
		<version number="1.2"/>
		<generation date="2004-08-26" />
		<language type="root" /> 
	</identity>
		<collations validSubLocales="ga ga_IE id id_ID ms ms_BN ms_MY nl nl_BE nl_NL pt pt_BR pt_PT">
			<default type="standard"/>
			<collation type="standard" >
			</collation  >
		</collations>
    <!-- for UCA rules please see: http://www.unicode.org/reports/tr10/ -->
</ldml>
