<?xml version="1.0" encoding="UTF-8" ?>
<!DOCTYPE ldml SYSTEM "http://www.unicode.org/cldr/dtd/1.1/ldml.dtd">
<ldml>
	<identity>
		<version number="1.1.1"/>
		<generation date="2004-07-12" />
		<language type="eo" /> 
	</identity>
	<collations>
		<collation type="standard" >
			<rules>
				<reset>C</reset>
				<p>ĉ</p>
				<t>Ĉ</t>
				<reset>G</reset>
				<p>ĝ</p>
				<t>Ĝ</t>
				<reset>H</reset>
				<p>ĥ</p>
				<t>Ĥ</t>
				<reset>J</reset>
				<p>ĵ</p>
				<t>Ĵ</t>
				<reset>S</reset>
				<p>ŝ</p>
				<t>Ŝ</t>
				<reset>U</reset>
				<p>ŭ</p>
				<t>Ŭ</t>
			</rules>
		</collation  >
	</collations>
</ldml>
