<?xml version="1.0" encoding="UTF-8" ?>
<!DOCTYPE ldml SYSTEM "http://www.unicode.org/cldr/dtd/1.1/ldml.dtd">
<ldml>
	<identity>
		<version number="1.1.1"/>
		<generation date="2004-07-12" />
		<language type="fa" /> 
	</identity>
	<collations>
		<collation type="standard" >
			<settings normalization="on"  />
			<rules>
				<reset>َ</reset>
				<sc>ًٌٍُِ</sc>
				<reset>آ</reset>
				<p>ا</p>
				<s>ٱ</s>
				<p>ء</p>
				<sc>أٲإٳؤ</sc>
				<s>یٔ</s>
				<t>ىٔ</t>
				<t>ئ</t>
				<reset>ک</reset>
				<sc>ڪګكڬڭڮ</sc>
				<reset>ۏ</reset>
				<p>ه</p>
				<sc>ەہةۃۀھ</sc>
				<reset>ی</reset>
				<sc>ىےيېۑۍێ</sc>
			</rules>
		</collation  >
	</collations>
</ldml>
