<?xml version="1.0" encoding="UTF-8" ?>
<!DOCTYPE ldml SYSTEM "http://www.unicode.org/cldr/dtd/1.1/ldml.dtd">
<ldml>
	<identity>
		<version number="1.1.1"/>
		<generation date="2004-07-12" />
		<language type="hu" /> 
	</identity>
	<collations>
		<collation type="standard" >
			<rules>
				<reset>C</reset>
				<p>cs</p>
				<t>Cs</t>
				<t>CS</t>
				<reset>D</reset>
				<p>dz</p>
				<t>Dz</t>
				<t>DZ</t>
				<reset>DZ</reset>
				<p>dzs</p>
				<t>Dzs</t>
				<t>DZS</t>
				<reset>G</reset>
				<p>gy</p>
				<t>Gy</t>
				<t>GY</t>
				<reset>L</reset>
				<p>ly</p>
				<t>Ly</t>
				<t>LY</t>
				<reset>N</reset>
				<p>ny</p>
				<t>Ny</t>
				<t>NY</t>
				<reset>S</reset>
				<p>sz</p>
				<t>Sz</t>
				<t>SZ</t>
				<reset>T</reset>
				<p>ty</p>
				<t>Ty</t>
				<t>TY</t>
				<reset>Z</reset>
				<p>zs</p>
				<t>Zs</t>
				<t>ZS</t>
				<reset>O</reset>
				<p>ö</p>
				<t>Ö</t>
				<s>ő</s>
				<t>Ő</t>
				<reset>U</reset>
				<p>ü</p>
				<t>Ü</t>
				<s>ű</s>
				<t>Ű</t>
				<reset>cs</reset>
				<x><t>cc</t><extend>cs</extend></x>
				<reset>Cs</reset>
				<x><t>Cc</t><extend>cs</extend></x>
				<reset>CS</reset>
				<x><t>CC</t><extend>CS</extend></x>
				<reset>dz</reset>
				<x><t>dd</t><extend>dz</extend></x>
				<reset>Dz</reset>
				<x><t>Dd</t><extend>dz</extend></x>
				<reset>DZ</reset>
				<x><t>DD</t><extend>DZ</extend></x>
				<reset>dzs</reset>
				<x><t>ddz</t><extend>dzs</extend></x>
				<reset>Dzs</reset>
				<x><t>Ddz</t><extend>dzs</extend></x>
				<reset>DZS</reset>
				<x><t>DDZ</t><extend>DZS</extend></x>
				<reset>gy</reset>
				<x><t>gg</t><extend>gy</extend></x>
				<reset>Gy</reset>
				<x><t>Gg</t><extend>gy</extend></x>
				<reset>GY</reset>
				<x><t>GG</t><extend>GY</extend></x>
				<reset>ly</reset>
				<x><t>ll</t><extend>ly</extend></x>
				<reset>Ly</reset>
				<x><t>Ll</t><extend>ly</extend></x>
				<reset>LY</reset>
				<x><t>LL</t><extend>LY</extend></x>
				<reset>ny</reset>
				<x><t>nn</t><extend>ny</extend></x>
				<reset>Ny</reset>
				<x><t>Nn</t><extend>ny</extend></x>
				<reset>NY</reset>
				<x><t>NN</t><extend>NY</extend></x>
				<reset>sz</reset>
				<x><t>ss</t><extend>sz</extend></x>
				<reset>Sz</reset>
				<x><t>Ss</t><extend>sz</extend></x>
				<reset>SZ</reset>
				<x><t>SS</t><extend>SZ</extend></x>
				<reset>ty</reset>
				<x><t>tt</t><extend>ty</extend></x>
				<reset>Ty</reset>
				<x><t>Tt</t><extend>ty</extend></x>
				<reset>TY</reset>
				<x><t>TT</t><extend>TY</extend></x>
				<reset>zs</reset>
				<x><t>zz</t><extend>zs</extend></x>
				<reset>Zs</reset>
				<x><t>Zz</t><extend>zs</extend></x>
				<reset>ZS</reset>
				<x><t>ZZ</t><extend>ZS</extend></x>
			</rules>
		</collation  >
	</collations>
</ldml>
