<?xml version="1.0" encoding="UTF-8" ?>
<!DOCTYPE ldml SYSTEM "http://www.unicode.org/cldr/dtd/1.1/ldml.dtd">
<ldml>
	<identity>
		<version number="1.1.1"/>
		<generation date="2004-07-12" />
		<language type="is" /> 
	</identity>
	<collations>
		<collation type="standard" >
			<rules>
				<reset before="primary">b</reset>
				<p>á</p>
				<t>Á</t>
				<reset>d</reset>
				<s>đ</s>
				<t>Đ</t>
				<p>ð</p>
				<t>Ð</t>
				<reset before="primary">f</reset>
				<p>é</p>
				<t>É</t>
				<reset before="primary">j</reset>
				<p>í</p>
				<t>Í</t>
				<reset before="primary">p</reset>
				<p>ó</p>
				<t>Ó</t>
				<reset before="primary">v</reset>
				<p>ú</p>
				<t>Ú</t>
				<reset before="primary">z</reset>
				<p>ý</p>
				<t>Ý</t>
				<reset before="primary">ʒ</reset>
				<p>þ</p>
				<t>Þ</t>
				<p>æ</p>
				<t>Æ</t>
				<s>ä</s>
				<t>Ä</t>
				<p>ö</p>
				<t>Ö</t>
				<s>ø</s>
				<t>Ø</t>
				<p>å</p>
				<t>Å</t>
			</rules>
		</collation  >
	</collations>
</ldml>
