<?xml version="1.0" encoding="UTF-8" ?>
<!DOCTYPE ldml SYSTEM "http://www.unicode.org/cldr/dtd/1.1/ldml.dtd">
<ldml>
	<identity>
		<version number="1.1.1"/>
		<generation date="2004-07-12" />
		<language type="kk" /> 
	</identity>
	<collations>
		<collation type="standard" >
			<suppress_contractions>[suppressContractions [Ѐ-џ]</suppress_contractions>
			<rules>
				<reset before="primary">ү</reset>
				<p>ұ</p>
				<t>Ұ</t>
			</rules>
		</collation  >
	</collations>
</ldml>
