<?xml version="1.0" encoding="UTF-8" ?>
<!DOCTYPE ldml SYSTEM "http://www.unicode.org/cldr/dtd/1.1/ldml.dtd">
<ldml>
	<identity>
		<version number="1.1.1"/>
		<generation date="2004-07-12" />
		<language type="lt" /> 
	</identity>
	<collations>
		<collation type="standard" >
			<rules>
				<reset>̨</reset>
				<s>̇</s>
				<reset before="primary">D</reset>
				<p>č</p>
				<t>Č</t>
				<reset before="primary">J</reset>
				<p>y</p>
				<t>Y</t>
				<reset before="primary">T</reset>
				<p>š</p>
				<t>Š</t>
				<reset before="primary">Ʒ</reset>
				<p>ž</p>
				<t>Ž</t>
			</rules>
		</collation  >
	</collations>
</ldml>
