<?xml version="1.0" encoding="UTF-8" ?>
<!DOCTYPE ldml SYSTEM "http://www.unicode.org/cldr/dtd/1.1/ldml.dtd">
<ldml>
	<identity>
		<version number="1.1.1"/>
		<generation date="2004-07-12" />
		<language type="ro" /> 
	</identity>
	<collations>
		<collation type="standard" >
			<rules>
				<reset>A</reset>
				<p>ă</p>
				<t>Ă</t>
				<p>â</p>
				<t>Â</t>
				<reset>D</reset>
				<p>đ</p>
				<t>Đ</t>
				<reset>I</reset>
				<p>î</p>
				<t>Î</t>
				<reset>S</reset>
				<p>ş</p>
				<i>ș</i>
				<t>Ş</t>
				<i>Ș</i>
				<reset>T</reset>
				<p>ţ</p>
				<i>ț</i>
				<t>Ţ</t>
				<i>Ț</i>
				<reset>Z</reset>
				<p>ż</p>
				<t>Ż</t>
			</rules>
		</collation  >
	</collations>
</ldml>
