<?xml version="1.0" encoding="UTF-8" ?>
<!DOCTYPE ldml SYSTEM "http://www.unicode.org/cldr/dtd/1.1/ldml.dtd">
<ldml>
	<identity>
		<version number="1.1.1"/>
		<generation date="2004-07-12" />
		<language type="sl" /> 
	</identity>
	<collations>
		<collation type="standard" >
			<rules>
				<reset>C</reset>
				<p>č</p>
				<t>Č</t>
				<p>ć</p>
				<t>Ć</t>
				<reset>S</reset>
				<p>š</p>
				<t>Š</t>
				<reset>Z</reset>
				<p>ž</p>
				<t>Ž</t>
			</rules>
		</collation  >
	</collations>
</ldml>
