<?xml version="1.0" encoding="UTF-8" ?>
<!DOCTYPE ldml SYSTEM "http://www.unicode.org/cldr/dtd/1.1/ldml.dtd">
<ldml>
	<identity>
		<version number="1.1.1"/>
		<generation date="2004-07-12" />
		<language type="th" /> 
	</identity>
	<collations>
		<collation type="standard" >
			<settings normalization="on"  />
			<rules>
				<reset>ฤ</reset>
				<p>ฤๅ</p>
				<reset>ฦ</reset>
				<p>ฦๅ</p>
				<reset>ไ</reset>
				<p>ๅ</p>
				<reset before="secondary">็</reset>
				<s>๎</s>
				<reset>๋</reset>
				<sc>์ํ</sc>
				<reset><last_secondary_ignorable/></reset>
				<tc> -.</tc>
				<t>...</t>
				<tc>ฯๆ๏๚๛</tc>
			</rules>
		</collation  >
	</collations>
</ldml>
