<?xml version="1.0" encoding="UTF-8" ?>
<!DOCTYPE ldml SYSTEM "http://www.unicode.org/cldr/dtd/1.1/ldml.dtd">
<ldml>
	<identity>
		<version number="1.1.1"/>
		<generation date="2004-07-12" />
		<language type="vi" /> 
	</identity>
	<collations>
		<collation type="standard" >
			<settings normalization="on"  />
			<rules>
				<reset>̀</reset>
				<sc>̣̉̃́</sc>
				<reset>a</reset>
				<p>ă</p>
				<t>Ă</t>
				<p>â</p>
				<t>Â</t>
				<reset>d</reset>
				<p>đ</p>
				<t>Đ</t>
				<reset>e</reset>
				<p>ê</p>
				<t>Ê</t>
				<reset>o</reset>
				<p>ô</p>
				<t>Ô</t>
				<p>ơ</p>
				<t>Ơ</t>
				<reset>u</reset>
				<p>ư</p>
				<t>Ư</t>
			</rules>
		</collation  >
	</collations>
</ldml>
